recommendation_id,elapsed_time,new_predicted_output,new_predicted_uncertainty,current_trained_hps,average_rmse,plasma_duration,precursor_dose_time,process_pressure,ALD_purge_time,plasma_pressure,RF_power_setpoint,plasma_prep_time,plasma_purge_time,H2_plasma_flow_rate,Ar_process_flow_rate,ALD_purge_flow_rate,ALD_prep_time,campaign_id
0tdv8gw9v1t5s000qz0dnddzwm,27.563597900007153,0.041401273023314096,0.001674076555169592,"[0.001741046108198004, 0.8950143045802376, 0.30068535987681677, 1.4960064397079291, 1.4973303582672914, 1.4994632627764657, 1.499902164218105, 0.5504586912145523, 1.4896789381950968, 1.498903114044652, 1.4979362556053601, 0.6981474568084085, 1.4996070092191212, 0.0521060968929587]",0.032898714400360296,4998.886368223183,100.03511995516389,5.100227744614363,4996.113881814816,299.7960826676068,299.4611910762852,4999.817392481041,21.34655305119539,99.85390133578974,25.12205525137498,19.990827201395554,3998.193114726388,0tdv8ge7ndve5000dygb2eq7p0
0tdv8vepknrj10007m19af3rzr,12.929132499994012,0.03074403085623456,0.0016248174568167374,"[0.001737415123405417, 1.43439921724539, 0.3005293935288913, 1.491881977919756, 1.4968721378511096, 1.498831233579462, 1.4848738078478427, 0.9082019544033351, 1.4896022162369777, 1.4981817761476113, 1.4991936771290915, 0.5511661668395316, 1.499133908590862, 0.04441223260801808]",0.06657390105835893,102.91340517216317,105.66428341226393,5.064857354479419,5.298170106699105,299.5905452853945,299.54625369849776,4997.906299072876,16.798934033140295,99.97935741501774,89.95260949719756,1.0014502782153452,100.89918211048051,0tdv8ge7ndve5000dygb2eq7p0
0tdv8ynhm9tbk000rjryafpemw,11.028662299999269,0.05190709928482533,0.001544977169039004,"[0.0016665796574956964, 1.3692366651041248, 0.300410962201081, 1.4999794534746462, 1.4987381958841173, 1.4949274563471702, 1.4896491065924997, 0.8418514217709384, 1.4945992581999137, 1.4989156676026076, 1.4988859688037866, 0.6039603190965669, 1.499163434665793, 0.040668974032494615]",0.030623981218586654,4994.110622187607,4999.866715672862,299.5085804735758,4994.048268909025,299.9569191037641,25.13001547665821,11.596051224352832,16.795171099238917,25.066895740300414,25.103204553831198,1.0047957046790583,3999.4958094722374,0tdv8ge7ndve5000dygb2eq7p0
0tdv996nkhv77000g5akabfe2w,13.060707500000717,0.03002746894411258,0.0014678574888429185,"[0.0016218149598214385, 1.496019921622133, 0.3001425004047643, 1.490531130262161, 1.499737016702139, 1.4977383279779026, 1.437815633902559, 1.2102476558711293, 1.496706949037379, 1.4974063478797246, 1.4996057845919422, 0.5055380194198515, 1.4992317027001243, 0.03792483970598434]",0.03374283290496179,4997.2368927933885,1744.855281764094,299.893584365249,6.598722251616713,299.9787442755996,299.87668707378674,11.106858877319036,10.07856767075337,25.00473536309941,25.03206589676299,1.0012019596488648,3997.558910207501,0tdv8ge7ndve5000dygb2eq7p0
0tdv9ejj9nxrh000434vq4pdxw,13.56342130000121,0.030923386943308952,0.0014087230529993108,"[0.0015488355971385488, 1.496905997534709, 0.3001545283601813, 1.4169678863170794, 1.4997242129017172, 1.497039114341353, 1.0211721747400793, 1.4617446558532265, 1.4959182593267977, 1.4992107905904164, 1.4974782242381102, 0.5137582684851217, 1.4983807644473823, 0.036778056092781654]",0.030456289972227556,4993.091211811022,100.73321753028922,299.84088845776586,4990.469134188848,25.075830567426575,25.237188639347284,12.767880449195648,9999.239050079621,99.97246013488835,89.98007494955321,19.995386879761806,3996.5270744292607,0tdv8ge7ndve5000dygb2eq7p0
0tdv9v3cw9r8x000rcyn4adcd4,13.366388399997959,0.027695852977230748,0.0013108680016215794,"[0.0015245822027608914, 1.497875396549249, 0.30056768538073764, 1.4876818361858108, 1.498371511787346, 1.4992325217411775, 1.4793197599366423, 1.4932339969392938, 1.499067694037444, 1.4981223730742395, 1.4947833806260982, 0.5043921861237013, 1.4984386580649458, 0.03373699442766135]",0.024761785713568567,4999.207986505368,1932.658045513812,5.0290630418092235,4999.2785043333215,299.9252736998812,25.044027899296037,4995.6586151194915,13.005853861309744,25.000277692510224,89.95080498978356,1.0002294126977058,105.5098415768492,0tdv8ge7ndve5000dygb2eq7p0
0tdva4vbnnxk30005yv1kxqfcr,11.811705799991614,0.047459406856915506,0.0013439395805339644,"[0.0014932224189023978, 1.498592134528773, 0.3003433706102081, 1.017950530948116, 1.498513713402458, 1.495257618696284, 1.0843830588534895, 1.4869271284485999, 1.4829521785474828, 1.4993131574146035, 1.4955636751104269, 0.6181675875024294, 1.4994840885925174, 0.03610226951601847]",0.05840756225483967,102.7493750620727,4999.944309973378,5.098168109248013,4984.124757090229,25.104261382648648,25.020268336169384,4999.74731027801,49.00618195733367,25.215363518305526,25.14594035616999,1.0055839069011883,109.77258033783261,0tdv8ge7ndve5000dygb2eq7p0
0tdvadw5gdr4s000ssn7ddqgfg,11.126798099998268,0.029065313796952517,0.0012887147976243436,"[0.0014484603480260216, 1.4989158274795118, 0.30409743967457337, 0.8171159451306342, 1.4958453971001884, 1.499637619330413, 0.9164973925195432, 1.4951020487182687, 1.49910504927957, 1.4973281012462945, 1.496389536933314, 0.8036209586293004, 1.4976581884121232, 0.03872301578259019]",0.03356423535290024,109.94461597972548,101.83310482800246,5.150815128274533,7.421984372307372,299.7792489197516,25.000898086825835,15.181856897704657,9998.69337191466,99.80156393988783,25.050763514583025,19.996142173103024,105.87661619505816,0tdv8ge7ndve5000dygb2eq7p0
0tdvak3cqsxhk000r89ee4xrr8,14.21321450000687,0.02013247301543999,0.0012317837877039264,"[0.001405746833558071, 1.4980011313793076, 0.3008595818529787, 0.8824648744164919, 1.49936844500516, 1.490782184342484, 1.1166620972066377, 1.4984534006582633, 1.4999869423420367, 1.4943892215210326, 1.4977270866403378, 0.7909734323083992, 1.4989643446379106, 0.03643121532336607]",0.06562434075009381,118.32791232399666,101.69215224835534,299.9315295781809,4983.228579087206,299.74841516245243,25.29441305915372,4999.063789139344,12.482946075188528,99.82142903612916,25.06588466287098,1.0053730866407518,105.43137479694649,0tdv8ge7ndve5000dygb2eq7p0
0tdvat7jvnsck000syg7ke1a5r,12.559175599992159,0.04885713371877438,0.0011716580579980392,"[0.0013716317655264373, 1.4970387626698933, 0.3011019679397736, 0.9331759856899214, 1.4990026961080103, 1.4992415983453329, 1.3016969562514569, 1.495337893912509, 1.4982746922447638, 1.4961908680069018, 1.49894130448423, 0.7772772039876459, 1.4986798035412354, 0.03568001947143683]",0.035107359240536644,112.13140506023363,2610.9881452432696,5.2349763517753045,4982.789820470625,299.61252054732057,25.517787407366484,4998.971901550676,10.904495248824611,25.11426977114347,25.009900972591108,19.99982039264307,3999.2666446735116,0tdv8ge7ndve5000dygb2eq7p0
0tdvb3vwedwpd00068jqts3fa8,12.75196500000311,0.02263054341715487,0.0011385640886138744,"[0.0013425647096505563, 1.49641845940466, 0.30093676363920974, 0.964145154321704, 1.4977042395509572, 1.4990879484672668, 1.2501666757504735, 1.4971381955768401, 1.4938120237607033, 1.499384484346003, 1.4993017859666324, 0.780649443726072, 1.4990446578454868, 0.03580708108496494]",0.04962622150701325,101.42403253666258,1534.0334381866342,5.0199401696537915,4997.496839874402,299.7350406368027,299.82871585975846,13.92825711048045,9995.592372666359,25.015590773783533,89.94641052955004,1.004623214594347,3997.91098007194,0tdv8ge7ndve5000dygb2eq7p0
0tdvbf1e4xxv90004s8hz7aza8,13.230063599999994,0.016855298623858813,0.0011540110054536802,"[0.0013582077937973804, 1.4902464446711627, 0.300223179544153, 0.8198669865630571, 1.4995435708736915, 1.4974399466311898, 1.4848350429341606, 1.494734315932802, 1.4960584325409905, 1.4971335935698882, 1.4992329517611298, 0.7431091315005771, 1.4998501012036798, 0.036974537858822695]",0.03575552267138497,4999.43073552471,1510.3102848534372,299.98240072485845,13.57535464556437,25.065572752282122,299.79401840156606,4991.379567193233,9993.020489948856,99.99233525062115,89.97310893399121,1.0088244460443168,103.74473271933607,0tdv8ge7ndve5000dygb2eq7p0
0tdvbrm6sxwc30005bxq750pvc,12.071549799991772,0.04961921082975771,0.0010978288473899459,"[0.0012934211945689437, 1.4986962688536756, 0.30057549050544785, 0.8436215921632737, 1.498278659190285, 1.497708856556877, 1.4803655700389626, 1.4904598473428659, 1.496894492696168, 1.492574815827303, 1.4988239669226913, 0.7505035637280217, 1.4996500647603086, 0.03687929329230139]",0.05511346516810542,4998.319061915132,2741.499201387773,5.0985095329774675,6.670747831369444,25.107060189611826,299.87532746623975,4998.629744843709,15.974987296343757,25.0042992381379,25.059103150444827,19.99885938587812,101.43445651468687,0tdv8ge7ndve5000dygb2eq7p0
0tdvbys4dhsss0009bad14xq1r,11.350032200003625,0.0737688138841134,0.001315090105381827,"[0.0015381758604313643, 1.4324420230728627, 0.37784286811311574, 0.6783725832333318, 1.497187534372519, 1.495839175952819, 1.496291413603499, 1.4980918424289156, 1.4918642888508786, 1.498526347547966, 1.4946632686071373, 0.9089844424016494, 1.4994968166000304, 0.04188644250635418]",0.02591326257382245,100.35446876673223,4998.442673043184,5.0817518752767805,4991.7869153442625,299.6360622386358,299.71511766239894,4988.0600669804335,9997.307144812214,25.002053871255768,89.98515193753217,19.99888497676918,3997.064280539066,0tdv8ge7ndve5000dygb2eq7p0
0tdvbz9de9v3s000whmx1tya6m,12.011714799999027,0.06314821113514618,0.0014645130395773737,"[0.001684635212242597, 0.7120408910168899, 0.4576154339219783, 0.7870068699564813, 1.499944567939154, 1.2956874125814875, 1.499895626028142, 1.4944133107265998, 1.4897969677162777, 1.496244013444204, 1.4975420984688126, 1.3195803421155452, 1.487239682452766, 0.037032238408781316]",0.04748835861003044,4999.572960688931,4998.8551542910955,299.9548080503439,4959.650063852357,25.053084183475335,299.9254600494827,20.442015400235796,9986.457219305274,25.002783288078746,25.21107919980842,19.998795440704914,103.65836059185301,0tdv8ge7ndve5000dygb2eq7p0
0tdvcc3ymxtrq000tpxzvs9p6m,9.570733000000473,0.032467993122087216,0.0014033837957163717,"[0.0016497164112456372, 0.7727744483018247, 0.4510392700517543, 1.0621243421198825, 1.4998194801024218, 1.4524293176586118, 1.4978967157387997, 1.4947928778685835, 1.4897165399137915, 1.4984137531299617, 1.494262256167968, 1.0694819443648986, 1.3108521127333927, 0.038703413535509976]",0.028985870789770624,4999.857801345568,100.11874558465841,5.0762898142729505,11.659354369288772,299.9535725311818,299.9572347410294,17.412628572782165,9989.805521565917,25.04501283176844,89.91058768200325,19.992989304747443,102.79522270735231,0tdv8ge7ndve5000dygb2eq7p0
0tdvccm18sy09000phje4dc870,11.626857900002506,0.01812387394669071,0.0013743085811222667,"[0.0016253635634287077, 0.8493948709742556, 0.41990277514739627, 1.2316201392441393, 1.4987744504676266, 1.4091025655555598, 1.4964040903273341, 1.4942480780117113, 1.4874303508920994, 1.4986437884020858, 1.4871472347371064, 0.9999986063726986, 1.4277461317712499, 0.036058728088240406]",0.02981501489985774,100.86222049808153,101.1475288974464,299.9307801602489,14.636888139624801,25.033770479417633,299.3733581068047,24.58411382314821,15.207074825619184,99.58537165178876,25.02196215376646,19.99129252602497,3997.571934723636,0tdv8ge7ndve5000dygb2eq7p0
0tdvcfdmt5ts5000xvs9j1saa8,11.860894600002212,0.03809961250501524,0.0012749758136690874,"[0.00157908349775031, 0.8880109561384784, 0.42045857443668283, 1.221601698644987, 1.4992332082065079, 1.4693449862245322, 1.4969942249417612, 1.4974422104505496, 1.4994374978635385, 1.4920843458357929, 1.4967562820510525, 0.9701950155224531, 1.4741705588804324, 0.03546213139597794]",0.03572515362473452,4998.350668767005,2017.0141785560807,299.93261995015644,12.979886829899,299.6584100980161,25.096209365888104,4999.434756495778,9996.762120909823,25.009481748707568,25.03081805137277,19.997396469770223,3998.174806131785,0tdv8ge7ndve5000dygb2eq7p0
0tdvctn4zszn5000970f6ns9zc,9.003890199994203,0.06192450391126417,0.0012522410555036879,"[0.0015242956348124614, 0.8779671231558654, 0.42381548363885485, 1.39785237786067, 1.4997976444781824, 1.4940483808876355, 1.4991495851536056, 1.4908697605390864, 1.488603653795872, 1.4961953502923795, 1.46083173381451, 0.9844957694107305, 1.4834904895860181, 0.03556625116399169]",0.028083046483244924,4998.609392639326,4998.484935599858,5.092007768077564,6.0562801822622045,299.609885165371,299.30072055914883,4993.772039436184,9999.170720394095,25.090597662312558,25.170186825096057,1.0090319267731642,114.852792918506,0tdv8ge7ndve5000dygb2eq7p0
0tdvd5m90xsxk000mbn12kvsp4,12.86243180000747,0.024279668513167187,0.0022236452304811097,"[0.002564729225942978, 0.5677872136901145, 0.4324068043030378, 0.9183116727817481, 1.4995603232480235, 1.4994029540233742, 1.4993814306990494, 1.4986200308396398, 1.4997892780154505, 1.4998294072092608, 1.4766401548298758, 1.4995858600668637, 0.9343569814972469, 0.046420445122724585]",0.04275692756122995,4997.931789141784,100.83888727746668,299.9237198409244,4998.856845939818,299.43311355380837,25.10226976140571,13.22497807998615,21.45221451070271,99.96254321666804,25.04651147170165,1.014733715739372,102.84153605140456,0tdv8ge7ndve5000dygb2eq7p0
0tdvdcqd6nv430009rem6m9d90,12.807276299994555,0.025859444858887953,0.002141385524433688,"[0.0025013736935410764, 0.566240540071546, 0.44539326682668207, 0.9171983464436758, 1.4981040912416914, 1.4988658341270154, 1.4986452289252892, 1.4979612595883824, 1.4980592754576092, 1.4997750320356487, 1.447607499930896, 1.4989169293600506, 1.0026123699327651, 0.04691120444134349]",0.03647830748076717,101.06633188076124,100.55010477280103,5.387398397521386,4996.468039701278,25.47598798592827,25.30104471767852,4991.252640467118,9994.08075003674,99.901645580304,89.95685402414048,19.9864387003022,3989.2970331321953,0tdv8ge7ndve5000dygb2eq7p0
0tdvdd8jmxy7f000kd8vxfr6mr,13.749155400000745,0.04040830538675584,0.002097142534825232,"[0.002454552524507214, 0.5825611096125713, 0.43675824833079246, 0.9704459030793123, 1.4995251496101112, 1.498068810376937, 1.499643887247839, 1.497643457130006, 1.498878694596447, 1.4998712174489475, 1.4721602929985287, 1.4987178082415906, 0.9904843055342298, 0.04493371355947465]",0.030760521551453233,100.88493010465301,4999.1865052155235,299.8579339853704,4995.372495796638,299.792738318866,26.516769865315776,4994.937138090284,9988.196673949611,99.99405986155348,25.025445492888245,1.0141866886204427,3999.098778927539,0tdv8ge7ndve5000dygb2eq7p0
0tdvdvqx1dyq3000bt143f49ng,14.227614999996149,0.07511764138156594,0.0020424241491452727,"[0.002411436604663541, 0.5929556091088293, 0.4530230944275283, 0.9971137959209329, 1.4994191868416227, 1.49739204422115, 1.499178168649598, 1.4965454861879701, 1.4999112641607417, 1.4994995971751999, 1.499287384863754, 1.4990589920201458, 0.934246006886231, 0.042562619948607744]",0.03445344132801184,4996.549046773835,4999.209807848375,299.6611843367762,8.783433350949899,25.962125043491213,26.859391248062703,10.47007145744581,13.055793960928332,99.94830377508892,89.97343483372826,1.0088829059427584,101.36203834013993,0tdv8ge7ndve5000dygb2eq7p0
0tdve0vezxvsx000cg4fd7mg2r,12.673839800001588,0.05627983268509462,0.002098824139586114,"[0.002433907455523923, 0.6436559377759395, 0.48738258734076584, 0.7665213757947541, 1.49866508343006, 1.4999309581621505, 1.4977744096689132, 1.499505961384262, 1.4968793271246699, 1.4980352454403394, 0.8933769614456557, 1.4982355552103237, 1.4912836664237865, 0.03988190224023186]",0.040918458446415854,100.1139526029566,4997.832948156169,5.088873958692952,7.46205874936405,299.67998253410343,299.9131870645673,17.15726358749355,14.345387621452577,99.95480984866835,25.01472199424919,1.0293766538862292,3993.9862391570387,0tdv8ge7ndve5000dygb2eq7p0
0tdve5jz6xzev000qva9svan00,13.784803500006092,0.01823147961473574,0.001966652407582107,"[0.0023441598822634066, 0.5226318344074652, 0.48833421499909335, 0.762419677493181, 1.4995720740779597, 1.4934072709278117, 1.4997634854439736, 1.4986972780109704, 1.4991132400811797, 1.4975096968166224, 1.2424560916852867, 1.4989454422586683, 1.4929281504422827, 0.03998823953126576]",0.046721041381321674,101.83829964291802,107.64449256104886,299.63894377696073,13.864906364162147,299.86200183550983,25.030846462130608,15.529426409030702,9977.45473045696,25.297952553411456,89.91571622247899,1.1305031174101408,3997.5844784014607,0tdv8ge7ndve5000dygb2eq7p0
0tdvec9ap1w6q000pn8swt9mv4,13.401528500005952,0.028076001325375646,0.001925770990134342,"[0.002322266108846026, 0.5245869096411109, 0.48863780798930617, 0.7859614814757929, 1.497161834610599, 1.496685926950291, 1.4982519186356282, 1.4997104288739964, 1.4928168194877722, 1.4957357162393574, 1.2132180208622585, 1.4982533509030573, 1.498395728070335, 0.03882589018719977]",0.025623366886143074,115.07830611656071,102.47774998752712,5.064251994643024,4997.403142615138,25.252488817693955,298.59645390664105,23.905023983654107,29.93190618195489,25.04740011655743,25.007721985422535,1.0790331462870353,133.62554918491966,0tdv8ge7ndve5000dygb2eq7p0
0tdvehgyg1y6f000yfbdep4jd4,14.109678799999529,0.021985929167081385,0.0018647788134135586,"[0.002246237343476891, 0.5114122916388717, 0.47711815446354877, 0.7658204515532365, 1.499091128759396, 1.4975294584609475, 1.499220150882107, 1.4969306702480203, 1.4986735222701042, 1.4996764253361414, 1.3276509469695859, 1.49957133222423, 1.4858691352200584, 0.039824179979625174]",0.08678687987722779,4981.465349837888,101.04033366654163,299.9389934322096,4995.298520766156,299.51722669944184,299.7448641859529,4998.1728316311755,41.47841733193591,25.13486349874398,89.9484967460686,19.98888881337452,100.42978701438129,0tdv8ge7ndve5000dygb2eq7p0
0tdvetj1z5r4s0009qkgr86acr,13.579138799992506,0.03864141611675269,0.0018006615884741766,"[0.002201959445945142, 0.5126629211162659, 0.4741558649724389, 0.7610009198110806, 1.4987261388421433, 1.4983543080899695, 1.4983172148012205, 1.4986317941272318, 1.497455906412621, 1.4986759087624564, 1.2491434191849233, 1.4983454629992607, 1.4996134265210506, 0.03852377992298804]",0.026783978940014955,4991.67107450241,101.652330560586,5.038540314022585,5.59076237219076,25.025326035483257,25.13015267643749,20.20719336406282,46.42722541922697,99.85445359327495,25.06565708407861,1.0415157883976662,116.7257758207583,0tdv8ge7ndve5000dygb2eq7p0
0tdvexv8bhxh3000rg9mr9ngkc,17.259711999999126,0.019685850461666037,0.0017301159287503802,"[0.002173182244810952, 0.4982204132913985, 0.4482505563792414, 0.7882590227694893, 1.499559825859319, 1.4969150510913551, 1.4996650895339778, 1.4939575933644376, 1.499211405540049, 1.4989595586730515, 1.4605551010260713, 1.499772064361069, 1.4922526828451415, 0.03856140485977218]",0.04902740640528998,2332.118280640251,100.32123612131332,5.0055865423769665,6.981872220175981,299.9959308516466,299.51491423010907,4997.799783797435,9991.636457216711,25.039763415295607,25.00026814016499,1.0059192382886348,3999.381468123536,0tdv8ge7ndve5000dygb2eq7p0
0tdvf7df61s5k000x8nj5q4pbg,15.243071400007466,0.08668048310765936,0.001774884886538993,"[0.0021226138110567137, 0.5116909061885675, 0.4440003953114099, 0.7736352929946702, 1.4998503247639918, 1.4958213889382581, 1.4971009638316417, 1.4960236496569665, 1.499649904333946, 1.498513499194116, 1.463449808349738, 1.4991182363425906, 1.4982149308739448, 0.03820055693250496]",0.030476272560148312,4997.463922169381,4999.489250390667,5.1233870641244605,4990.180032194251,25.72899719732885,299.70962697830447,10.203679671963588,17.95285610385211,25.25271908014818,89.81325959148259,19.974637235291915,3989.8886576341974,0tdv8ge7ndve5000dygb2eq7p0
0tdvf7ymbdxhb0008748fcst84,13.784871700001531,0.04573567869973641,0.0018605915923921162,"[0.002051764963539062, 1.1211690452011396, 0.3816744732434296, 1.3629788573757116, 1.499238299687773, 1.4996493873158656, 1.4954441802516356, 1.496321223360324, 1.4981979900714906, 1.497327652033624, 0.5132077292775239, 1.4990288446445408, 0.41984703147279745, 0.03328694590100324]",0.04464671593074317,4998.0507690805725,4999.87003103401,5.8693672206695995,8.76821911056537,25.055388349109055,299.7239825713926,4998.202763624259,9994.080158640876,25.02298070547624,25.008600615541464,19.988254300145528,3998.370011642833,0tdv8ge7ndve5000dygb2eq7p0
0tdvfmfgzssj30001mn2wwmz10,15.182946900007664,0.03943329482157794,0.0023690772455542963,"[0.002731514195591228, 0.6547261690154182, 0.4344819795938686, 0.8058303382085816, 1.4977076859740341, 1.499440824878419, 1.4998897661530304, 1.4970815712059462, 1.4982277367811556, 1.4965787258296348, 0.5086435741541794, 1.4996776191341894, 1.4997364107115796, 0.03657015552317683]",0.06182993614201603,4992.611677238184,4996.132872139718,299.5653030963165,4999.406211770998,299.1891089955319,299.9108712226774,51.31018599777698,9979.50565825809,25.07413681487004,89.99383904304128,19.916709283437775,100.63009578649836,0tdv8ge7ndve5000dygb2eq7p0
0tdvg1e539xnv000akprzjpjdr,16.678805200004717,0.0538232267864624,0.0023560884603823135,"[0.002737939455397277, 0.6585969246359403, 0.43890934071270243, 0.7677731016259011, 1.4958587497319713, 1.4998216714453876, 1.4984340977041146, 1.4950660087211833, 1.4968562983395373, 1.4993082759725005, 0.5468183279560799, 1.498672253924628, 1.4999699746571675, 0.03902179510474206]",0.0921732129534091,111.57822544769628,4999.903322942346,299.9055592662255,5.354131208724619,299.50085264729705,299.7803497735068,4996.892808742703,51.70314051972098,25.0407600661406,25.012344822618488,19.990986379451932,103.80156079641384,0tdv8ge7ndve5000dygb2eq7p0
0tdvg6n2n9rgs000jvpfw7xz58,16.83566559999599,0.031079708187241574,0.0022417342907475337,"[0.002761664913239009, 0.7792375979843648, 0.4294631990282968, 0.868517301432296, 1.4977611591239568, 1.4993741190006284, 1.4998274584611626, 1.486641570581326, 1.499139048574662, 1.4997151775963178, 0.5587211125063151, 1.4973093661830204, 1.499105332461852, 0.039472766641278856]",0.08981629368797389,4999.330972677124,2089.236323042437,299.9665850160879,10.388486595429814,299.82546673205235,25.264414612645712,12.006849012456625,14.071643955266417,25.032686096233334,89.97052087022169,1.0027834812882932,3999.457711792403,0tdv8ge7ndve5000dygb2eq7p0
0tdvgc5gchv8k000fe912f177w,15.230449099995894,0.07825119983354159,0.0022635231956542544,"[0.0026944097213647267, 0.757650939969833, 0.43055702799767187, 0.840673329400532, 1.4986481710094384, 1.4991931935446097, 1.4986965973275574, 1.4882831960652372, 1.497432733617018, 1.498908316136644, 0.5741157995816418, 1.4999055517913993, 1.4999963030179746, 0.03998965566566348]",0.03817805497576008,4995.04594158183,4996.8420336859,299.5842512094455,9.632294820151314,25.038061183251283,25.16553414960183,4999.785104131638,14.108060602837098,99.97488316358651,25.03013504414014,1.0204240518360481,100.20687213078467,0tdv8ge7ndve5000dygb2eq7p0
0tdvgkak89zhh000hxh2xhq2rc,17.13752449999447,0.01971037306498967,0.0022818042049543444,"[0.0026703029375232737, 0.7851556485736096, 0.43085418219484184, 0.7179998265007113, 1.4959140380519924, 1.4999367754018873, 1.4988764127415477, 1.4982062469409236, 1.4996875189867338, 1.4992333874406114, 0.5556067473862853, 1.4987964923934027, 1.499794718629588, 0.038818435709617585]",0.08847809434730075,101.0769477959502,100.25031292690628,299.9023014169642,4989.889384090629,25.176828961648734,299.85395337817704,17.146466393253398,26.74314374954637,99.9864532056767,89.96349237790402,1.0009415581354382,102.15920208357518,0tdv8ge7ndve5000dygb2eq7p0
0tdvgrhpddy3d000pzy2rasav0,15.233036600009655,0.03071898412175405,0.002249440776833701,"[0.0026009649966844406, 0.810003595637162, 0.43417062390397154, 0.7086614043824601, 1.4985724799358553, 1.4999325776213355, 1.4999221088619257, 1.49810250329675, 1.4976215799797563, 1.489898966307911, 0.5699135649834588, 1.4998196041605176, 1.4990826722862363, 0.03868952714289434]",0.0384073599684932,103.8515441221147,4997.421057812304,5.079081796803853,4999.648979657508,298.98644439498594,25.429556615811844,14.788900489648178,14.727696725003122,99.95967088218521,89.96201777775585,1.0129921657077428,103.21006600581336,0tdv8ge7ndve5000dygb2eq7p0
0tdvgzqhr5smk000zsbge4kz00,18.140483600000152,0.021020935194040736,0.0021838596530452475,"[0.0025893629938588403, 0.804450627002349, 0.4382037208836188, 0.7291111023831185, 1.4988862060985566, 1.4997779452564457, 1.497893115652804, 1.4996077708366116, 1.4973303102078186, 1.4978779667672164, 0.5688757731171872, 1.497323482287186, 1.4989717919869052, 0.03640424917784135]",0.03940860371515454,4997.7716465580015,100.49250429884216,299.8094044406653,5.585644847524513,25.01277051936241,299.8518857966246,4994.441403179708,9989.820116840297,99.9672733434883,25.01148586418514,19.999286664130125,100.42437125285893,0tdv8ge7ndve5000dygb2eq7p0
0tdvh8vdhxswf000twasn83s8w,17.75274409999838,0.020813216573518013,0.002117390726884493,"[0.0025051721885551645, 0.7873161641084474, 0.4293518266872878, 0.7163483359588971, 1.4983152337339694, 1.4997423608559675, 1.4983481586028662, 1.4963232711446233, 1.4987340955614175, 1.4928584957907938, 0.5679118682105943, 1.4997609676833745, 1.4989683328598353, 0.036445155425149034]",0.04121358400112452,4997.9369502262225,103.6322872616438,5.222603209047935,4997.526260359438,25.0493434320102,298.8130604587504,10.220683245961942,25.744633557889525,99.96291959675564,89.93411327236964,1.019390312791151,3989.623870700176,0tdv8ge7ndve5000dygb2eq7p0
0tdvhhgpp9stf000nr2j875bmr,15.474152599999798,0.02831287907869738,0.0020196175566419713,"[0.002481201694947137, 0.8084850171528468, 0.43108326882243914, 0.7373349342808043, 1.4979575585369362, 1.499940394709923, 1.4963205548751572, 1.49868986816359, 1.4992472366083556, 1.4961559329660004, 0.571638293841567, 1.497378864037015, 1.499703743132568, 0.03619369549283882]",0.058128572029669694,102.65185130749643,2638.6742777161735,299.7882513786932,7.139206658901053,25.21613895741134,25.15720557256454,12.531804897674284,12.254153005211943,25.134815098559177,25.015602812175835,1.0037026078586853,110.50144137341836,0tdv8ge7ndve5000dygb2eq7p0
0tdvhk8h1hwwf0001mv291dw64,19.649617300005048,0.05385329579154466,0.001966806470188823,"[0.0024438557594902155, 0.81251995577988, 0.435735020189839, 0.7226835479404845, 1.4951036181274038, 1.4989122723507355, 1.4988235953375362, 1.4966316236392123, 1.498610078892896, 1.4959233210559448, 0.5607198351709941, 1.4998660990040602, 1.499371276883082, 0.03770147702146624]",0.1056862971030911,103.5580003271203,2449.515828697689,5.0279497544376435,6.0673445711681815,25.299395876938927,299.6599866289368,4994.574822098902,9993.50409116621,99.99048540306077,25.005418497721664,19.98753872312006,3995.0400327736234,0tdv8ge7ndve5000dygb2eq7p0
0tdvhwwv8nz7h00004xyeq35qw,16.837097900002846,0.07655379023692496,0.002041621477179009,"[0.002646458279186449, 1.3669194706646377, 0.5049214070893375, 0.7606794087787541, 1.4961349421082932, 1.499121126977557, 1.4993216452932243, 1.497828222319697, 1.4930381296618778, 1.4991319527920388, 0.547536566244867, 1.495993803652185, 1.4990473564981506, 0.0381907792307752]",0.03300588200992042,4994.189610568389,4998.51530660341,299.7756862617364,5.954246464110785,299.83110162391375,299.5910663026435,20.144790062443683,9994.330761389581,99.94197450807665,44.8134289384828,19.995018673984596,3997.6304427847776,0tdv8ge7ndve5000dygb2eq7p0
0tdvj7fj91zcz000tdjk16j07g,17.60419159999583,0.014033096203566544,0.001992959238230412,"[0.0025691669015295016, 1.314673521799965, 0.49469904699345457, 0.7573972797920558, 1.4971456648736654, 1.4996271178789855, 1.4984503799979172, 1.4978733865856761, 1.498348266157563, 1.4953587160493769, 0.5595075391786636, 1.4996496643997859, 1.4986178975099969, 0.038363044964396686]",0.03546712383169115,102.59297382420372,102.93845608225482,299.7618982375944,8.34464944519966,25.011176553829088,25.2507389278619,4999.410487890711,12.748315127812106,99.44823066969222,89.90697399715252,19.934738844507716,3996.6975777348066,0tdv8ge7ndve5000dygb2eq7p0
0tdvjcaxadytb000v392f714wm,19.685842300008517,0.056865231200935874,0.0020497679423456716,"[0.002541329466637293, 1.3714915381278248, 0.4957843098936245, 0.7698713032081554, 1.4977001651827737, 1.4987655325303155, 1.4999558137138689, 1.496762655108959, 1.4967766745006084, 1.4997782051180943, 0.5577611118234258, 1.4975963520161106, 1.4994646768289963, 0.03803708719872788]",0.0492126828953314,4993.227512675234,4997.953916585091,5.016263521836864,14.632881200207496,25.458779739657125,25.264880122791684,4967.882591918416,9998.979191809653,99.94563436338343,89.98192820530663,19.998597757481228,103.85869296070268,0tdv8ge7ndve5000dygb2eq7p0
0tdvjcybv1zkx0005p9t1cjkp8,18.36350140000286,0.009843207383517027,0.0019741710914690197,"[0.002511257345216837, 1.4562399414748364, 0.501324826790561, 0.7585680021427079, 1.4961668787604334, 1.4997596952547607, 1.4976095320502016, 1.497812290350359, 1.4924081249479406, 1.494283741575066, 0.450071128237652, 1.4995461946123574, 1.499309650378895, 0.03561594061277766]",0.057296912010970764,4999.991457945,100.32699407716247,299.95603120079704,12.564696127804476,299.9819952167856,299.91419997139775,4998.222878897881,33.322346393810086,99.97831566262333,58.58648080460961,1.0037950342752135,3995.4221977558004,0tdv8ge7ndve5000dygb2eq7p0
0tdvjkq0gsw29000c7m3a58pcm,20.262000299990177,0.08190553597737453,0.001977179489517755,"[0.002457004538647209, 1.4338741377133266, 0.48587142850303733, 0.7443984346246897, 1.4979093915705044, 1.4998610583174359, 1.499491210672953, 1.4926415631127272, 1.4987755849465176, 1.4998786781506377, 0.4468007655089805, 1.4940148204580943, 1.4988944546886547, 0.034852200858250054]",0.062339675729647576,4999.46024601502,4999.075851607593,5.0675621683739855,7.441368318880347,299.82500941872985,25.03289860738138,4998.709560506847,11.568122055303299,25.016290084150203,60.02226785453469,1.0057943892824666,3999.5469102631123,0tdv8ge7ndve5000dygb2eq7p0
0tdvjwdhh5ydb000rsewes94fw,20.413224500007345,0.0289825367867727,0.0019339408045031812,"[0.0024791664658391707, 1.2629641147737547, 0.49088011914367974, 0.746370571631492, 1.4855932879637996, 1.499227031535682, 1.4997656823992327, 1.4998427769478284, 1.4986404608216883, 1.4984538277006803, 0.48072923836243636, 1.4981130033478514, 1.4993536951940598, 0.03578923267284423]",0.034050011691006445,4995.7381787916365,100.73339797294477,5.031323520467873,4997.375569717972,299.9466706274535,25.158920917934314,4999.8739803947265,9998.229393310572,25.005334116500475,50.57545626252572,19.99425805506497,100.41080202633884,0tdv8ge7ndve5000dygb2eq7p0
0tdvk9gjtxtc3000kbwfm02f8m,21.62178899999708,0.02618700698819137,0.0018925179794766279,"[0.0024344711458241727, 1.3018975004998201, 0.5020831481897345, 0.7517063544095146, 1.4965141399182542, 1.4997400551163556, 1.4997499004985926, 1.4857394619825932, 1.4982638473104495, 1.4968518733774168, 0.4952691720701305, 1.4990350741105387, 1.4998390283903005, 0.03499856271947317]",0.039231680612926104,103.21615015185895,2268.681461884551,5.072247151376577,10.155522319693812,25.398205172522545,25.064299885005447,10.086883549011846,15.506068456669446,25.04332787436305,89.97935160243003,19.997080126394017,102.65751185199181,0tdv8ge7ndve5000dygb2eq7p0
0tdvka4f7dv7q000tvm8qzqkv0,19.320981600001687,0.04185204405801878,0.0019285720859080464,"[0.0023990544403500944, 1.3111594797694874, 0.4963370211641081, 0.7491792140191887, 1.4929748711021662, 1.4998723599127701, 1.4978808535768557, 1.4941364613767607, 1.4996440321240057, 1.497242704137363, 0.4805177019540489, 1.4988096915974327, 1.4999375012854417, 0.03384217397979289]",0.02590547891286511,102.49016347600973,4997.803433701943,299.95748329732805,4998.687026975652,25.432478568482875,25.356545175118033,4988.828238754589,9999.264099888289,25.277020799160006,89.97358422629107,1.0196972366243022,3982.7936538102267,0tdv8ge7ndve5000dygb2eq7p0
0tdvkrpty9xyf000h3pxj1m4wc,19.809673299998394,0.014761054320052112,0.0018212285758661725,"[0.0023537100234825026, 1.2554549142137572, 0.48840139535300353, 0.7519687212627806, 1.488070706199398, 1.4999537766352913, 1.4991068781048784, 1.4882006946705972, 1.4997714620221538, 1.4948650023426184, 0.47803095766395726, 1.4999080946614385, 1.4998738822412783, 0.03515298459582232]",0.051194318442113196,101.0065961931414,102.84703779206862,5.129694705534369,4995.647606045929,299.8320985708589,299.57900072085357,11.470615325040244,15.974420005481877,99.9910740737051,59.27873124335409,19.981243960886093,3998.729598165811,0tdv8ge7ndve5000dygb2eq7p0
0tdvkzgnf1yrf00004yjr2dsp8,19.8541908999905,0.04830940473089552,0.0017126423785007994,"[0.002307531318043475, 1.2844418545314116, 0.4967363341650024, 0.734337729493242, 1.495988291547441, 1.4997072601940626, 1.4991780834795776, 1.4982150437794144, 1.4986733017057647, 1.49878782972552, 0.47978370237830004, 1.4986883672588585, 1.4993697581360208, 0.03531333645118]",0.027426443227377858,103.49079756381836,2925.688759798716,5.025718768913282,4999.380671409973,299.9856507514522,299.74870314337727,4996.24205558767,12.512485460910835,25.046053163795314,58.35256692674227,1.0035695532603042,100.4537306322984,0tdv8ge7ndve5000dygb2eq7p0
0tdvm7xk15rpx000dyfdxdjpqm,23.861794500000542,0.04672909174770879,0.0018637588182861258,"[0.002425532988655728, 1.4979320695072453, 0.4997274185989741, 0.7169849401724399, 1.492023576761065, 1.4999468282789954, 1.499563762129916, 1.4961052500049374, 1.4971374214476119, 1.4973444868408765, 0.48132319641704474, 1.4993625695159092, 1.4994409214821474, 0.03537456033654063]",0.08223958643558121,4996.262891279922,3095.658764924477,299.9319047525121,4998.301333885442,25.114722940389242,299.91767131152227,4985.579895316618,11.665332445374474,99.98465164260237,25.011727795373368,19.991372136689076,3997.62901759918,0tdv8ge7ndve5000dygb2eq7p0
0tdvmkt1mhr8n000y37f53dpvr,22.605674399994314,0.07067780922535402,0.0018196566065173685,"[0.0023526223045301775, 1.497596749428999, 0.48382031733521486, 0.718265850582703, 1.496763868582257, 1.4998294523790157, 1.496483065841178, 1.495404631355112, 1.4936376117226968, 1.494880183046197, 0.47975671904955536, 1.495778137956987, 1.4998124222742526, 0.03556570089793838]",0.09385600748349196,4995.299319737635,2515.0611886206416,5.326094088287351,4997.020779727356,299.9722203899757,25.067455522917363,21.321945741745264,9881.94835456719,25.06528416137618,25.06400083657988,1.049708353152392,3995.4709867208335,0tdv8ge7ndve5000dygb2eq7p0
0tdvn1c11nyaf00090q20rs1bg,21.521357700024964,0.02031844066378027,0.0018299006219812516,"[0.002366118514612256, 1.4867743735692918, 0.4950366715050598, 0.7026412612081292, 1.495468792074989, 1.498980469101947, 1.497737383442372, 1.4920966228604982, 1.4900112495596318, 1.4985575014342047, 0.48341076918188686, 1.4971882887712207, 1.499770819144779, 0.03625643477627184]",0.034875286946294305,4993.224537282631,107.37754798293801,299.9308464441901,4999.380658924185,25.06434347702444,25.313674881803912,4980.948874104949,45.53634811840733,25.054514760407766,25.046268871413805,19.97850334321058,3991.962936614619,0tdv8ge7ndve5000dygb2eq7p0
0tdvnc3jxsxa1000wdtbqw4njr,23.101754100003745,0.012073167318160563,0.001775162198337233,"[0.0023593313901009993, 1.4939141522113308, 0.4997992064756995, 0.7055419128447541, 1.4986301257562, 1.4993970647591914, 1.4978470106883277, 1.4928333034288157, 1.4941304710076415, 1.4962764218543132, 0.4817238615778723, 1.4999145858917569, 1.4989615834774876, 0.035822623322130764]",0.05930273451234221,4995.810267924487,100.56318702395286,299.9736014669278,7.716846695043125,299.9832996250673,25.12145161557027,16.63883896302823,9984.083113161509,99.96927558761001,59.32192089826943,19.97415975716911,102.66170319261187,0tdv8ge7ndve5000dygb2eq7p0
0tdvnkbd1dzbs000sbtjzw7rpw,23.90786209999351,0.028149988893294835,0.0017101224556444852,"[0.002310756316074178, 1.497890013088269, 0.5042348595901182, 0.6989502179535465, 1.497156445939034, 1.4990041521584345, 1.4994509726012921, 1.497303761664369, 1.4975241109935307, 1.4995430279006263, 0.4824161109993637, 1.498392236516362, 1.4992235930712066, 0.03447933993895434]",0.06353735530398386,100.52673240139703,2833.664014043327,299.76686103247374,4999.312486429925,299.0029949553386,25.0238861771911,23.058531515317945,9977.76929945778,99.95457253311068,25.036591801529788,19.980151393800085,101.63595192031357,0tdv8ge7ndve5000dygb2eq7p0
0tdvnxmcw9yrs000thvahcsehm,22.89424309998867,0.07128086756458138,0.0017802370261697739,"[0.0023394601644852256, 1.4941448686535526, 0.47428037531159584, 0.6778405799841173, 1.4980946060199116, 1.4992226245331577, 1.4998665702540592, 1.4866302670392377, 1.4920106211693098, 1.4958504868705427, 0.4721444927463291, 1.4980791318873572, 1.4997519586608838, 0.03567147642651508]",0.023512907192127595,4994.749652971136,4997.688571790588,299.875671216726,4999.951874531441,299.68695859729695,25.486531257112457,4997.2405585523575,14.59960895224075,25.070370363213407,58.183729942357395,19.98717259400632,106.18030067725293,0tdv8ge7ndve5000dygb2eq7p0
0tdvp8ppvds3n000c036ac8ber,21.849085199995898,0.04239854846435517,0.0017382179920151558,"[0.002334920905626592, 1.4899851165389657, 0.48269316312140825, 0.7493416345511069, 1.495435316577116, 1.4983875571637495, 1.4993320213016383, 1.4983433938744075, 1.4999261476466743, 1.4973705510138977, 0.4797868323522355, 1.4964573112869477, 1.4993268667140063, 0.03644806561024068]",0.04702091928608461,143.53346866163153,4968.458084072007,290.4853761738455,4984.744262637128,298.07128334049855,25.579419261340647,82.90213320806973,9906.317250104861,99.30427086118992,89.94306221199545,18.687768952284877,3944.943754702717,0tdv8ge7ndve5000dygb2eq7p0
0tdvpn9yjxy7x000k1mkpsaf4m,19.4458283999993,0.09473935094574684,0.0017659364715076912,"[0.0023398003915211033, 1.49957135866979, 0.4760667048626917, 0.6770645946058267, 1.4968086688916995, 1.4997047686495386, 1.4997324052777543, 1.4911127753982003, 1.4963613835803344, 1.4938312644505274, 0.47379480918861017, 1.4935588999647609, 1.4972157966713346, 0.03794152677392079]",0.030493801640726452,102.24565128877475,4997.389356576996,5.002918903684477,6.631034402364168,299.2219000382157,299.3451152567259,15.035580118134275,9971.217058778797,25.12875956553816,58.32094039266112,19.965558022769912,103.92106443462532,0tdv8ge7ndve5000dygb2eq7p0
0tdvpwgyksv7b000qrzp4p95yr,20.98171250001178,0.10517293803129045,0.0018283628057607787,"[0.002281691246971411, 1.4915621548429, 0.4656079111434135, 0.6428224624210759, 1.4955325089371858, 1.499876562211313, 1.499802803840772, 0.9114357712717737, 1.4944074578728692, 1.496943673675227, 0.4920378784308621, 1.499984415881142, 1.4992013179563788, 0.03674438894879967]",0.026727254532788722,4990.962288218102,4999.049165578658,5.303508816312201,16.339363943366926,25.22960999781612,25.291461313048888,16.671902578599312,14.050827473756508,25.171696877435867,25.005543672144253,19.991553245699436,3996.7134613913395,0tdv8ge7ndve5000dygb2eq7p0
0tdvq3br89t9h0009ct204603w,25.3495002000127,0.028806892886844522,0.001851755914239432,"[0.0022916102427817664, 0.9372857333200303, 0.39866276579880544, 0.5620135402644155, 1.4986409367824662, 1.4990649759014807, 1.4987622352074657, 1.4983059113410908, 1.4996929774691674, 1.4990122655054714, 0.4768858367173073, 1.4923842874257576, 1.4986213055489641, 0.03990592611699424]",0.04658505727445664,4993.061602775069,2898.0255729613295,5.486254799254043,4998.612224148387,299.9918001300363,299.95788165676504,10.6305058113592,9995.208635313953,99.864135335877,89.98400564351819,19.981984970462772,100.36866854530079,0tdv8ge7ndve5000dygb2eq7p0
0tdvq42xzht9x000bmxvsm5z08,25.788440599979367,0.025970855384065794,0.0017813052975455598,"[0.0022748504875158074, 1.0471249512716414, 0.43724151623991003, 0.572996641146026, 1.498859904757034, 1.4996686544696693, 1.4978473938485704, 1.49986759361743, 1.499845546743449, 1.4972804318404942, 0.45368861085187145, 1.4803761834082079, 1.4997961708755296, 0.039375658610273936]",0.04753689472633864,102.87620815160291,100.1458682611533,75.8802431982052,10.153448769889653,25.067885203199374,25.030281910799076,4990.692087086602,18.112003286797194,25.03142280695847,25.1004036072187,19.984798780571325,3996.717982790248,0tdv8ge7ndve5000dygb2eq7p0
0tdvq8ytrdrnf000k42zt6k0tc,20.986614099994767,0.03023635238041112,0.0017160168966556257,"[0.0022685674806752903, 1.0309241722858151, 0.4311810567952321, 0.5823546077287034, 1.4987763992536123, 1.4985466643607155, 1.4982068673629478, 1.497617106661489, 1.4970301992586905, 1.4997012591940502, 0.4572662129984023, 1.4994493831499818, 1.4986481984981943, 0.038531534898488456]",0.03608216990569546,102.11565921944573,2151.291771974633,146.8006303404551,4999.832846667333,299.9752879605925,299.9291449140407,11.788231300633084,13.464261259834148,99.99529957135336,25.003615939741263,1.0066794400220962,3998.015147673085,0tdv8ge7ndve5000dygb2eq7p0
0tdvqgnem9r1x000zqke0jga50,25.713752400013618,0.02002363520145289,0.0018050736728035146,"[0.0022163578804107673, 0.945893378640709, 0.4042214740870341, 0.568766169923391, 1.4985642451760022, 1.4999267871676956, 1.4986581229678495, 1.4982903956060147, 1.4999459070985395, 1.4807970214054678, 0.4598204338343454, 1.4990823621447797, 1.4986999564707435, 0.03963247626682084]",0.032123556201059826,4996.386643833904,101.60236975802964,5.510795300811363,5.669969822165141,25.75413094509788,25.02026545194164,4985.826190354783,24.995888561758473,25.178004632236345,89.98295788633422,19.96561867775843,3998.8536761223622,0tdv8ge7ndve5000dygb2eq7p0
0tdvqhc6dhyz9000ndzvmwnh8r,25.008978300000308,0.044520115765544384,0.001740634534343301,"[0.0022015396529915937, 0.9610154321164887, 0.40019882919361793, 0.564421584137909, 1.4989128866930486, 1.499596386496935, 1.4993796804800215, 1.4989391944586896, 1.4999768704326932, 1.4978767664884236, 0.45410049642837996, 1.4943637403046528, 1.4994436186869642, 0.03945796181606118]",0.05966538597126771,4996.741778747998,2927.355180901983,299.77721692737333,4999.7465445140215,25.009298362639466,299.9030097426783,14.723210044414422,9998.922653625186,25.107886240396315,62.59367061563067,1.0292676400989367,3999.9966064859314,0tdv8ge7ndve5000dygb2eq7p0
0tdvqz6q21wtk000esz9xb5fm0,25.44465580000542,0.02321773027434724,0.0017130353327383732,"[0.002197929976179673, 1.0272479943108452, 0.41007541752265075, 0.5843507051574248, 1.4980043876680578, 1.499650405861698, 1.499355000683948, 1.498087287160406, 1.4995062037191964, 1.497114889715292, 0.455334386218659, 1.4913763162565945, 1.4998741639113613, 0.039097854007360086]",0.03375903602719618,4999.901793281873,100.73129789741509,110.17045150099267,4998.037411994468,25.374348715033264,299.9170303891021,26.222665044460896,9999.433726212448,25.22726295103449,25.00411741355331,19.99103361967827,3997.0415834632227,0tdv8ge7ndve5000dygb2eq7p0
0tdvrby099x7h000kj4gmnzdy4,25.380082399991807,0.06435028440603774,0.0016562137328044481,"[0.0021633506721564083, 1.0165657872588414, 0.41574764029558753, 0.5750923514747939, 1.4958195852610632, 1.4992867603773474, 1.4992607506113083, 1.4994126186176444, 1.4992367243413551, 1.4989032833243416, 0.4653319091081176, 1.4916794668668865, 1.4998590031241077, 0.03922641164974504]",0.03694368148348412,4999.436058992105,2379.815006687175,131.68946890001888,5.725663247366274,299.9692488332084,25.028209683521425,4999.6766099149345,18.08393452300421,99.95435078086192,25.010680224737527,1.0025334603759886,102.9619798813101,0tdv8ge7ndve5000dygb2eq7p0
0tdvrj53z1tnx000a1v097g804,24.503291099972557,0.01880851979454823,0.0017128756124203533,"[0.002186697362262749, 1.0339063598806746, 0.4016118463754578, 0.5646427295489378, 1.4948711766457796, 1.498407261531342, 1.4994609434105381, 1.4999291197886333, 1.4993875475286629, 1.498276973486568, 0.4616505957746658, 1.4992423310379794, 1.4990644906932775, 0.0398553777553102]",0.03132088308870265,4999.641779524163,101.03048791117702,5.0485554634172845,9.283695906945507,25.10645809054614,299.4686188590072,4995.676301360996,9995.142431704746,99.99909672888357,59.68336746620413,1.0187566117951845,103.01462977537226,0tdv8ge7ndve5000dygb2eq7p0
0tdvrvdsc9ss1000gwmn19dk6c,27.46828820000519,0.02996415145504141,0.0016680851375467304,"[0.00217194709809157, 1.0815355239293225, 0.41529125257240873, 0.5626979013961038, 1.4925968765103819, 1.4999716822871663, 1.4980227226517564, 1.4986261837251078, 1.4999432418233691, 1.4964524313827599, 0.4504059725460236, 1.4936038735961978, 1.4996840346613063, 0.03877491540289707]",0.030775690615263265,4998.726022415031,2135.2956892572042,299.97202731791475,4994.4044217153905,25.179001374895865,25.009415193394577,4998.141244382021,14.510668582909025,99.97910882785533,64.98551065956751,19.99304245823831,101.85617961606624,0tdv8ge7ndve5000dygb2eq7p0
0tdvs5evbhv7f000k275amzqnc,25.17594650000683,0.012715466880551099,0.0017001386626223987,"[0.002154468691632827, 1.0772152192511417, 0.42186348856071504, 0.551771785572624, 1.4991836669322034, 1.4971460283586904, 1.4997220251260333, 1.4993685180512897, 1.4992503145376395, 1.4908564392107952, 0.44600857560027224, 1.429756712131694, 1.4999556843315665, 0.0388630174877113]",0.04150417775584038,4987.061521676811,102.06650912091142,140.29808515878196,4999.728460458477,299.88606858097313,25.447025260794423,4999.8234330590385,9994.549327293484,99.92177553627852,89.97936615313466,1.0004138869307735,102.24537248836481,0tdv8ge7ndve5000dygb2eq7p0
0tdvsjk5psrdn000t8q0ydt738,24.512764299986884,0.06753000368977652,0.0016251583627002366,"[0.002113920227956763, 1.0287272456889909, 0.4181615915823421, 0.5719126315657377, 1.4961614651441437, 1.4995534719304628, 1.499203475150822, 1.4992889289861975, 1.4987921561805053, 1.4947246106634746, 0.45214783912195144, 1.4699749695095297, 1.4998448958991557, 0.03969616530214368]",0.04861018050456075,4999.534870362844,2134.353061191514,5.016411000372564,5.608138609883572,299.96154575098757,299.99795713084245,10.715531126547146,13.812104351626022,25.048036699652634,55.14600862292955,19.99126383234935,3999.609940262659,0tdv8ge7ndve5000dygb2eq7p0
0tdvsrc609scq000k5av354ssr,29.837706100021023,0.09469025797186804,0.001741689766993974,"[0.0022177286261598067, 1.0637147759043006, 0.4248503501134589, 0.5664668237253979, 1.4992639652586752, 1.4997298556803367, 1.4983633766359892, 1.4997063779277955, 1.4989769972526183, 1.4999015857375475, 0.4303406800795304, 1.4957743624488997, 1.4988208114587533, 0.038491544149054174]",0.04647948089945688,4991.694691632898,4998.095118709536,5.263618451484465,4991.908384424309,25.189276789348625,299.8293147779165,17.831914223130873,9960.217143217129,99.9876821173004,52.430704004307955,1.0000166028304092,3988.95214782951,0tdv8ge7ndve5000dygb2eq7p0
0tdvt708yhs7k0001hznpeg9f4,26.254369200003566,0.014302784107126376,0.001803922871491133,"[0.0022376942384414386, 0.8965540314453587, 0.4207446929191966, 0.516132255868077, 1.4986612083972322, 1.4983808729726547, 1.499815374510457, 1.4999960754552526, 1.4991953457134142, 1.498169549001433, 0.44655036864151226, 1.499240364991805, 1.4984149802741398, 0.040548091466754616]",0.048754675480663354,100.34284651105662,104.76039409864914,299.85235456515363,15.602583337457185,299.90159901782835,299.9716105228619,4995.289779483922,9995.153873390203,25.104954841867457,25.067154461433653,1.0025652346015923,3989.380233830665,0tdv8ge7ndve5000dygb2eq7p0
0tdvtfxnvdt57000nmqh3psa54,29.904104399989592,0.04493531793480876,0.0017601393098310044,"[0.002229431207139386, 0.8925569183582314, 0.4182944782342287, 0.5064985862569953, 1.4982551526646422, 1.4996975852132486, 1.4997171026385254, 1.4976869337592464, 1.4993591227550644, 1.4987108907585944, 0.43212654565179276, 1.4998307526321422, 1.4968613753612037, 0.041265102965950554]",0.025666416866455925,4997.929586212318,4994.458746048367,117.46881444658757,4994.27744538566,299.89674914145985,25.014782363490387,4993.463266109671,9988.583528092793,25.07239322837012,89.99692263153996,1.0356337272997016,109.82204722107868,0tdv8ge7ndve5000dygb2eq7p0
0tdvtz15fdyx5000qq46h6s8k4,29.262274299981073,0.06505989243050042,0.001785504923211116,"[0.0022101288033790634, 0.8893385402892527, 0.4243992088902913, 0.5230954008507058, 1.4996150615785835, 1.4990295066679904, 1.497999283626195, 1.4994908675152505, 1.4997444910874376, 1.4982224605607974, 0.43414525673198995, 1.4887618965196072, 1.499682744363168, 0.04169742187389114]",0.040935821980456116,101.11196294898583,4999.508076054004,5.068682014830663,4989.8301341226015,25.039175862879308,25.438464232424376,4999.552063994917,13.885370388643162,99.85731477534779,58.74134600567458,19.990370583751435,3994.683454318816,0tdv8ge7ndve5000dygb2eq7p0
0tdvv9vdq1xk3000a8vhnnwyrg,29.920789700001478,0.023211198974684377,0.001789372716433238,"[0.0022168509905062944, 0.7847646422222753, 0.3965522922806456, 0.5008794238734515, 1.4998383629283465, 1.4985563031363052, 1.49972609419886, 1.499982780562026, 1.4993549790216973, 1.4981015713537202, 0.4531422707086204, 1.4985699185350017, 1.4989658254756457, 0.0400828705563917]",0.04792332730617607,103.74867657463595,2006.8814601622887,299.94683633156416,4998.454715004817,299.865622008521,299.8169602948404,4996.580210776449,9998.987048113613,99.98971033664044,89.99837197963308,1.0358428511246904,3999.7375135702455,0tdv8ge7ndve5000dygb2eq7p0
0tdvvqbn51r0q000wfj19yjh30,30.176799200009555,0.08469852233861536,0.0017815708445068118,"[0.0021610363455489556, 0.8065445850689162, 0.3964042010841675, 0.4972287240803692, 1.4970646082231336, 1.499581620597249, 1.4965618103842162, 1.4995509667539002, 1.4992596171097796, 1.4993681783623378, 0.45161228230578815, 1.4933333265181061, 1.499922765371694, 0.04050663746712334]",0.04312080589767039,100.15709360903604,4999.775072310125,149.82639240863026,4996.091725917597,25.04004069677182,299.8429195968254,12.838234961553717,9993.208350078208,25.054583568116726,25.00357225644114,19.99290997539006,3999.920301527416,0tdv8ge7ndve5000dygb2eq7p0
0tdvw440khycn000japa35yrfr,27.842059699993115,0.06734054150513515,0.0017045228778472205,"[0.002134111401629918, 0.8075507151894235, 0.39702430525638466, 0.49487168191166003, 1.4993492012384881, 1.4988778506718523, 1.4998266313354736, 1.4985159814287654, 1.4980001551803623, 1.4983277282230776, 0.4577967499587467, 1.4984026867506004, 1.4998823121902554, 0.040433738382361806]",0.035517915557236435,103.82871115474556,4999.052562489083,151.5267889350704,6.208296502161433,299.90494229134276,25.020565651981972,13.747381008316477,9999.943521775464,25.118849738962393,25.01043274948247,1.0007534910949742,101.53133989759559,0tdv8ge7ndve5000dygb2eq7p0
0tdvwbgdqnteh000b7s9q4wt7c,31.226647099974798,0.09886058553973691,0.0017604445417405622,"[0.0021808151572347417, 0.7474105294036921, 0.4008643436586019, 0.47221718276545416, 1.4991107747755126, 1.499452486135779, 1.499517677951711, 1.4999641464939915, 1.4956598513457546, 1.4979074689976226, 0.46871134581478513, 1.4940599681735591, 1.49971909507544, 0.0399405756597495]",0.04025454398253818,4999.610381893736,4999.616836740027,149.515424733379,4990.756511836346,299.67242202451,299.97236189599994,4997.69797302724,10.167894382872877,99.99195648637385,25.007840580124196,1.0104246649177515,3999.331581760206,0tdv8ge7ndve5000dygb2eq7p0
0tdvwrb0j5r2q000mekqq4cewr,35.28184490001877,0.017299258924899738,0.0018322299129219122,"[0.002103158055365567, 0.8277105780392483, 0.4000392961266493, 0.3002611030851784, 1.4994842321778095, 1.499855188839096, 1.4992432187827873, 1.4997473069821479, 1.4983922918214756, 1.4995457514631334, 0.4746280757048283, 1.495023422573091, 1.4996958438865602, 0.037473086144311205]",0.04037074270571695,4999.448781490199,100.94133433580326,160.9257784000186,12.60323652047428,25.279172538209444,299.828537654494,11.621775368145991,11.635779310267472,99.98449377264657,89.99836484443219,19.998620800772215,3999.1576588695357,0tdv8ge7ndve5000dygb2eq7p0
0tdvwxbe8xt2x000x5b3ryahzm,31.39946190000046,0.020247471581532926,0.0018504069681420682,"[0.002134367438809383, 0.8390681187892881, 0.4018045958589432, 0.30005237409811203, 1.4988434597202032, 1.4995759608532886, 1.4998370269461687, 1.4998037997066525, 1.4996418277550667, 1.4965212348744055, 0.46857191913539514, 1.4969653319098817, 1.4996738855323684, 0.03773463178736876]",0.0418482733311037,100.80153852525821,100.30403855628123,157.977054061856,10.62836456351528,299.98172036503144,299.9463711091936,4999.248914435643,9998.92100240313,99.9551871108739,25.040461371971915,19.999192450733858,104.26451150929348,0tdv8ge7ndve5000dygb2eq7p0
0tdvx4tr85ry90003v0sww6fkc,34.67262130000745,0.08104305259094609,0.0017788442672422254,"[0.002083492768656124, 0.8272730634254777, 0.40223974959086123, 0.3012807562409884, 1.4959296335008132, 1.4995452376730642, 1.4995375949043648, 1.4991405016122563, 1.494945315534836, 1.4947771770790412, 0.4637322147695944, 1.4993806625031358, 1.499423610352751, 0.03794916394969472]",0.033621528880100504,4998.936354468208,4995.159285617033,155.24351457418658,25.74788659335722,25.3429400585,299.35644148893357,14.210863291667742,33.57344090070988,25.06011729843629,25.10797800638814,19.93166425805226,101.22617594953627,0tdv8ge7ndve5000dygb2eq7p0
0tdvxa7jtny37000hrjqvbnrj8,29.633612700010417,0.01960667789597338,0.0018017633310561199,"[0.002114070995005393, 0.8384800718946908, 0.4017370246293676, 0.3350605141649158, 1.4995000467725141, 1.4996104644256094, 1.4998642513721183, 1.4999629969420467, 1.498966223134245, 1.4998617177883578, 0.46831698137191985, 1.4960318517573405, 1.4988372210315344, 0.03801269224375968]",0.06124395183782358,100.09467972719662,101.29779828766132,145.08783276139468,4996.259806705397,25.02723959478314,299.7263912402029,4995.739840770506,11.013883203354817,25.023356895930448,89.99650363246062,1.0065415701294018,3999.685422078677,0tdv8ge7ndve5000dygb2eq7p0
0tdvxk8kahtws000zyqmryq00c,37.54373659999692,0.01474792478150265,0.0017237862141676024,"[0.002077456362672446, 0.8271645509782771, 0.4077337819144885, 0.33810617212209193, 1.4953559295981753, 1.4989695068324027, 1.4988974028485125, 1.499555360689641, 1.4998958324055378, 1.4941505104984527, 0.47028708719170675, 1.4978073347902925, 1.4988997723449708, 0.03811505121080207]",0.02325598034258375,4999.265122826015,102.2141386343439,159.81905380884518,4997.804303296517,299.8286901297322,299.8314780878427,4995.672179597299,19.597695402900893,25.058452998097646,25.005205896582908,1.001103109833257,101.95582744176865,0tdv8ge7ndve5000dygb2eq7p0
0tdvxwk74ssmd00087173ceavm,31.227464299998246,0.05417204989682242,0.0016892811069313628,"[0.0020768972577542982, 0.8472399569027098, 0.39885187643452924, 0.34437695673965474, 1.4999250541867362, 1.4996912556580866, 1.498334195022252, 1.4995469341510455, 1.499657157293425, 1.4993707704487764, 0.4709405542855459, 1.494796629956352, 1.4992267842302087, 0.03824474828094977]",0.07157088954539335,4998.897591295879,2681.2071365130073,180.785802798526,5.248540472427286,25.04116293325084,25.0491152232201,10.356360377038667,9999.243119521956,99.91912472308816,25.006569676710285,19.994611406792064,3998.199171957048,0tdv8ge7ndve5000dygb2eq7p0
0tdvy6jbexvzz000q2shxc6d6g,34.443569199997,0.03488931987389198,0.001642410585372709,"[0.0020270592648990032, 0.8330428810082796, 0.4121910716980485, 0.38491119647239236, 1.4996633507856139, 1.4994082111014073, 1.4999278208682962, 1.499404781496391, 1.4998592450914985, 1.4957933307018094, 0.4726339084759401, 1.4958005920839765, 1.4999005683951663, 0.03780493858338034]",0.04017849723219279,4998.915681944271,2226.9972409639804,153.602415043142,4998.705150584415,25.19598692814738,299.89723479893536,10.280725760159939,15.68874054227361,25.04745496141182,89.98959624215337,1.0018374014725342,100.01730197383664,0tdv8ge7ndve5000dygb2eq7p0
0tdvyev4zxyws000s2dqmrrr4r,34.59212110002409,0.055899397877817864,0.0016706871342331113,"[0.002044741827550628, 0.820576231469783, 0.4136641401957522, 0.3804891685612575, 1.4989804638961626, 1.499501739526115, 1.4973260475074268, 1.4991817743278273, 1.4995758751347386, 1.4988689737068945, 0.47483865240826084, 1.4981617987772906, 1.499241149636097, 0.03830353556712511]",0.030631499338721797,101.01940626298274,4999.039160225359,162.92079105868896,6.801732267126815,25.92941053292124,25.11031363362519,4993.507381891981,11.059547051463847,99.93364135588924,25.00515806690218,19.993649741566667,3998.6388578733277,0tdv8ge7ndve5000dygb2eq7p0
0tdvynw00ssfn000ske0s6kp0c,35.625350399990566,0.046690873586481926,0.001640747826084721,"[0.0020443499187407232, 0.8624995934599672, 0.424893921673953, 0.38914229621008634, 1.499539260678651, 1.4991680811048642, 1.4982631474360555, 1.499844815401604, 1.4991086964912987, 1.4999450449410086, 0.46956445010543707, 1.320463904604558, 1.4981820689516208, 0.03885745222941768]",0.04588466366211648,117.72564585125,4992.883143472474,299.9680237709338,5.465934448795853,25.819341181853098,299.1969575912732,16.772411419500408,29.95860426293635,99.91450128116836,25.21577991543666,1.0863515737396503,3999.303402014982,0tdv8ge7ndve5000dygb2eq7p0
0tdvytxm81tfk000w8crp4ftgw,30.518736599973636,0.028230513362969747,0.001679549779086814,"[0.002074156684631283, 0.8793388454559457, 0.42435171579482056, 0.406973631003473, 1.4999203868146727, 1.499457413820672, 1.4992830361595648, 1.4997598748700804, 1.4998456449954483, 1.4999658565387954, 0.4779199409801767, 1.2605979723910485, 1.4987861257992745, 0.039024936626174386]",0.030854571412841435,130.7005345723035,4997.1826525825045,5.2995203948367315,11.183832506351909,25.045642538293407,299.83716198341835,4994.949103497141,37.02888995676879,25.04233541692863,89.9694894991854,1.0095789368449564,136.28601981588406,0tdv8ge7ndve5000dygb2eq7p0
0tdvz0d0y1yrq000yvvm3mkrxc,31.38282149998122,0.0337824415688039,0.0016516456679986167,"[0.002093603856424049, 0.9264821825396745, 0.43985774081403806, 0.41399034364399523, 1.4999819993442134, 1.4995569014559464, 1.4982400825209452, 1.4993757649099482, 1.4994687970601552, 1.496603860245092, 0.49463953706056113, 1.0658279417723946, 1.4990686852660597, 0.04022009743211935]",0.0352877770617002,4999.093874385577,2135.490190637338,155.01473399616674,4998.5652196457095,299.9584070667733,25.049945809320864,10.634527483560062,9981.755933069528,25.007696668633145,89.99864434618102,19.9997068259111,3998.8911075025826,0tdv8ge7ndve5000dygb2eq7p0
0tdvze0bfdsvx00014wbggebnc,31.32744009999442,0.021246169786527862,0.0016405893940447413,"[0.0021404406563781467, 0.9158911711795931, 0.4497142225267412, 0.38767386022927586, 1.498462617885409, 1.4973479376072705, 1.4981528349229212, 1.4993272303755505, 1.4981340872946338, 1.4972235312378692, 0.5159642583127761, 1.1149567135678975, 1.499889232200544, 0.039640655557944465]",0.06387671646608635,4996.976188658369,102.26279686790068,155.18377856381406,4999.384868964441,299.91061684264565,299.9635672665522,4993.576752883945,11.289328599098207,99.98882600548734,61.567028746142796,19.99198626123961,3999.784843121572,0tdv8ge7ndve5000dygb2eq7p0
0tdvzrxmy9vvf000a7g2hgtfk0,34.95888640001067,0.008173598134357925,0.0016845563025400477,"[0.0021061350462186906, 0.9064050860465025, 0.4468528400400428, 0.39233229880615483, 1.4986127254689523, 1.499936473178619, 1.4963743044440814, 1.4981104264394727, 1.499020697166301, 1.498471165939815, 0.5136994478742696, 1.1411765741788364, 1.4991407834391826, 0.03999762601460083]",0.026337554592955947,100.52430986426421,100.87085813020784,119.16990799651262,14.523477930739116,25.361473226229318,25.2924234906289,12.12752214999636,9995.181171198097,99.80856804938294,89.99065709211433,1.0056384338851858,107.785980846366,0tdv8ge7ndve5000dygb2eq7p0
0tdvzycjs1y31000w4nd52m78g,30.609293699992122,0.049535884620081586,0.0016940233040330062,"[0.002116990961906755, 0.9142511527310583, 0.4506421159144272, 0.4058138403056585, 1.498381177135954, 1.4999359170357804, 1.4989213036321087, 1.4988844080758408, 1.499420770857625, 1.4978999677765226, 0.5175168421031868, 1.0811214042912498, 1.4990380102385172, 0.03942975424132844]",0.034987578752553254,4999.0477793278305,4987.166467627567,299.8601835625272,8.260370057100454,299.41843405038105,299.95379350011734,4976.967772298125,9998.710737184769,25.14249132759747,89.95128157246873,1.0933816255681819,3991.3839250357214,0tdv8ge7ndve5000dygb2eq7p0
0tdw0b7ex9x4k000k9afk22n8w,38.15271970001049,0.02206491814621735,0.0016600709136858863,"[0.0020893128504281197, 0.9274790047947687, 0.4455806288036706, 0.39224151577575084, 1.498037816551026, 1.4996287078380877, 1.4986004192305287, 1.4996217419735034, 1.4970492962528883, 1.4988517590555994, 0.5141554646227334, 1.0393339112800564, 1.4996496692432626, 0.03965476868751207]",0.03399388113828338,101.94389453398198,104.22306571320786,193.59191797901457,4997.636171743772,299.0559306519833,25.043240081889245,10.396176480662648,9996.383704029473,25.02841931959808,25.00741207566194,19.97717499777651,3993.9989892580347,0tdv8ge7ndve5000dygb2eq7p0
0tdw0p5c3hyz7000zkdd4vmze0,33.93043969999417,0.04576897936572765,0.0016786572294466516,"[0.002070116240695398, 0.9124783444121894, 0.4544272224339438, 0.38743165142624636, 1.4996019300111016, 1.4994879765293643, 1.4977481084633415, 1.4975373092930786, 1.497341869073677, 1.4946366142239615, 0.5158474012039345, 1.0692017717280293, 1.4985759674691939, 0.03895988116149257]",0.03245865714986545,100.55707856643623,4999.740116149214,152.2453355486182,4997.939584774225,299.9938495633061,25.126169312611317,4999.633431291596,13.732244004858142,25.010543357687045,89.97965124722745,19.993232920429822,103.6065791209552,0tdv8ge7ndve5000dygb2eq7p0
0tdw0zjnanzhn000ktp6tpyy4g,36.27340720000211,0.10080800461076989,0.0016161037692941024,"[0.0020500385829040416, 0.9319900150802894, 0.4559271084979683, 0.3979623468357192, 1.4992855483925993, 1.4995860722595533, 1.4989112970365106, 1.4996686774758408, 1.4985124289814222, 1.4997129200834358, 0.5120969628981951, 1.0537020477162748, 1.4998807859194112, 0.039693766839242986]",0.03400355372603041,4997.777475906645,4997.5992494692655,163.47052808220315,4993.767511940137,299.9342263877074,25.01318209233193,4996.040265275446,9994.096037356454,25.036179508266077,25.07007452559484,19.990792947954258,3999.3727448846757,0tdv8ge7ndve5000dygb2eq7p0
0tdw1g931xz4k000691wnrww4r,33.51487869999255,0.007650673836150708,0.001597231819665295,"[0.0020518480505116454, 0.9625441604178949, 0.4434273395056672, 0.40707500299223276, 1.4986001862825327, 1.4997782407188085, 1.4995319648098664, 1.4991260770775439, 1.4999179389286799, 1.4973854866117084, 0.5266864690184346, 1.0421378369668686, 1.4995575607831473, 0.039180108370478806]",0.04658011318749694,100.11868114034074,100.83603819765494,181.80846206993866,9.943564067058437,25.016287125090724,25.313851223876863,10.018158364890438,9982.61893365859,99.98654527879467,25.0295821250663,1.0197940064884568,101.60269556523717,0tdv8ge7ndve5000dygb2eq7p0
0tdw1nrjr1wc3000ets017ybrr,32.65517920002458,0.01631872792845745,0.0015995659375393175,"[0.0020238283547723973, 0.9328820870690052, 0.4491403567400774, 0.4093593211376395, 1.4989955298598967, 1.4995771443732138, 1.4991762283810117, 1.4987310571975563, 1.4965478770884753, 1.4988007336373084, 0.5125667979452345, 1.039761837490369, 1.499903602002453, 0.03897697960294237]",0.03272370577870923,206.760666712742,166.97148475917757,294.2555009984968,59.24824341763125,26.26439438696986,299.1916466482775,74.52456323657259,9777.109513988384,25.01466859046385,89.46075415759162,19.988764932890206,141.7385541068469,0tdv8ge7ndve5000dygb2eq7p0
0tdw1v9z7hrnn000jznb3mtbdg,31.99631459999364,0.06469964908010702,0.001539428178406369,"[0.0020120280441626587, 0.9305188341176632, 0.4429391052543882, 0.41960449601439026, 1.4997629245970492, 1.498763876525214, 1.499643696818874, 1.4966306034042907, 1.499482302596073, 1.4991583250446614, 0.5251767516948318, 1.067046722066014, 1.499742025706181, 0.038980257957105385]",0.03772505533029632,100.0048186547663,2712.6818676800417,113.99840751128444,5.539432368237431,299.99411761412466,299.98520523552173,10.25450583872108,13.364153994077014,25.004005983192332,25.00092820327179,19.99864559255869,101.42314434249846,0tdv8ge7ndve5000dygb2eq7p0
0tdw1x6pa1vfk0007bf3edqpvw,33.380075599998236,0.07576667001625642,0.0015371214353395461,"[0.002002595408138186, 0.9025159200429964, 0.46123824529427687, 0.40576855553307434, 1.4995624311482478, 1.4995036057589866, 1.4975698709508385, 1.4967243725740786, 1.4991615978132056, 1.492983943543018, 0.5185145547664096, 1.0712435599376116, 1.4998025484440693, 0.03816770024882245]",0.05362925917394892,4997.7636511139035,4998.10354650489,143.3400160991598,4996.847426968454,25.02507631818022,25.08483958956953,12.235351618700179,18.177080177859587,25.022232719052187,50.106930230714376,1.006236770773401,101.70490843863085,0tdv8ge7ndve5000dygb2eq7p0
0tdw26g4xsvbx000nffq8mx3nw,35.95360489998711,0.03066158161492741,0.001575069455590557,"[0.002020235260569485, 0.9803286410796712, 0.4611449327603482, 0.3738035095218123, 1.498977773115945, 1.4978217856436165, 1.4981811542273098, 1.4984217384826988, 1.498790316560687, 1.4993302076096446, 0.5341297970399919, 0.9812888424294232, 1.499442270571792, 0.03842756141384297]",0.04992432789374903,4993.148860617133,2951.6261228364874,299.9512842639504,4989.05294623015,299.77066336168065,299.8294870004168,4994.1629547762805,9991.703342065186,99.99738031131496,25.071146452546465,1.0000534722551484,100.80572512734626,0tdv8ge7ndve5000dygb2eq7p0
0tdw2mxfb5v1v0008w1xg74me0,35.486957899993286,0.025960547530000933,0.0015636815424846804,"[0.001999844986787465, 0.9694181421278065, 0.4701672816537494, 0.3678008968154133, 1.4995358736093651, 1.4997236411292343, 1.4983951159715052, 1.4997272074043955, 1.4997847530845563, 1.4987566327916313, 0.538909790291835, 0.9734648618233918, 1.4976356418950205, 0.038679190722022236]",0.03854811529124774,101.33680017568851,100.62906790486517,5.0885339837364825,6.579588927464805,299.6952780127124,25.018145541352066,26.667120119526412,14.028890535209678,25.017579626140023,62.266980170870504,1.0009264522055306,3997.547460888702,0tdv8ge7ndve5000dygb2eq7p0
0tdw2r28vhvp7000zdwdv2cp2w,34.611030400003074,0.024312455282205783,0.0015555161805605282,"[0.0019973436990943436, 0.9718477676943216, 0.4613726974093706, 0.37288407473842344, 1.4993379816955503, 1.499213549925903, 1.499504219879154, 1.4965887385930299, 1.4993908961470694, 1.4989847359992967, 0.545452515791699, 0.9689694992280262, 1.4972916967777392, 0.03820086746516685]",0.031357265676903154,4999.535870824812,100.1467381749386,161.7680092129352,8.903035290360654,299.7917327857152,25.22737984206844,10.274808932246689,30.072585101267062,25.01589613127925,25.01979019612296,19.994843679215716,100.23847157438813,0tdv8ge7ndve5000dygb2eq7p0
0tdw2vm30xrtb00059phrk04xw,35.765533400001004,0.032872513910033034,0.0015422810557459696,"[0.001953506127932117, 0.9772327789599238, 0.46029069689867647, 0.38169846084754644, 1.4976554296126423, 1.4997006536443007, 1.4993502310118427, 1.4993581607864104, 1.4981526472317737, 1.497981480397015, 0.541632518265224, 1.0053172437444928, 1.4984307900002714, 0.03860125709478991]",0.0422630364196904,118.58841831783467,3022.0433051592954,5.046770555526185,7.161490303194361,299.10990122563123,25.53430077401534,4991.382363016866,9997.980706220522,99.64768108343708,89.97578931797493,1.0097063185105146,3999.520990195425,0tdv8ge7ndve5000dygb2eq7p0
0tdw35t2n5yj5000crz389b1t8,34.85645340001793,0.020667811668069823,0.0015132349038599624,"[0.0019421395792517046, 0.9961064851370592, 0.4513093149726799, 0.37592596727045, 1.4998935674184901, 1.4988165884219238, 1.4985080496512209, 1.498015047972942, 1.4994012941278472, 1.4954602805092976, 0.5439379043356039, 0.9647366211079575, 1.4997970640491745, 0.037859922360436254]",0.05475126640628652,4998.533234220075,101.39795805501977,131.8665114591613,4997.248875601012,25.04857125499585,299.8114705316688,4997.682931800419,9985.600464120036,25.00170041037216,89.99999652133468,19.969961698270886,100.63615696051683,0tdv8ge7ndve5000dygb2eq7p0
0tdw3k41ahsg10009nq8vn8fxm,35.99268480000319,0.060936886512845935,0.0015603121478185054,"[0.001951493694191446, 0.9676068250377521, 0.45118011855236184, 0.38090806159433555, 1.4999917897856383, 1.499649970823992, 1.4991384724885637, 1.4988368745284424, 1.4990015680208546, 1.4998166584330477, 0.538531054328343, 0.9749059784224103, 1.4993506962781313, 0.03795267216266944]",0.04378698913915366,112.90245504674192,4997.984857757039,299.9404775534537,15.931840693152672,25.782326642977736,299.6873873497904,4986.820098830905,23.12485423497127,25.78573100892856,89.8986362053083,19.99667648296087,3985.3077283310868,0tdv8ge7ndve5000dygb2eq7p0
0tdw3t6sasttq0007h4126xy2w,38.03309009998338,0.048973444987540436,0.0015002699651182681,"[0.0019118924607356702, 0.9814990035945482, 0.44776291578997396, 0.36247658102862634, 1.4996879610776483, 1.4988827089631969, 1.498181198098587, 1.498886168506721, 1.4997363959694736, 1.4981067125330174, 0.5351195903991823, 0.9622933313651679, 1.498129370642453, 0.03861317148410806]",0.05918316793192957,105.31620351083946,1831.514859493884,5.119047383837749,4998.864191552179,298.413591691798,25.016984530183255,4999.364699453662,9975.084054796405,99.92771434342374,25.021127151717344,1.0278026940409117,103.51613264639272,0tdv8ge7ndve5000dygb2eq7p0
0tdw469f6hswx000tx4xbkxmwr,37.66676959997858,0.06427770765951815,0.0014826910372716586,"[0.0018959866121840488, 0.970784227968228, 0.44200064178071685, 0.36449902286024904, 1.4973005998218976, 1.4992828395120108, 1.4990737562451846, 1.4988778004685157, 1.4988970442327862, 1.4990540988592338, 0.5459919948692751, 0.9659023125811792, 1.4999085557727696, 0.038919669618431144]",0.035389765415392,4993.818597111658,2440.5354389524837,5.048881156415543,9.42363035809893,25.505844363491867,299.64101192518063,4993.258301129565,9999.34920441489,25.035134810577652,89.96735586523805,1.0164847912180064,3974.821121666136,0tdv8ge7ndve5000dygb2eq7p0
0tdw4j5y5hxy70008n15cqj43r,39.28563690002193,0.04207092976941385,0.0015575730450376874,"[0.0019383033739481526, 0.9748685225195668, 0.45239795873822963, 0.3614571383587769, 1.4994282658583091, 1.4990412115348324, 1.499980610942206, 1.4994875447336145, 1.497947144906722, 1.4995454300846671, 0.565685547164853, 0.9471967771969731, 1.499890626995289, 0.03932412732387011]",0.038245882601779156,4997.7828763526495,4999.510312439973,135.4338144943247,7.844571142059143,299.93381508175213,299.884710955986,10.818873132367633,23.105968021570803,99.91960152803236,89.98883197711599,19.997932503284574,106.88719350731066,0tdv8ge7ndve5000dygb2eq7p0
0tdw4qr6bsrmz000qfg444a6hm,42.163138500007335,0.049453132251237895,0.001496876676897537,"[0.0019368833687771758, 0.9745566346815094, 0.44250758363857623, 0.3559347574231835, 1.4991202984885237, 1.4990741990026317, 1.498463031576668, 1.4987245648631071, 1.4985173941523189, 1.4977759785539466, 0.5736545059888714, 0.9487511687760949, 1.4988383116705464, 0.039982811604472715]",0.031388327019431166,4990.957781984287,2936.7211239844987,299.83591768951004,14.29470720072359,299.861677435208,25.27178581556503,4991.442670503145,9998.691900220929,99.90985428979678,89.95558926586713,19.976477580271418,3984.6922436314653,0tdv8ge7ndve5000dygb2eq7p0
0tdw53t54nv21000271hxnxakg,39.048216900002444,0.029080237477294775,0.0014926122391326982,"[0.0019146431960024232, 0.9759768356029829, 0.4570586984400669, 0.3612732337205238, 1.4977880615993882, 1.498502837535275, 1.4986936686043921, 1.4997516533893243, 1.4998831793397027, 1.4997102109740748, 0.5672882115181892, 0.9344901395988485, 1.499367382792705, 0.038622400149999264]",0.04658056883454057,4995.268042166932,101.12789345012362,151.29340766038885,6.065277347636692,299.5081412155996,299.99424772965455,19.76676516488463,9990.67182149347,25.010115658329422,89.96277777576107,1.0089098793678393,3997.948965249326,0tdv8ge7ndve5000dygb2eq7p0
0tdw5cwschwp90008d8xykjndm,42.18874360001064,0.058114630466958736,0.0014760622378529682,"[0.0018872350867232685, 0.9757491281478975, 0.45037160415197613, 0.363687982309827, 1.4991301938485795, 1.499517229976747, 1.4961778975746822, 1.4996496505983092, 1.4996872460732993, 1.4993724339881624, 0.5795904688840278, 0.9199471766068463, 1.4983121490276623, 0.03929866846589948]",0.033154126466136025,4998.982434142141,4999.400692834169,205.7146780274983,6.285149281031276,25.012589788485137,299.972890818079,4997.923540534229,9995.137627514237,25.047052756767613,25.043715255037302,1.0046686048488556,3998.6923247629165,0tdv8ge7ndve5000dygb2eq7p0
0tdw5srd8dzj300056c8bsj470,37.377890599978855,0.016555728374389664,0.0014939097408637099,"[0.0018703129725091971, 0.9737091318474332, 0.4514017131065378, 0.3558318931457002, 1.4957419691390772, 1.4991271420352765, 1.4987196799655886, 1.4993779892248056, 1.4989366119786245, 1.4985669009678535, 0.5619385628300478, 0.9423590693649349, 1.4984797525256932, 0.03983805695425938]",0.03778624902208815,102.433896236243,102.52598487743198,174.0969354248234,4998.606074885508,299.79138554981284,26.064825694255436,15.18924829769069,18.452129015755418,99.95401968105229,89.97968590761415,19.988883955168426,100.49512504601968,0tdv8ge7ndve5000dygb2eq7p0
0tdw5zesvstgd000r1rrvppqd0,45.47921099999803,0.0749803701625641,0.0014513805912489183,"[0.0018607239270720596, 0.9872127660140083, 0.44091513705673047, 0.36379036962590106, 1.4996630712940697, 1.4992784549805351, 1.499052098818888, 1.4997425604901515, 1.4991872924061322, 1.49932513708863, 0.5698605663047744, 0.9240214761443414, 1.497810377491556, 0.03979443891527536]",0.03724336392178003,101.40595781762673,2974.503969532262,5.066555653185131,4998.4866288926405,25.040852995012237,25.20113123571883,14.825544618860423,9999.656328077906,25.007333967378024,25.034768341777077,19.9932875274666,100.54873911020212,0tdv8ge7ndve5000dygb2eq7p0
0tdw6a4aw5s1q000j8gpecqncr,42.13056800002232,0.08102922751266811,0.001388156770871988,"[0.0018755602159040985, 0.8914821002316015, 0.4600589236292831, 0.36392755721557923, 1.4992237574218847, 1.4997454191298762, 1.4982176257113404, 1.4991060524264732, 1.4981161293140148, 1.498939622757299, 0.5895631510901118, 0.948390502214067, 1.499677956850423, 0.039684255732601176]",0.04579692261304739,4999.284796608722,3042.1308693284855,151.23613603860497,6.248796191877583,299.9089366105933,299.9470594056944,4999.043938070526,9999.07928109668,25.019631602505132,51.56381185645982,19.99725960322192,100.58821893683339,0tdv8ge7ndve5000dygb2eq7p0
0tdw6msz3nzrq0004wz6ems8gc,43.294968200003495,0.03905928438115921,0.0014767129252080044,"[0.00185440607391716, 0.8593566163243973, 0.46188516863970175, 0.3631609302238853, 1.499426151993986, 1.4993345620422696, 1.4990951497671257, 1.496270123183148, 1.499616616552625, 1.497793287704573, 0.5887168725388621, 0.9531051415216617, 1.4995888883930326, 0.037542390624991706]",0.03149247377715402,100.32097736651612,4997.422282116152,163.09893652199898,4992.469221816541,299.62233942166233,299.8531612279009,13.665946357439203,14.551134413675317,25.13000723704144,89.98640421170651,1.0008902816641603,3995.5326145946037,0tdv8ge7ndve5000dygb2eq7p0
0tdw6xxhj9wvb000echme72jtc,44.52145450000535,0.047720723763373364,0.0013923948748304125,"[0.0018621202839939205, 0.8669177094171908, 0.45976679993948283, 0.3716505504791373, 1.4996398282627559, 1.4992722222592354, 1.4980053354081968, 1.4996977203630852, 1.498734629171276, 1.4979097953396203, 0.5927770503928871, 0.9534798124960648, 1.498963946936052, 0.03891940050827286]",0.029915418600962983,4998.97131472733,1807.8330315938454,142.10905021179477,4989.561990041524,25.08175017582992,299.5888182449779,12.975750916227229,18.314076858863494,99.98351776017626,25.106677913256807,19.99663109379743,102.09822464695024,0tdv8ge7ndve5000dygb2eq7p0
0tdw7664nxrjb000w5p9jse05w,45.18879379998543,0.02919646626239035,0.0014717331298608224,"[0.001870827986197858, 0.8855679192023973, 0.4590008781864815, 0.3665854626570155, 1.4987904126172669, 1.4977394534751998, 1.498794232070182, 1.4984862893132975, 1.499146717974539, 1.4995824026918678, 0.5933731144857575, 0.9563535034377714, 1.4985437730585502, 0.03911445188859136]",0.038480283417361615,126.50306185611953,4998.262790791458,113.84843180784603,4975.661205172943,25.08735058390786,298.2082651351571,19.64426861046552,9985.716039330953,99.7596012246933,89.96396750355258,19.985855278281377,131.0359610362234,0tdv8ge7ndve5000dygb2eq7p0
0tdw7hnsndxzn0003mj3hhdsr4,43.08184479997726,0.025890354188486345,0.0013992784449346335,"[0.0018382407041828835, 0.8756562664305398, 0.45702142482351765, 0.36154310444622273, 1.4918139627423277, 1.4999981369604376, 1.4982783096797756, 1.4965240961903536, 1.4961995855364165, 1.495849595504671, 0.5801516846552741, 0.9708621968490466, 1.498832181892043, 0.03869627909673906]",0.032129457274826724,102.0225532496348,2635.1592601554553,204.24164117075549,4999.485024749024,25.090395869610497,25.084599590672788,4995.794469921031,12.711334135911278,25.048096091146373,25.005476435409175,1.002767762984561,3997.4727362098934,0tdv8ge7ndve5000dygb2eq7p0
0tdw7vxknhs0q000hqsj438114,51.43085320002865,0.03162684138810212,0.0013950215065283646,"[0.0018368054696789593, 0.8825423878654871, 0.45848648531479524, 0.36005184617363484, 1.4963330068795964, 1.4992540829565089, 1.4998636235295555, 1.499410517828113, 1.4994145828159937, 1.4971869246158176, 0.5969623419380488, 0.9278480399443867, 1.4995865409136266, 0.03919583063291519]",0.03432858916516836,4992.517926253306,2764.2529444577717,5.064865795323483,4994.684141168385,299.58634628237,25.38320542000111,4995.4942926303875,17.142778410604734,99.7851108055402,89.99065196991081,19.991807439145628,3995.5550387044063,0tdv8ge7ndve5000dygb2eq7p0
0tdw7wybg5vsk000zbjjwqb3ec,45.020578900002874,0.01745331462817425,0.0014159063409448199,"[0.0018276735653139642, 0.8840633860982102, 0.4821027179569773, 0.36078977089972575, 1.4984772680912912, 1.4984389432915601, 1.499541517839855, 1.499388195930086, 1.4990519730653808, 1.497617518232206, 0.5804480966300233, 0.9222087528453148, 1.4986826998634957, 0.03816636434966972]",0.04060761972755169,4965.372355002064,100.20315604381021,299.22410310744914,4992.584821670098,25.194070415704864,299.4024181896028,29.014626948141522,9999.094519862538,99.92346238053743,25.049400937240716,1.006230015205519,3992.3365677533907,0tdv8ge7ndve5000dygb2eq7p0
0tdw89yq89v590000pwktdkmn4,42.958635099988896,0.03828830879278811,0.0014145856445217943,"[0.0018273078092723924, 0.8799099753369974, 0.47545615368884203, 0.3477653614251929, 1.499127792606362, 1.4996469031991757, 1.4977953961220973, 1.4998729443411514, 1.4987802236065815, 1.499847679002658, 0.5754804305743448, 0.9208730920423766, 1.4993520887873224, 0.038881784805217284]",0.04301749511349443,105.78104328961052,2107.9808026158967,299.92564116973364,4987.692861790632,299.7137506544706,25.12042165565003,4982.652169153676,9993.786638612104,25.01410388643734,89.96735600185447,19.998243017806953,101.24277571046363,0tdv8ge7ndve5000dygb2eq7p0
0tdw8p8s3xrmx000k6bh33q8hw,46.9947106000036,0.0734585205844154,0.0014237288957552774,"[0.0018328001292311005, 0.9169875762179325, 0.48360436900561254, 0.35920569257056467, 1.4993821284982352, 1.4997244794289375, 1.4988434306314913, 1.499577286994912, 1.499814459792818, 1.4988710553851567, 0.5862208658955397, 0.9161704547005934, 1.499114157274104, 0.03990542334806364]",0.02836564958487828,4989.339916332807,4999.332700778351,5.245989264365639,17.121379809635908,299.5985247744015,294.87331626342075,70.9824638658917,9803.917564435604,25.076515840148794,89.94878371285817,1.0807565002352701,115.98765419146658,0tdv8ge7ndve5000dygb2eq7p0
0tdw8zv5c9t5100038kc2pjxd0,50.74980289998348,0.02263871199098262,0.001449049747949522,"[0.001890096668459719, 0.9015430661665728, 0.496372648150984, 0.34373249506915293, 1.4960358736915496, 1.4987823590351024, 1.4965043188574738, 1.499409680520322, 1.4993536422366698, 1.49939827868504, 0.6647261103919353, 0.807035160544451, 1.4994557725246707, 0.04010380193956069]",0.04424844981989981,4994.8635590761405,100.14713447182154,143.05082153502124,10.075946530969821,25.164853225758822,299.9702229376697,11.256254650017752,11.807622580554103,99.93551129681033,25.036925335266186,1.0052099476314045,3999.962342782424,0tdv8ge7ndve5000dygb2eq7p0
0tdw952gcdvh3000xg4r2xjbf0,45.525645100016845,0.016309183656799845,0.001479141897522989,"[0.0018978317338066084, 0.9193603447699997, 0.49513569326481044, 0.35620094844304095, 1.4936789707016733, 1.4996814652697403, 1.4989705514438298, 1.4994094204975676, 1.4995437471648987, 1.4972392087369637, 0.6769085371959266, 0.8141491395392224, 1.4992123853552664, 0.039903292294217185]",0.05462324920219626,4998.0683287938355,104.7463804326891,299.783937535696,4985.0563628337495,25.271862155991577,25.305623419086437,4998.034945399768,48.28439091626979,25.184560230972572,89.9989039293371,1.0179147652880944,104.3465914013677,0tdv8ge7ndve5000dygb2eq7p0
0tdw965knxwkd0000kyk42gyhg,50.32747710001422,0.07453138499621037,0.001450474168205177,"[0.0018792476658221202, 0.9152884507350997, 0.49538883439611786, 0.35102792103781, 1.4996863354766314, 1.4988439107528053, 1.4986052940671115, 1.4970036377955633, 1.4975743601900948, 1.49940923549293, 0.6772718020236954, 0.8072583474862879, 1.4988663169951062, 0.04021972498509656]",0.03035973772896084,104.08379600455034,4987.850631721485,149.38062211797205,4983.521864066406,299.16829559368625,299.2131683028183,4998.414180789794,9981.220238751494,99.76464470949234,25.076025557732656,19.968566646693564,107.11200514964584,0tdv8ge7ndve5000dygb2eq7p0
0tdw9kmjvhtpk000qfdtffp6w0,47.464363199978834,0.07422365435592627,0.001479716988148868,"[0.0018873704009017694, 0.9793991496437738, 0.49205906988772874, 0.3671225038895459, 1.49885229112574, 1.4997041572310812, 1.494086562560733, 1.4990758737222925, 1.4997963894405388, 1.4991767781544654, 0.6683276229203484, 0.7932085187212821, 1.499962706681222, 0.04038945241034125]",0.03783361187864821,102.90227078574276,4997.34069120907,299.9775941642491,4988.769919254463,25.256551921672038,25.03436422352959,12.802509197732535,37.06295274657896,25.04860508974519,25.046207847333974,19.9909444876468,3998.641117758732,0tdv8ge7ndve5000dygb2eq7p0
0tdw9wrp1nrkn0000qp3b9shbg,44.76417139999103,0.07224559795667274,0.0014358715417182586,"[0.0018975909125467372, 0.9536607486657593, 0.484468397910742, 0.3655450456863616, 1.4993109813538537, 1.499916173659403, 1.4997586288418054, 1.4983818556316901, 1.4988254842592288, 1.4938088364176272, 0.6535068465297471, 0.7897987543120815, 1.4994819238742332, 0.0412161803572456]",0.03133850341201846,102.50700806037979,3172.346741429122,5.298190152221709,7.3258832111885255,25.713366607238548,25.12347631769882,14.900810128997433,9995.27999247715,25.07057702137149,25.003532949244853,1.0095720104788772,3998.334698256094,0tdv8ge7ndve5000dygb2eq7p0
0tdwa5a929xcz000sycachnx1w,54.098324599995976,0.048125527180234176,0.0014463813982413256,"[0.0018862849034283966, 0.828991737519179, 0.5035793369418902, 0.3679486767326424, 1.4998947382226053, 1.498610356968405, 1.4964048982786942, 1.4993034331805009, 1.4999003048165593, 1.4989027575670943, 0.6458675568017697, 0.7960233654024992, 1.4975634353873906, 0.040254959611908586]",0.04194542146320255,4991.61554667151,2454.119626664607,299.3759304886024,5.425739291167925,25.456337876592055,299.9540073104771,10.157340454021938,14.652303661454356,25.063652986904078,89.86118070209459,19.917136051292726,3998.0383750924043,0tdv8ge7ndve5000dygb2eq7p0
0tdwabg0x9xq9000nmkddc971r,47.314932300010696,0.021524674939854452,0.0014772923153163473,"[0.0019156190531341502, 0.8559711150269507, 0.5101648877936584, 0.37919195537116046, 1.497824590610335, 1.4993718512922674, 1.4991155010585309, 1.4996038557825733, 1.499101003661955, 1.4975308070193496, 0.656531262789796, 0.8121148683311116, 1.4989334434744426, 0.03986401371487945]",0.035183278190241085,100.70524539767801,101.42661879695699,5.234929860048356,4994.299529259093,25.104339550899645,25.087692577416735,4979.539954665721,9953.596243835455,25.025860978293778,89.76859018982839,1.0064153321111937,117.49919046004257,0tdv8ge7ndve5000dygb2eq7p0
0tdwaq2881x5x000nbdha7p0cw,48.64199309999822,0.02469451043416441,0.0014253172967229712,"[0.001886033994577506, 0.8282541300744369, 0.4922086504567076, 0.36823115481355295, 1.4997924543572225, 1.4984827648275267, 1.4953524723359248, 1.4990434030110134, 1.4981545650796582, 1.4984958306553264, 0.6490857740200775, 0.823212361072393, 1.4996340083588022, 0.039599938469215695]",0.040237336939415516,4992.624085080787,100.49891172099687,5.026005110298688,21.388193181870157,299.72772286101934,25.101090438183867,16.701935737106076,24.101528223820466,25.581509806979355,89.89892859346547,1.0187368532772971,105.98299663996178,0tdv8ge7ndve5000dygb2eq7p0
0tdwatwfmssq3000h2hcfnkp18,51.56387129999348,0.024741201458599663,0.0014105997997332909,"[0.0018630204706031328, 0.857359387732961, 0.5006332089966277, 0.36829404003166755, 1.4997773165754678, 1.499298674969542, 1.4971425984537874, 1.4983761012454035, 1.4964560763295023, 1.4996645079535849, 0.6470896216872637, 0.8176214141127897, 1.4993660892959324, 0.039424114480660286]",0.0455603086349046,4994.57081223169,105.72296247860918,134.56508259207013,4996.739217949874,25.24991163103738,25.375859254002044,4998.159570241999,9993.627976258655,99.97952885562856,25.016088504927286,19.970808832216083,105.65896703730711,0tdv8ge7ndve5000dygb2eq7p0
0tdwb8ed7nvwf000snj23zhm08,51.96701230001054,0.006482023831527399,0.0014273081563527864,"[0.001868346301227751, 0.8512150640551533, 0.49760916231997043, 0.37828105416003366, 1.4986961188214178, 1.4986983823129547, 1.4980652424143392, 1.4998250311262067, 1.4999723901191737, 1.497794827696807, 0.6472018736638872, 0.8082575726634816, 1.4994007203418127, 0.038529221886934986]",0.04311749470663225,101.48859170814349,100.93724804231655,5.300651998117994,4996.324979094286,299.5352407143829,299.8967112399489,4996.345516195747,22.810539271738296,25.171986886673558,89.94178154663288,19.98143611926917,103.29785238663865,0tdv8ge7ndve5000dygb2eq7p0
0tdwb9mkgnx0q0005dxh3h8gh8,55.90372390000266,0.05766265382188078,0.0013740739582372113,"[0.0018254404722665776, 0.8652005546437829, 0.4941270792837308, 0.37167655870233096, 1.4999785070216816, 1.498785379394014, 1.4986513065264355, 1.4984160212342583, 1.499536419564215, 1.4988237254697125, 0.6613663391745266, 0.817349106949325, 1.496841307213429, 0.039377181317229504]",0.02611672338333104,111.87154747505275,3359.7589809345864,299.87995239584137,6.738134263951369,25.146447525035622,297.94052178450886,4973.083507995928,9992.199153113255,99.75669485583211,25.293813661640243,19.95837872449212,3992.4911435617782,0tdv8ge7ndve5000dygb2eq7p0
0tdwbm6f1xses000d6mwtx0etm,52.85783120000269,0.10161908001968867,0.0013871427671188629,"[0.001810884608391225, 0.8478870736814681, 0.48957967984934314, 0.37281936682971484, 1.4983782754667425, 1.4994084258549911, 1.4993053983667881, 1.4966201901996274, 1.4982744924739124, 1.4919259161543796, 0.655715219104589, 0.8180662172188213, 1.4996910506370043, 0.03913815190514905]",0.04243348071262133,4998.061010379696,2823.5876419001274,5.19973497355229,4996.451174914456,25.17217231330659,299.7873177774383,4998.078964593306,10.666723850765978,99.99844236546365,25.06456523362894,1.013329772535809,3998.408924942214,0tdv8ge7ndve5000dygb2eq7p0
0tdwc0dy91szx000sg4t4vcvrm,51.606689299980644,0.01977016991420901,0.0014066550327391887,"[0.001865158913010631, 0.81224459789763, 0.4716238037229689, 0.339811448303733, 1.49809900777348, 1.4999539854770534, 1.491292305249539, 1.4997569830699873, 1.4982060629331722, 1.4987976812575294, 0.6640761704215787, 0.8724513854243523, 1.4985805122874378, 0.040015891284148467]",0.036968053885135785,104.92718759668605,102.96176113537166,119.11628682556365,4993.302881539459,26.045155353375787,299.77631159345304,15.873080805453876,38.79131752149821,99.929979298455,25.002841730142638,19.988646409799813,100.66232394309851,0tdv8ge7ndve5000dygb2eq7p0
0tdwc69jxnvs5000m12xjf6m44,55.728599099995336,0.021719831329003052,0.001389932656573005,"[0.001848684179313928, 0.8257415210313006, 0.49195051888914754, 0.34967726493284845, 1.4999548294321534, 1.499698040232262, 1.499837503678045, 1.4993250080335732, 1.4989547297042751, 1.4968872282114312, 0.6792658435039916, 0.854404970470813, 1.4991584235025384, 0.03988288226106604]",0.04608837345017864,106.69022146498095,103.74609102542041,95.77536101410918,4964.386585129026,299.35538109663014,25.948532445031102,4997.412276676176,41.81975757946306,99.99574181218799,25.064841406905852,1.0114751954216168,3983.891501925216,0tdv8ge7ndve5000dygb2eq7p0
0tdwcfhx8dr0900071k3r2g9nc,52.8687396000023,0.03826305327957193,0.0014474770495625034,"[0.0018611199384751115, 0.8350849084634155, 0.48887644640493566, 0.3470576907959345, 1.4998730447981732, 1.4986759118385513, 1.4994318026753757, 1.4969623674678807, 1.4984104156833027, 1.499053754672253, 0.6600992718817744, 0.8709604234607385, 1.4977750852113094, 0.04034898099461853]",0.04696253385721303,110.30662042467648,4997.221048133986,299.5504198339957,4984.422732664207,298.2146645139383,287.3341920329449,4988.798770308,49.9790216009147,98.54365544557041,89.89442433001817,1.0543423985547145,150.0300293614789,0tdv8ge7ndve5000dygb2eq7p0
0tdwcsajs9sn5000sbvdk1jz9w,57.0331519000174,-8.154714499579441e-05,0.001388734860679004,"[0.001868041993867267, 0.8471593676477163, 0.5098827258867645, 0.36268787923248635, 1.4990410921850987, 1.4989513615266068, 1.499935084207818, 1.4972643572412683, 1.499072045341427, 1.4993173050843793, 0.6776923105042936, 0.8543121771283385, 1.4992778459240084, 0.03893083282123032]",0.03880882597066145,101.30197691003046,102.3333413577343,204.76202127989748,10.44411714325109,299.85756193467677,298.80830335392744,4994.504645727402,11.253941754778754,99.73489005299972,89.94615611296193,1.0423204666932544,101.39993781996176,0tdv8ge7ndve5000dygb2eq7p0
0tdwcx81v5yys000vpdpshzb74,57.257361500000115,0.051448160618402315,0.0013949680017990508,"[0.0018448550256479207, 0.8315808348035328, 0.49244917726594434, 0.3523987494914458, 1.4979735813627062, 1.499997408682777, 1.4972179306149949, 1.4980605389968231, 1.4997392551287003, 1.4996559978400066, 0.6638459760810942, 0.8501692040892965, 1.4997806704622174, 0.03934573816912319]",0.03830534011192572,4999.440348637958,4992.576153462171,183.12153605143908,9.564132085561287,298.7883901936897,299.0438753768772,14.323657153093924,9993.906460769918,99.90910600222514,25.001668464576664,1.033876352218946,107.99818344258462,0tdv8ge7ndve5000dygb2eq7p0
0tdwd701sdxks00099n43gmaz0,59.88000179998926,0.02063030492916092,0.0013625677581528882,"[0.0018143075097791506, 0.8562403598902881, 0.5060881984053551, 0.3369392696876511, 1.4991711712909124, 1.4978676986524628, 1.4997254622876826, 1.498872329227273, 1.4990508896399881, 1.499939029671008, 0.6632786451322462, 0.8309763617488233, 1.499017180295445, 0.039162154151772766]",0.047418777171114077,4996.638510048988,102.46567848947763,140.78438845791712,11.257712813099324,25.306049966256065,25.618883188605256,4998.078915050915,23.14706865781107,99.98878210104972,89.94969132713369,19.9935549568686,107.93233855282443,0tdv8ge7ndve5000dygb2eq7p0
0tdwdcskj1y4h000fddh5c1jvr,54.009000999998534,0.08024699915362399,0.0014043936580585231,"[0.0018329573406928035, 0.8617753858055867, 0.49853025869352136, 0.3415695570874845, 1.4985761420561996, 1.4998461318721912, 1.499075894582624, 1.4993888933566404, 1.4999134764332323, 1.4971011255538866, 0.6594860677759535, 0.8206611045475377, 1.4985261766693374, 0.039403221660866544]",0.037557012922431486,4994.21311559978,4928.511399030177,5.168407109592071,4983.2944328019985,26.769037971089862,298.7950865330263,4959.9293079234885,26.5744482372574,98.56273730001246,89.66897149521856,1.0613491733159108,150.82933061989502,0tdv8ge7ndve5000dygb2eq7p0
0tdwdrjskxtvb000rxfvj428y0,67.09999089999474,0.07522484942263369,0.0014792700115919366,"[0.0019072214578525343, 0.8554436836131418, 0.49414676224084686, 0.3207470425705844, 1.4975239080935359, 1.4982521834092004, 1.4932087459113443, 1.4998402358495428, 1.499420608982881, 1.4999603922831923, 0.7623556155581935, 0.6779558396075664, 1.4970905999792867, 0.0400668459595427]",0.046998315223757664,4998.7384749224,4995.684579281853,143.9062158139986,4997.602184189774,25.13176664066772,298.6885658768501,4996.415118276359,9994.257690453524,25.284116529485317,89.86480320004183,19.95867496996067,3996.2949515826585,0tdv8ge7ndve5000dygb2eq7p0
0tdwe9qzsxzmv0001k8syhsp4r,62.96863560000202,0.03569387865651149,0.001494535452832616,"[0.0019384630473672296, 0.8585746684602864, 0.5107873539086385, 0.31847374731641886, 1.4986062209261086, 1.497475202792831, 1.4995775299569383, 1.4979727763753876, 1.498941273273436, 1.49959357306219, 0.7674031613367466, 0.7092055333436753, 1.4990796089592808, 0.0401770535353341]",0.032827430709804685,4991.712925358698,4996.461253807653,205.32059605242256,4980.112239857639,298.02001989315636,25.06239138103644,11.342791060852505,9887.958933882925,99.5194994998985,89.90285536412195,1.0020023903381612,3972.986748271792,0tdv8ge7ndve5000dygb2eq7p0
0tdwert25hxgk000tjv3jby71r,57.08599469999899,0.013560253528582738,0.0014601491614786063,"[0.001929451581243108, 0.8379041711199462, 0.5031027924804292, 0.3153697390928173, 1.4994611100988298, 1.4970080422221435, 1.4992969163647027, 1.4969608582704244, 1.4994825526528, 1.4981239429792685, 0.7694531001522762, 0.6933542105029006, 1.4986041448971006, 0.0416030604638106]",0.0471539600875133,100.47960417269188,103.14785156373306,105.56472956013575,13.622540968233581,299.69584506506544,299.92157520486495,14.143411118984835,9994.783839024809,25.13052253384777,25.00917242730085,1.0080018398807924,101.89977192310995,0tdv8ge7ndve5000dygb2eq7p0
0tdweyt339rq1000z6new5en1r,64.60879399999976,0.05449329172389154,0.001450595722284449,"[0.0018860396580458808, 0.8709722753926649, 0.5069922141645892, 0.3266847167758976, 1.499738323045576, 1.4993337836569027, 1.4970153587049664, 1.4994124137972928, 1.4995468823117277, 1.4986472457255582, 0.7842992710486748, 0.6884230521186098, 1.4999021047384036, 0.03994347005584094]",0.034618284226718275,104.34562704497587,4999.366950378734,120.35601841266488,6.265895690003695,25.065310063412678,299.30652434204393,4994.429403336611,34.80211710266577,99.9939645674728,25.069244419647216,1.041028978981173,113.0956520245945,0tdv8ge7ndve5000dygb2eq7p0
0tdwf4zan9ysb000nha1d3gp5w,77.1388944000064,0.015217370326872356,0.0014629808205872325,"[0.0018922623391101484, 0.8786460869897827, 0.5065503885681664, 0.31907900499062536, 1.499217000560779, 1.499265885834473, 1.498403130892071, 1.4997571583759695, 1.4995374220397575, 1.4988823943770866, 0.771126567758047, 0.6679275362942044, 1.4968357871520157, 0.040478932165001175]",0.05514528124409327,113.183477598341,102.4667923485697,93.99422609086092,7.4635603152369185,25.97633829371182,298.982810946888,18.532901708303363,9994.190645892395,25.2741522783616,89.91818352656088,19.988491500066996,3997.042315396127,0tdv8ge7ndve5000dygb2eq7p0
0tdwfcdvh9w990008ctchxnm6m,59.249454800010426,0.026278986199578393,0.0013867970384504984,"[0.0018729651826852045, 0.8735730813547161, 0.5077401124647165, 0.3194055132236908, 1.4978185958717836, 1.4998173259005152, 1.4983396026714844, 1.4993890270327594, 1.4984260778090708, 1.4999743093585824, 0.7552872671046024, 0.6549581132399536, 1.4992028243145876, 0.039584613966183194]",0.035536887244150266,4996.9721540840355,100.31987039840214,74.59252849759976,5.006044262433894,299.90612817611134,25.413531932967445,14.637052801059038,9998.217845746458,99.93489845068464,25.06275550850421,10.51885809340571,3995.7302887476385,0tdv8ge7ndve5000dygb2eq7p0
0tdwfnw5cntv3000zgjna3m3w4,65.62082760001067,0.05878985009255615,0.0013804923685134126,"[0.001846292872714185, 0.8643953682737846, 0.5054793909442423, 0.3203294584565659, 1.4990054187949644, 1.4989971516169387, 1.499292814411763, 1.4995534863972413, 1.4989042877352998, 1.4996322442553283, 0.7657515836693909, 0.657763647529651, 1.4985160380552718, 0.03907895619608691]",0.040433059031990584,101.15471078857222,4999.385522780799,84.63874515906178,4998.687527522713,299.93676370751376,25.077523689086213,10.83211504793692,10.957346332226996,25.01024398177773,25.007182416864175,12.017790820250893,3998.574082944503,0tdv8ge7ndve5000dygb2eq7p0
0tdwfz1mdxz3q000dam7fxhc7m,67.58273610001197,0.02875033013716635,0.001384391063052256,"[0.001879561345090465, 0.8281962410222954, 0.49578196411220027, 0.3253849399343631, 1.4994450214597457, 1.499651662945417, 1.494975474022731, 1.4993692197521087, 1.4997863611036177, 1.4950015013766138, 0.7845427138431634, 0.6919368185636326, 1.4998129927239727, 0.04046474820909583]",0.03353220460934013,4998.961074205795,2427.305867576962,185.46895113937933,4996.973017253526,299.87647475695996,25.056131808971163,12.135218722401715,9996.18344482037,25.104489452673565,25.041379827889305,1.0049053205746437,3997.6635019436853,0tdv8ge7ndve5000dygb2eq7p0
0tdwgdcc55ys9000aj9xryh8ac,70.21488900002441,0.017506377655560294,0.0014481958970686247,"[0.0018832643085073403, 0.8212615484024596, 0.5000589505958073, 0.32381056506859085, 1.497463068172741, 1.499295475699065, 1.4990574785893669, 1.499541086352345, 1.4994649512662122, 1.4995043405675317, 0.7748669322753752, 0.7024291376592908, 1.4993006981925134, 0.03941633018311498]",0.029582911029626065,116.19743262607723,4997.694350427548,65.93888084904081,10.085174484379973,299.825205190272,25.120234198583052,14.7144017955618,32.51027237994466,99.98551074379729,89.98613473682512,19.995670655935797,3995.1536757032127,0tdv8ge7ndve5000dygb2eq7p0
0tdwgjxwysx2v000w1r5n0ddh4,64.47148740000557,0.03387790516961246,0.001373410161193013,"[0.0018635482603188702, 0.8150692995952715, 0.4960668001122713, 0.3264944124509249, 1.4994382260367092, 1.4987127112818424, 1.4994618098813963, 1.499662852887026, 1.4987792737810965, 1.499684980908826, 0.7807329666792854, 0.6894408250575088, 1.4998956635346992, 0.03934197459829582]",0.04793076819962391,4998.596170540224,2407.42537835721,141.76765657407338,7.274014204483871,299.1193569150503,25.66252263273916,4982.843862676479,20.449945754922485,25.059478388222306,89.99688605967464,1.0169215335531065,3995.6161221564785,0tdv8ge7ndve5000dygb2eq7p0
0tdwgvdqr9t0v000c50vgm8420,72.3260751000198,0.042950467123965795,0.0014070036353737506,"[0.0018341152783576953, 0.8269166281934258, 0.4984637222350073, 0.32597682869476863, 1.4988810284761107, 1.4996119645960688, 1.4984622487204091, 1.4995783373490406, 1.4996924188640053, 1.4992597228922504, 0.7829700994316584, 0.6798158534052413, 1.4997462419814434, 0.03948826090059604]",0.03822985049077278,125.11347195481127,4996.819184259254,5.010701793009915,4985.952824267124,25.457750383317986,25.06296583434176,14.614896104324043,9994.460050783306,25.006535988001875,89.93271498836171,1.014910885377606,3992.9245066182557,0tdv8ge7ndve5000dygb2eq7p0
0tdwh8s445we70002brt61dg78,65.71313540000119,0.01658510157497115,0.001433896028812617,"[0.001845358267020078, 0.8097233477940569, 0.5029711497999151, 0.32368098466084627, 1.4983003424041177, 1.4997905979675252, 1.4990667521039174, 1.4986756771432843, 1.4993685136654795, 1.4966939918269841, 0.7987981434134868, 0.714139558898968, 1.4992522411579667, 0.038939140885378073]",0.03045585034751223,4998.208052848433,112.52458550683961,299.939916969339,5.928102436293481,25.78032372506505,25.32600407304197,4992.3454443341,9995.609120859775,25.00571706447334,25.012985405778625,1.04005714467259,130.57548151089821,0tdv8ge7ndve5000dygb2eq7p0
0tdwhjw64nte30002wqt44mnb0,76.62166099998285,0.014819649732198032,0.001372608751579456,"[0.0018359932737717702, 0.8271608968456531, 0.5096520078117981, 0.32307070471696264, 1.498657907710824, 1.4997209888410863, 1.4986783916660371, 1.4999395254987382, 1.4999154817982563, 1.4977478853070887, 0.790184450286243, 0.7302003198181831, 1.4991619410087562, 0.03791718905592752]",0.04157217560830686,4986.834115579506,105.01815435945619,299.91474523909585,4996.11996706507,299.84539975403993,299.94412897800686,10.170712356538061,9994.991087108447,25.11145274224455,89.95097320124985,1.011307414893358,109.76795862216477,0tdv8ge7ndve5000dygb2eq7p0
0tdwhypbb9z35000p9ztkb849c,67.21348289999878,0.019707550802808393,0.0013331944929723496,"[0.0018124953590727758, 0.8075874638097224, 0.5030417309237041, 0.32699645818363976, 1.4987610458816873, 1.4996309193542243, 1.4994182416078292, 1.4987477185743059, 1.4991513912928822, 1.4997962277183032, 0.7939823669158973, 0.7058470574530565, 1.4960051326692185, 0.03995543505178484]",0.04014028602586646,106.06355414266791,1967.9261667950288,126.86772478255396,4997.082358955987,299.9829684661568,25.053042203616037,11.860052482234435,14.945157273520168,25.013845841262295,89.99258173948687,1.0001491109629614,103.83133543265,0tdv8ge7ndve5000dygb2eq7p0
0tdwj5e0e9x3v000gaamk6dg64,65.7216955999902,0.01226131765684374,0.0013893979985008314,"[0.0018219318985457505, 0.8066317968518836, 0.4988530990979892, 0.3250693315972033, 1.498852033283773, 1.49973477969868, 1.4974371990281754, 1.498269153301755, 1.498325797313866, 1.4998542105877588, 0.79481220702734, 0.7157385887110522, 1.499270716170018, 0.039135470642110384]",0.03422106194475543,101.09731062699197,101.07999224082711,204.06087953565674,4998.099604833372,25.93803641531074,299.98527602856007,4990.232690777015,9987.664166429016,99.93868051044495,89.9049185348066,19.985618301369907,3993.3332098474807,0tdv8ge7ndve5000dygb2eq7p0
0tdwjjw5rhw5n0007yrp3qbpe8,70.54525580001064,0.018800888865399087,0.0013699307097557966,"[0.0018046830826525112, 0.8182076778761671, 0.5024241159576623, 0.3240727905774571, 1.4988784662329904, 1.499536283610217, 1.4951074698089055, 1.4970400848456369, 1.4988781702350553, 1.4990987744506095, 0.7925908449871865, 0.7141585429375262, 1.4992530307844483, 0.03912752927756484]",0.04989866425143413,101.23959436297419,104.71240247586378,299.8409044379831,4964.572813908648,299.8825715251103,299.7028412135488,29.960896356418708,33.55612663244558,26.309083378476277,89.4547963313307,19.88149102760192,3995.488384340422,0tdv8ge7ndve5000dygb2eq7p0
0tdwjtfg11t5s000r5jvfcr0cc,72.51433800000814,0.01707125238669558,0.0013429318586330285,"[0.0017952074663060077, 0.7993485804116963, 0.5006075792112108, 0.325057693255448, 1.4986758509839317, 1.4992443117768166, 1.4916518842442816, 1.4997190351420668, 1.49997313114807, 1.4997977903992596, 0.8044846178060548, 0.7153524147209517, 1.4999952712573357, 0.039224341826693335]",0.03010087627588003,103.0171089401117,100.23939386782558,299.98732444557777,4998.2865195764,25.154875306428117,25.43223140485827,21.65962633460033,9976.09248734811,25.123733499636433,25.127468639224414,1.0038905254415829,3976.6852024437303,0tdv8ge7ndve5000dygb2eq7p0
0tdwk633m1s4q000x52rmmp53c,75.69865590002155,0.08147906071829136,0.001348381859654744,"[0.001783642558123598, 0.8215000375235589, 0.5047144894226505, 0.3216806061666092, 1.496225088305289, 1.4994385934701522, 1.4965381565209732, 1.4988300164546198, 1.499270930601498, 1.4996803289914533, 0.798268637230734, 0.7040412132217034, 1.4998338798283988, 0.03893609044847306]",0.028535038691693933,4998.779888497385,4997.091392596889,203.0861401652562,25.92948710372126,25.105223039651467,25.10421369284092,10.929895993128989,9981.32708044763,25.148076768899642,89.99548684005377,19.89256402595241,103.24689338991925,0tdv8ge7ndve5000dygb2eq7p0
0tdwkg11qxz5z000whtgak7eq4,71.56897829999798,0.08183628152328803,0.0013280107697177836,"[0.0017647260419279484, 0.8007424301595014, 0.5053776519568973, 0.3203443858524112, 1.497330073483631, 1.4988825591834554, 1.4977515232300653, 1.4985041089546038, 1.4994195358350453, 1.4991603740234078, 0.799937878289192, 0.7220260531227652, 1.4984810774647133, 0.03921097000099728]",0.046506994466528985,4995.651099564748,4994.267366470777,208.68156497916112,4977.398956595606,298.1513128579006,25.11596602503014,25.370564655591988,52.326287857351474,99.58634160628289,25.05603812170604,19.984725620389124,124.55536152453766,0tdv8ge7ndve5000dygb2eq7p0
0tdwkszbxnx5s000td0jvrxqf4,72.08829820001847,0.08514331146883732,0.0012729534543460923,"[0.0017481534226407927, 0.8396877999010964, 0.5098959840233914, 0.32395732266579247, 1.498159800703015, 1.4993418747011829, 1.4990396295358264, 1.4984463158984371, 1.4992190564721437, 1.4988127941954832, 0.7985176913906792, 0.705673352058932, 1.497898463504457, 0.03846421645807059]",0.047868739201163836,4999.979972905392,2992.6944378364533,93.52203065144019,5.088483435987174,25.16189416796218,299.93769257593357,13.137896998116094,14.090457585818552,25.005716407260774,25.000700762934752,1.021840966199508,3998.5589242247424,0tdv8ge7ndve5000dygb2eq7p0
0tdwm0t0w5vdb000k9s0wyqenr,75.59414920001291,0.03164974239755553,0.001257409283753006,"[0.0017544435188339355, 0.8275142920189037, 0.5053828678994463, 0.31966067122404107, 1.4993342660982076, 1.499594917273727, 1.4985895718601245, 1.4984627831943103, 1.4982525457445368, 1.4998075143339036, 0.7868559482864972, 0.7034959784061934, 1.4993603522493641, 0.03897314820033519]",0.031778317517863856,372.0995053122032,4830.963043949195,287.0159886332957,3516.0980748575334,282.9792093123975,296.28921240015677,244.58021058810297,9728.833889547854,25.53303490896186,26.745660490162305,2.1721804661774575,212.03336766444767,0tdv8ge7ndve5000dygb2eq7p0
0tdwmbs3nsred00015egzj71f8,83.91958210000303,0.025481770158874158,0.0012756852637561004,"[0.0017504861141441896, 0.8352866685390754, 0.5022322772458152, 0.3239562944272023, 1.495824200220781, 1.4997870073379556, 1.499333100464133, 1.498882255015411, 1.4993955457243116, 1.499628306416637, 0.7863231947012082, 0.6864248769980674, 1.4973280930632225, 0.038305315386548466]",0.04190499443578012,4996.753342247014,101.63029230653511,189.31218369994193,10.265077868157137,25.083318767647864,299.8035956710265,4996.835734795976,16.92837418568333,25.038550821981577,25.081668110491616,19.996759232640475,3999.9584946112973,0tdv8ge7ndve5000dygb2eq7p0
0tdwmkfbs9wj10007aaqt5rv8c,78.79728440000326,0.045840335154076685,0.001284314739867417,"[0.0017490212174165118, 0.8283345671613854, 0.4960315546572019, 0.3220882705980197, 1.4989049521601894, 1.4988478172010775, 1.4985063011504192, 1.4984957032319066, 1.4989277476239333, 1.4994868133768324, 0.7844010661335798, 0.6935732869065816, 1.499641967919441, 0.0391943884143479]",0.04154220127492459,100.72039048248804,2177.628783099579,200.82720777820728,4999.412054387656,299.89012273213683,25.006743924303823,4999.34166617937,12.555303566920557,99.96905231194746,25.00871795109528,19.993919918208906,3999.121918015115,0tdv8ge7ndve5000dygb2eq7p0
0tdwmxwbtszx1000c05nwxjwwg,73.31616350001423,0.012977937817377359,0.0012781492185185456,"[0.0017413310776351679, 0.8395675419018777, 0.4986825300527161, 0.32622792458623984, 1.4990302753487004, 1.498600652771779, 1.4964335274257423, 1.4983480598419896, 1.4983704926982002, 1.498094025643157, 0.7856402130527449, 0.6913834167865762, 1.4996804855244985, 0.03885350816222499]",0.03196344103978979,4997.069854112885,104.20537115750007,221.63225896197844,7.24775322500226,25.05937360076482,25.504899108750536,16.458207695115405,53.82391902181817,99.97866300866859,89.84822657874462,1.002520351098432,3992.1972474047907,0tdv8ge7ndve5000dygb2eq7p0
0tdwn3pychsdv000djrtp52b9r,82.63024699999369,0.11354241741121764,0.0012484203459279715,"[0.0017188788668371646, 0.81636012931482, 0.5028477566977185, 0.3210157948164982, 1.4990699756301487, 1.49911891616316, 1.495333060137046, 1.4996020421952103, 1.4990394050408238, 1.498438851798932, 0.7920438400360414, 0.6895699883198081, 1.4978144372108715, 0.03940702858745919]",0.045891676680181875,4987.545825389521,2897.6549349567126,5.243658374704739,5.066261361514578,299.6802656825837,299.6146983487537,16.64647396358099,30.419156270735996,99.76495496142336,25.067241531830714,1.012022364499629,103.02472504582711,0tdv8ge7ndve5000dygb2eq7p0
0tdwn93pmdwjf000c3rg77g7gm,83.66972119998536,0.04476594801321875,0.0013035364558988333,"[0.0017147866042043144, 0.8344173809211035, 0.5024076372714397, 0.32577331561781164, 1.4994019516011718, 1.4987446008781427, 1.4901993016720123, 1.4986539796175358, 1.4997523230901213, 1.4993067861629332, 0.7934555465863192, 0.685778248142895, 1.4997717939559119, 0.038815134427056114]",0.052705731727562904,102.8185771063948,4999.818828020515,123.0918415699188,4995.199542017086,299.3443233055631,299.7052453685542,4996.770065584318,9985.1861683063,99.9761642437285,89.99239126421298,1.0042117766609597,105.42066714130685,0tdv8ge7ndve5000dygb2eq7p0
0tdwnq5gcdt17000mmrc7fe1cm,83.77914649999002,0.03693023016535026,0.0013104294455252902,"[0.0017355314046002893, 0.8421705557345287, 0.510860883928536, 0.32859502916151695, 1.498519288553249, 1.499767635734409, 1.4991833044950138, 1.4988608783507493, 1.498702685308767, 1.4998437238400308, 0.8023603687694304, 0.6959786503249598, 1.4969187147559264, 0.038605980413865024]",0.03227121625788812,4994.723741517684,102.62690315138217,5.051215082159809,9.540625681019078,25.161078620849796,299.5695479729887,30.187829632334775,9947.01094081142,99.69424089589819,25.009026871795182,19.999584306048458,115.50615373197752,0tdv8ge7ndve5000dygb2eq7p0
0tdwnzaazntz500076rz9d12qg,80.18019939999795,0.12489013569038297,0.0012743344962793447,"[0.0017086221737279278, 0.8447995566311274, 0.49954956524394706, 0.3263973893404838, 1.4993071488123313, 1.498970803027892, 1.4996919663689905, 1.49939569154987, 1.4987067003384977, 1.4990636528531436, 0.8021768688087269, 0.6959760568773089, 1.4996720081361654, 0.03909888086370934]",0.03621618699725767,4999.033399360001,4994.5349030139005,110.60858148851898,4996.53804977772,25.24138620643978,299.8944418808776,4997.851551110567,23.131175353645542,99.96322465433187,25.010742663391895,19.98328463978705,3998.7336774820633,0tdv8ge7ndve5000dygb2eq7p0
0tdwpctmz5tvd000jmjf59ew2c,78.2770857999858,0.04885928319664024,0.0012526908953297802,"[0.001711857822020893, 0.8372520531074565, 0.49895565815558235, 0.32734925026878026, 1.4999921349739846, 1.4982765282599986, 1.496152711112573, 1.4980399181387243, 1.4989624439019043, 1.4955167621094994, 0.7805537414301689, 0.6732979072071578, 1.4999480079632868, 0.03904543807778482]",0.0419454552105429,4995.079723528017,3211.159080407352,100.3049723994418,4994.305393957276,25.34420524972631,25.093695540079846,4996.919852913358,23.21036604073471,25.007841173706257,89.90116490032118,19.963764111737646,100.37284929641977,0tdv8ge7ndve5000dygb2eq7p0
0tdwpr6v0ds6n000hnf3x5gqm8,84.52085250001983,0.04043162468790069,0.0012673368794840266,"[0.0017258809406200878, 0.82608329997511, 0.4963956027741753, 0.32944471021577126, 1.4990826333947544, 1.4972930350853026, 1.4997482699705722, 1.4990211264262594, 1.4990619132111407, 1.4989731085195808, 0.7890515940426063, 0.6877012026854024, 1.4989285010604632, 0.03874522502458287]",0.039896456908358205,103.043723340476,2445.310176807765,5.057761602273972,6.028773207190802,25.048726720394583,299.9010072599751,10.749728646135972,16.035993470510988,99.96481523549416,89.92938083646892,1.0128122421234695,3999.8007323814304,0tdv8ge7ndve5000dygb2eq7p0
0tdwpwzrk1vrd000d4x8jybwxw,80.57313899998553,0.022966421036369793,0.0012396817600941292,"[0.0017339057886940831, 0.8417095382118515, 0.5079742239331668, 0.3169491768754428, 1.4986057339605972, 1.4998296426846278, 1.49400175585737, 1.4993884360719498, 1.4988931892704853, 1.499352340523329, 0.8121084735574762, 0.6993156466281206, 1.499680839053189, 0.03980016530325141]",0.03223285549570806,4998.363944236166,3155.8295785981345,220.27341103376304,4999.333265485793,299.379525599074,299.67602324416123,4991.665176283268,13.190025218995377,99.96698764508157,89.97700464867413,1.0033156458900112,101.11323903194838,0tdv8ge7ndve5000dygb2eq7p0
0tdwq8dvydttz000mqbzageysw,89.85759220001637,0.02307764910332833,0.0012062653343521458,"[0.0016813848302844533, 0.8069741754349623, 0.4962517754485829, 0.31223022960626867, 1.49994248450087, 1.4988315362540083, 1.498610611205564, 1.4974253978534209, 1.4989615448689628, 1.4993116412534595, 0.7931765168103944, 0.6895968196510291, 1.4977999999679594, 0.03866056850043548]",0.03681029314578185,4999.400291658008,2316.225154193281,218.57307442259253,4997.788653384029,25.08945819379867,299.9055983605475,10.178223481446885,12.566487547173487,99.98802787894856,25.02008496153511,1.0013014896032921,100.39731079979447,0tdv8ge7ndve5000dygb2eq7p0
0tdwqhq6jxw9z000fpcec2090w,97.5821042000025,0.014372780503199026,0.001214244140356365,"[0.0017032466292279808, 0.835889866560688, 0.508860293659092, 0.32007556824623984, 1.4977931175492993, 1.4979528251148193, 1.4959673580432051, 1.4978540527742517, 1.4990727582401537, 1.4986115743643604, 0.796555018805252, 0.6907158779201136, 1.4997021793400034, 0.03779303547392286]",0.03011465242906038,4996.686213643544,100.78662402999278,86.38500648013664,4996.851029476326,299.9126418575384,299.91640520165555,19.24898705395233,10.244773284537342,99.9594396060887,89.98802014722675,11.546170526438127,101.53519899297433,0tdv8ge7ndve5000dygb2eq7p0
0tdwqsx7anznd000eswzzvq6pr,82.45457959998748,0.06164848929022714,0.0011992446254892257,"[0.0016634709302919201, 0.8419404307802151, 0.507058544036771, 0.32232899958416594, 1.4996571593845327, 1.499990069030987, 1.495479388031207, 1.4999012325515866, 1.4996445567500065, 1.4972459106234899, 0.8133033820710636, 0.6805899600637388, 1.499142959965242, 0.038374508139124394]",0.03710615559828049,4999.090713430557,2429.5994337704933,209.0826599513791,4998.084882577638,25.23387724281476,299.97910199540115,13.375714285662557,9995.34842846193,99.94459163892822,89.9966744485956,19.99970825563065,101.26827056726249,0tdv8ge7ndve5000dygb2eq7p0
0tdwr6zjx9vab000d4ga2vm4w4,86.88054730001022,0.007915384970771613,0.0011960316454220968,"[0.001672430064321176, 0.8390153790624353, 0.49763829759474426, 0.3250691802373913, 1.4975622777827686, 1.4986113612015919, 1.496933932169906, 1.4998220220582876, 1.4992910832527926, 1.4990565320259324, 0.7980393874291803, 0.6909596448126728, 1.497245976516012, 0.038511768095859544]",0.03042851318331433,100.0691055118065,2510.5865387063914,59.52018349848704,4996.509441634927,299.4536143071667,25.05889334711552,4999.716812746602,9982.31648991706,99.94208377510726,89.92143352403687,19.97620219292176,100.48173751548808,0tdv8ge7ndve5000dygb2eq7p0
0tdwrm7bwnvsq000pvnzgb79tw,94.5970767000108,0.026279058887816675,0.001329975953356569,"[0.0017654116356200997, 0.7525491528547206, 0.46670392457404336, 0.30480015609896194, 1.498455859256164, 1.4995348502142751, 1.4984588150428197, 1.4966198354510025, 1.499645982646171, 1.4999129397392732, 0.8186093105001643, 0.7232407008874734, 1.499303338658248, 0.03959451928825271]",0.049775794250425755,4997.244581262733,105.27433872271565,244.53427269712398,4991.543527879227,299.92206699375305,299.2304387933112,18.989426226455063,9999.252697023841,99.99284145254076,25.000465367003194,19.999497116972428,3999.6079327900134,0tdv8ge7ndve5000dygb2eq7p0
0tdws20a3xr63000zv6rc17gdm,93.28642250000848,0.07590068047832028,0.0013525431567433517,"[0.0017750416023169721, 0.7330470714248603, 0.470308603136406, 0.30763979188812973, 1.4977413833612578, 1.4977992360238321, 1.4942683025477619, 1.4992046036888351, 1.4999649114856908, 1.4974851209708402, 0.8238598372114406, 0.7288762801415775, 1.4999739417751412, 0.03891091878308513]",0.04130895004495354,110.90426451412337,4989.046320715621,5.056672544053241,19.90886039709144,299.8685869155484,299.3807962859081,4977.927794807599,41.87893959363496,99.74177552978999,25.262326485459095,19.942784207581344,113.32029202861324,0tdv8ge7ndve5000dygb2eq7p0
0tdws8bdghysv000xq3q8pa7pm,87.50725190000958,0.06498800000569514,0.001360271564920566,"[0.0017673700245646462, 0.7953823228724477, 0.46929345208155465, 0.31041437984442, 1.4972478038482113, 1.4997189248713658, 1.4922544657349504, 1.4969864509126034, 1.4996825133395595, 1.4984605919752174, 0.8442969496931301, 0.7086761905782196, 1.4992762992730455, 0.038714303953723925]",0.02822233520324145,101.18640707882311,4983.4794158475615,299.97351447288924,13.912906991250905,25.098499647564932,25.23865846224404,12.008933494734098,10.835472999745596,99.86021132959459,89.99218777607838,19.99762355734402,102.90982858747694,0tdv8ge7ndve5000dygb2eq7p0
0tdwsby08hwjn0004j9tz9nt4r,87.49766170000657,0.03850900133195974,0.001293521053835184,"[0.0017695490324374369, 0.781349484148516, 0.46926195770896834, 0.30202613407268575, 1.49766993613748, 1.4996861972465116, 1.4899433628183298, 1.4998078705464857, 1.499876744474176, 1.4986360846802882, 0.8249406725067798, 0.7446654602728732, 1.4993386496529393, 0.03861150944454808]",0.048447099935570774,101.51435129967362,2863.4983332888487,90.64317402832185,4999.717557693493,25.153175451891084,299.9891052182678,4998.876517606831,11.515768477104158,25.053275354759265,89.97838743856205,19.994036786838016,3998.810126826446,0tdv8ge7ndve5000dygb2eq7p0
0tdwspsq81rxk000gvh0qxqksw,85.34014109999407,0.02488764680186368,0.0013414436730297974,"[0.0017889433950579042, 0.8072154755905415, 0.4624939331791025, 0.30549747159894225, 1.497295018369631, 1.4992014618740728, 1.497999065082107, 1.4999571678533468, 1.4999334845218029, 1.4959721771019603, 0.8112954179871346, 0.7505140917845828, 1.4989206446805534, 0.03908587712944768]",0.038859326040890735,4996.513863649263,100.12031822010057,219.60551128398905,10.037582229418597,299.98896954331394,25.124837557982868,4997.749868584747,9997.459248534184,25.030807059246055,89.95428692947131,19.986643831639963,3993.6971232161554,0tdv8ge7ndve5000dygb2eq7p0
0tdwt2kyrdrt7000pj16h9jcb0,92.83346669998718,0.031341392761675586,0.0013046054692627403,"[0.0017702445846665693, 0.8020345897407813, 0.47332825808015344, 0.3022835943253557, 1.4995534916984885, 1.499735441485925, 1.4930752976307595, 1.4981807956772188, 1.4979481363057439, 1.4958785009090056, 0.7979971988483475, 0.7391244186874124, 1.4995792301257, 0.03815514718587423]",0.052299257529020225,4996.587728558229,101.15059483594209,63.64741202270561,4998.702319466112,25.18598760519699,299.9025754113763,15.016603112581953,9990.430576035424,25.044509422415764,25.038073612399256,1.003290193581472,100.23343770525604,0tdv8ge7ndve5000dygb2eq7p0
0tdwteta3szpv0007hbr7xtph0,89.11429160000989,0.02012945711537409,0.0013884788626960648,"[0.001761219186681394, 0.787986370451461, 0.4585187435615029, 0.3060036779577351, 1.4993928093855269, 1.4997380701734646, 1.4899162707313154, 1.4970232731638957, 1.4965480674510814, 1.4982754683951103, 0.7992212943911057, 0.7377347394938171, 1.49940356820156, 0.039388278693532605]",0.03909283240062785,103.8185798228842,101.49341904453306,299.75767964266856,5.908195456912498,298.86904534936843,25.055716991773412,4982.198156922565,28.848426237950605,25.0560708130333,25.03955039157598,19.987468745457377,104.22814787310627,0tdv8ge7ndve5000dygb2eq7p0
0tdwtk4xk1y2b0009e87qz50v0,83.55301400000462,0.051592948983707705,0.0012934942084283736,"[0.0017618376807615466, 0.8205148215618172, 0.4618281892380407, 0.3140975699098212, 1.4996757680028636, 1.49917572450314, 1.4928407085458955, 1.4985310749841894, 1.499966316297583, 1.4982651029134075, 0.8294691309358527, 0.7553710118584142, 1.499225708733087, 0.03804783952404332]",0.03294081393563839,4999.726141166535,2556.736253056724,299.9283759039365,5.69695794117682,299.5708490343173,299.84242843483105,13.726712169419285,13.597283589558584,99.99983361817326,25.10487034885684,19.998269272609644,105.18822204646101,0tdv8ge7ndve5000dygb2eq7p0
