recommendation_id,elapsed_time,new_predicted_output,new_predicted_uncertainty,current_trained_hps,average_rmse,plasma_duration,precursor_dose_time,process_pressure,ALD_purge_time,plasma_pressure,RF_power_setpoint,plasma_prep_time,plasma_purge_time,H2_plasma_flow_rate,Ar_process_flow_rate,ALD_purge_flow_rate,ALD_prep_time,campaign_id
0t5t37dj0htnf000rfhyr549fr,9.920005686581135e-05,,,,,3868.448090537637,206.03392168827588,113.47864809960548,4695.659465455905,245.11479538175038,119.21301964756455,1314.4067644839358,4427.47074492091,34.53197177340226,40.19598377596586,10.243079664400678,964.1775432674532,0t5t37dhzxrwf0003v982kgb8r
0t5t3g88mxvmx000n6pkteg0wc,4.2400090023875237e-05,,,,,4099.244109883679,4181.333553830546,117.34634028363669,2261.5678772053484,27.31178188053143,26.808985114138732,4054.6590913937785,5008.521465678577,36.07146941513937,89.2020019975842,14.514454991132615,1385.2713350646231,0t5t37dhzxrwf0003v982kgb8r
0t5t3t9c19x1n00085fjcpsq2c,3.969995304942131e-05,,,,,792.9028402439976,1073.0467906414844,124.42478669545189,908.9839577463964,172.23117364795908,283.2360890539157,2580.007123450264,7930.486374193229,84.0467397920007,46.90889171391084,11.111155183800765,825.6085260289111,0t5t37dhzxrwf0003v982kgb8r
0t5t413frhtnd000y397vt7kpr,4.419987089931965e-05,,,,,1116.953249541085,4331.733821768382,261.8396890550363,116.17968536187651,250.4378861241566,266.52438782300896,3949.9431284385846,3787.5260353893486,76.70756997251746,56.050826975833445,3.340811400486007,2599.79899493438,0t5t37dhzxrwf0003v982kgb8r
0t5t48a5g5yxq0000jxs9ne4ar,3.66999302059412e-05,,,,,2354.3649474647927,4066.7268215532363,145.0028909391075,2008.6354634277707,277.2380235892422,245.77920570559726,551.047535520645,3738.315041505119,92.19558346793637,83.84441075921595,6.232437148918647,1731.9334213684533,0t5t37dhzxrwf0003v982kgb8r
0t5t4fp90nxck0000kr7603wb4,4.910002462565899e-05,,,,,2384.381345977529,4983.3696846269695,246.4500695137419,628.2015026642679,224.42135003725645,288.4384119054529,4391.858411930153,6360.419207919193,99.52781511323766,89.03172565114309,1.5862337866320773,995.3939904975365,0t5t37dhzxrwf0003v982kgb8r
0t5t4rkcwxwf1000xgbsb1ercg,6.019999273121357e-05,,,,,535.8965893611515,4821.5066309194735,38.697845614400556,410.620262280881,209.81050651290136,77.01202923788554,1965.2437919017946,8712.044623052154,46.14250376656743,27.462101498434222,19.200041143667708,725.5712512922498,0t5t37dhzxrwf0003v982kgb8r
0t5t50dc39v5z0003kj10hm1br,3.829994238913059e-05,,,,,299.85206176971735,1762.7740095595316,199.01888529530092,1982.5722178026153,245.07067781961746,248.50284607665583,4937.87258478161,8786.639183837906,80.26147575686922,51.79208637875583,14.11572711918352,1080.8405430487367,0t5t37dhzxrwf0003v982kgb8r
0t5t59g1nhy7v000vmnw1cyzdw,3.700004890561104e-05,,,,,4921.74389934628,2591.5942781649746,101.67775387458832,3321.503157288029,261.99190810779794,51.44500208826631,1158.482060065169,8378.915981397122,44.50995598850536,43.998728960548846,2.644954054577785,258.18911987498484,0t5t37dhzxrwf0003v982kgb8r
0t5t5kt07sr6x00007k5144gbc,6.560003384947777e-05,,,,,4520.5495377270445,3459.492103072382,253.50930086713677,40.44996116039836,125.02100765706392,159.63317731793524,2154.8363666600717,1594.4954534922688,66.13622303293972,85.6126426344629,9.072219759875127,3391.0704518689677,0t5t37dhzxrwf0003v982kgb8r
0t5t5tpbp1xw5000feyrevnsa0,4.369998350739479e-05,,,,,3764.326627403511,4499.970136089719,59.62631586350328,2890.5782109839915,278.0520739779663,89.71409675109366,3926.607365099636,7944.629152628902,67.51147386507327,55.796892656429854,16.008159102820006,3736.2256824438377,0t5t37dhzxrwf0003v982kgb8r
0t5t677fsdrrx000cqys4h3fq8,3.739981912076473e-05,,,,,4884.578301750312,4483.706994916642,246.28866736776448,246.8932058141171,137.3719571154529,95.20677599550685,3144.832190482596,6343.5221002318995,52.96760096425807,48.60037027499803,1.9770349880456304,3317.2474599325915,0t5t37dhzxrwf0003v982kgb8r
0t5t6h1a8stx900037rxwe9f2g,3.660004585981369e-05,,,,,4018.708357474897,2839.2403298345293,174.9943837589111,977.7716176376703,252.72213445990664,63.26779872857584,4932.030767408482,8008.367306956065,28.845009324338086,66.57514585924585,1.8574937446538842,348.9003853016646,0t5t37dhzxrwf0003v982kgb8r
0t5t6tkzm5v6k000keq3n09134,3.809994086623192e-05,,,,,3938.9336209010535,499.8586530471631,104.86917372550417,3524.9250884675116,239.5537873961129,184.4332383503797,1784.001592430983,9929.274392192585,47.04569853457042,71.54400719695519,17.257343649363936,3870.8017539812568,0t5t37dhzxrwf0003v982kgb8r
0t5t764r3dwps000mxt7vxdgcw,3.6899931728839874e-05,,,,,4936.565153597426,282.42885583517807,163.47001583122082,4312.634279634576,68.45349914483366,105.4846524320599,1100.3398558365607,9165.026208523752,44.97457887087573,78.27060112620589,6.075149200676166,2751.784169274544,0t5t37dhzxrwf0003v982kgb8r
0t5t7hjs5hsdn00060n4c69r08,3.9599835872650146e-05,,,,,2726.1920401561715,1691.3274582338686,266.9522951268065,16.308448562289808,286.75202767080157,219.2658363914211,717.2240894411823,9462.669576508972,55.30150900581624,41.6106835442114,8.113472369907662,2999.9677480379414,0t5t37dhzxrwf0003v982kgb8r
0t5t7sdj5dvg50008mcyv3m908,3.7800054997205734e-05,,,,,4942.9555116346055,4802.466576079447,72.09112652168818,1645.013398697163,153.18059024955323,28.532845488295415,2301.601091096615,7478.051681128809,62.56560449586114,52.09894756671196,5.617907337873326,2442.7081463201284,0t5t37dhzxrwf0003v982kgb8r
0t5t847m9nwwv000xn59r4tg7c,4.050019197165966e-05,,,,,4265.478303158994,943.5461317075344,68.23072022877123,1952.4076104501378,111.4849080254107,55.97963543561051,668.490840826362,6999.897792480813,65.24559149955901,41.62945426864603,7.433852490892852,886.8277815265117,0t5t37dhzxrwf0003v982kgb8r
0t5t8c2nenz4h0004mmzpga5s4,4.3899985030293465e-05,,,,,3044.452131929859,3264.0459823172105,171.2437599186948,325.8458414024151,242.2120698473404,85.14897933852103,276.51622993237186,8700.11857872732,77.6945801775363,71.34970339261983,18.790894160948135,3845.2882816345596,0t5t37dhzxrwf0003v982kgb8r
0t5t8mrfhhwb9000g4rcywqj18,3.900006413459778e-05,,,,,3652.554279333966,3528.6275744584477,241.2607381370774,3446.8058801185844,176.56967119621604,191.39880678148992,1838.7352917733435,9617.171036450287,52.53869912059513,25.226905893056742,15.815496845955096,3665.6970809504965,0t5t37dhzxrwf0003v982kgb8r
0t5t913vz1yvq000k3rpe6r2pg,4.039984196424484e-05,,,,,4916.500429717514,3644.1751970605387,109.75518618178032,2150.914742934638,121.7320063298041,129.9988227239216,4083.865151213312,4786.440517104299,61.578828535438205,69.41362546602667,15.031722904193188,1482.7761300657112,0t5t37dhzxrwf0003v982kgb8r
0t5t9b4s0nv730006z5r27f7c8,4.779989831149578e-05,,,,,752.3619636876128,1364.148943964451,291.19109457762926,2450.7095472145206,242.9197228871336,222.09457872071766,1189.2482312618633,7550.137913394537,62.56092207062377,46.75234222525435,17.40180452138699,338.70143283725093,0t5t37dhzxrwf0003v982kgb8r
0t5t9jcfx5zc3000dfr5y4k8r8,3.96000687032938e-05,,,,,1846.318226767956,4102.648746972805,256.59966066302286,2791.238202882349,241.99098748827444,25.00657170047159,1681.1822170972212,701.962714465285,90.97493722075265,61.03704125231385,4.220460866396008,2315.932020868673,0t5t37dhzxrwf0003v982kgb8r
0t5t9snqe9rz10003hyny3vkxr,3.829994238913059e-05,,,,,884.986203770599,2163.9731748784593,225.4888850398786,1787.2355282560868,193.61194350566495,193.02570744979383,3489.91607537039,2529.736090162495,73.91523061417723,86.26979274410576,12.914956063001926,1604.8899900419294,0t5t37dhzxrwf0003v982kgb8r
0t5ta065qdrxn0001myzecdyvw,3.7400051951408386e-05,,,,,2047.4422210500197,720.0406196355175,185.219640214492,4360.600822557175,134.1225025472378,174.33207084123006,3403.172884600145,7553.948733454363,93.16596644778313,84.45460309550921,15.783945475427334,434.4564355846166,0t5t37dhzxrwf0003v982kgb8r
0t5taa2fg5x6n000b2ywvh8c9g,7.900013588368893e-05,,,,,307.0747821600545,187.49801556819025,99.48857888202785,1815.7118020508212,35.67706005085404,191.73280139724721,3590.444397944808,6817.337426233217,66.87988825993817,80.45453479025485,9.943778423892073,2928.3646740210074,0t5t37dhzxrwf0003v982kgb8r
0t5tahtyqnrmk0004ntsq7x6n0,3.7700170651078224e-05,,,,,4914.091213134392,4122.183579761713,299.8995172851945,3355.6527443240984,135.97981548901348,180.61687956728923,1383.6945280961718,2018.9070863745233,67.61101806041538,54.66048261536446,10.012945148428992,1103.6005108174443,0t5t37dhzxrwf0003v982kgb8r
0t5tatpnesxws000sq9rdm0brw,3.579980693757534e-05,,,,,3557.6714742,4324.533441621345,265.07601542411845,1773.230873858203,52.14630499603081,184.32352125550338,1218.1515305634696,5734.472212021404,35.05991702622929,76.13279675909303,8.347119719222974,1269.4294502591476,0t5t37dhzxrwf0003v982kgb8r
0t5tb3aq9hsrv00017tt405bh4,4.139984957873821e-05,,,,,3320.8591225397213,3067.329624101467,165.42107537961155,1596.324676097694,29.397260367485792,51.906628307081576,1535.2412542796587,5709.189877205816,66.66091407419086,61.94773114038224,5.980754618756904,376.0005286835559,0t5t37dhzxrwf0003v982kgb8r
0t5tbb0649ty5000fsba0ey9x0,3.7800054997205734e-05,,,,,1273.6046420793066,3535.2638065633564,254.3243139731053,1739.092467078321,220.9941782369121,252.78569073008424,2938.7540139766293,4625.001419293031,94.78785612932666,53.86418050131102,9.273352696739515,212.3090459693458,0t5t37dhzxrwf0003v982kgb8r
0t5tbj7egxywh000qxkkykb4ym,4.300009459257126e-05,,,,,1319.1711399032781,3668.6821971086765,250.44145766049303,858.5036998187646,264.5021213473642,222.1207792824957,4986.07609465915,7480.582164895079,66.38389007405972,27.533599017973614,1.0703655236273926,739.6635979576424,0t5t37dhzxrwf0003v982kgb8r
0t5tbtyvaszs100007phxzcrv4,3.8400059565901756e-05,,,,,770.9284670109707,2851.3127892517095,197.7690044524932,2662.482612380901,54.49713953066264,81.8661366404015,4431.738450056484,9959.021507555359,94.09431444088717,51.91542277709086,4.651694821594955,1366.3437968133564,0t5t37dhzxrwf0003v982kgb8r
0t5tc5jb0dzfk0001bg4fpykh8,4.720012657344341e-05,,,,,3657.7609690608792,4875.719786771921,235.8430171700063,3027.309835300055,55.58687376088179,174.60596740494387,1702.067555003489,4471.141470200426,37.53028472637819,40.618584714179846,11.141399967261819,283.8647963276288,0t5t37dhzxrwf0003v982kgb8r
0t5tceqkn5vd7000m9hgq1peh4,3.890017978847027e-05,,,,,3162.955752553705,111.19923799494057,266.4861360197041,2617.726578426178,208.744973592907,248.10419104553878,411.52672996465895,6072.634530678363,70.3650458952801,76.30830470442268,14.122960304339669,1151.2028465857786,0t5t37dhzxrwf0003v982kgb8r
0t5tcnzss1yg10008n45v10e9c,3.709993325173855e-05,,,,,1456.7631271984685,4816.442092353762,233.76967750866513,1361.0160278157057,88.54378884896349,262.93056865213975,4092.95359252667,6552.433389174271,61.39453240963692,49.18185339783376,19.97766843778624,1779.2885218760189,0t5t37dhzxrwf0003v982kgb8r
0t5tcza2ehrvf0007egxyfyf4m,3.700004890561104e-05,,,,,715.4847282691998,3296.018148301075,234.3213163132233,4544.981636059117,171.3939141855384,249.05377242726095,2933.256252963746,8892.04170171,52.055875253871534,97.04138315583818,14.99126658142804,974.5742971715563,0t5t37dhzxrwf0003v982kgb8r
0t5tdac31hrjx0006sssf1hecc,3.9300182834267616e-05,,,,,3194.223939138989,3805.4946747351837,76.97607449242412,3381.650704332196,188.9783087414973,258.3408577378305,2554.847088650354,2134.6584793097627,80.34639555003703,34.525762923431266,18.979534135937886,2924.198580344385,0t5t37dhzxrwf0003v982kgb8r
0t5tdknjhsvz1000d4a0kv34nc,4.179985262453556e-05,,,,,4158.235385287699,3580.7772060334073,262.5050796463569,3974.2767861039133,223.99087471699096,158.37063987365255,73.07515628685263,4454.285778893907,31.401506591798054,68.74679520148746,6.946168929301958,3137.5558423524058,0t5t37dhzxrwf0003v982kgb8r
0t5tdxqyenvak0005xg26df7qm,3.9800070226192474e-05,,,,,534.4727854566873,184.1284259490404,269.93750329066654,3673.1914876703363,142.34885599135737,93.04329417923316,3256.9994526188557,4539.876135760309,91.27305262586943,60.21316104671945,6.547224452525386,940.3470236119738,0t5t37dhzxrwf0003v982kgb8r
0t5te58fv1ykn0007qww9n2378,3.8499943912029266e-05,,,,,4801.00352238235,3754.91377547426,172.41991917957353,3839.2367247143497,89.27115389212962,277.42145027901006,4738.632766824227,8485.322471441195,56.68180173799142,55.65646460841987,18.506801455582227,3282.6899491472273,0t5t37dhzxrwf0003v982kgb8r
0t5tek0b65zen000sfp3gyyb4m,3.679981455206871e-05,,,,,1108.746221938024,1475.246546231644,178.16812676663096,3494.7022897969,133.59600983898414,284.72947395735395,3570.423177446176,3759.811699488922,60.88266477897468,85.28131822397376,7.969606720782534,2942.9170518321575,0t5t37dhzxrwf0003v982kgb8r
0t5tevme6hwcd0004cmprs93tm,3.8499943912029266e-05,,,,,1834.4428489842655,4196.078105801174,38.27528612474416,4211.800957493648,279.4822946427191,272.32580480284616,3942.57917332709,7283.681456608334,30.41006704116797,67.41493374561817,5.034351613602238,3027.1569654561245,0t5t37dhzxrwf0003v982kgb8r
0t5tf7sqfxsvx000ttcz857cg4,3.7499936297535896e-05,,,,,1331.9109063471587,4674.821967640064,208.830734193498,3360.0949568474157,232.92326892637993,78.24218051413374,2192.6910755204985,1937.8578960579844,48.811359010817455,40.83916594115553,10.352241339743658,3358.11015523133,0t5t37dhzxrwf0003v982kgb8r
0t5tfgmym1wnb000s8pytq6mwm,4.309997893869877e-05,,,,,3342.1989912575414,1907.8222370585254,157.3954926559473,3989.7774586053574,180.96333454069264,209.99531332540212,3505.806119272343,6304.530389277285,61.14794213914389,40.84164013023767,17.3278353763547,824.8920792864056,0t5t37dhzxrwf0003v982kgb8r
0t5tftxsf9xx3000pvfe6zpx94,4.020007327198982e-05,,,,,3933.7101291330114,4290.9975580460705,9.386801909327101,1137.5078672733716,73.53358397927886,278.4887409918829,4532.272556260984,223.79090854897643,90.03844941666227,51.39737049988901,15.322210067097513,3998.564620853444,0t5t37dhzxrwf0003v982kgb8r
0t5tg3d0z5ych000xbvgsanpyw,3.829994238913059e-05,,,,,3586.581058652907,2590.9628705573004,7.48442519899772,61.41073163385046,215.90007000358585,209.99493116767388,970.573031089699,5389.4705484396445,28.160272355368544,64.90068181911396,16.643718647096605,3495.1877589487526,0t5t37dhzxrwf0003v982kgb8r
0t5tganccns1h000dzn46e82e8,6.660004146397114e-05,,,,,2191.7032490088345,2018.862980062217,49.07947004398295,4979.859231232848,93.30041038007369,149.98760396839873,3117.3854710299743,9431.927720927415,70.41311717178766,96.41749866241892,10.327617874209317,440.2053989039162,0t5t37dhzxrwf0003v982kgb8r
0t5tgp7e2hv590000qqjwxa648,4.2899977415800095e-05,,,,,1930.6366381519938,4271.844127398272,204.80072266116252,4511.2838084246505,29.342705984664207,226.28006845784927,4027.3249139090212,9775.265973765074,97.24905336099091,25.933497050561304,4.86830181075425,1789.717656812068,0t5t37dhzxrwf0003v982kgb8r
0t5th376exs0z000enmkx10py0,3.769993782043457e-05,,,,,4999.623472241323,1646.705440367956,120.03909251459513,4887.364465306418,258.0813426560187,142.92637150264036,731.1468049221312,9240.370972175562,90.21092804773117,83.17313207204931,14.525468563762768,3271.325859202495,0t5t37dhzxrwf0003v982kgb8r
0t5thfr9qsxw9000p6228qxy8r,3.809994086623192e-05,,,,,4592.28029082265,4342.593919475291,149.6638243307786,2712.212519315762,59.53780668380787,286.47291354667885,4283.619981603265,2827.54189995409,89.20469313380919,62.62172613607778,8.661810192441399,1089.7767019560779,0t5t37dhzxrwf0003v982kgb8r
0t5thsgq0sy4x000jpc761pv3w,4.150019958615303e-05,,,,,3435.4767867546193,354.9935720429325,116.08662375779669,3455.0614359757465,278.89781906770736,259.7751652416596,2627.140961821347,8014.995964693531,87.63553138243589,74.35332855572298,8.377477402950449,1901.5803618141988,0t5t37dhzxrwf0003v982kgb8r
0t5tj3hnjnw7n00044ysar2fw4,4.119984805583954e-05,,,,,2784.9087608101204,3207.258883802219,30.72293480225707,3848.1420007086235,296.7762298167039,152.6955828098866,3880.23796640099,307.92420099624985,65.694361298445,69.97385927286683,13.341376787725999,518.4755364897089,0t5t37dhzxrwf0003v982kgb8r
0t5tjbp499z1b000mw8xgdqas8,4.12999652326107e-05,,,,,3211.596012949195,3069.165898778084,228.0919901908261,844.7245736109452,157.37642922236492,110.42945417395525,201.22579186933,7706.132150513926,37.367418406375194,34.66889965643017,4.297635518024054,1599.077906411093,0t5t37dhzxrwf0003v982kgb8r
0t5tjketcswgv0007qy0kef7ym,3.809994086623192e-05,,,,,3275.053096668547,4210.03973517789,33.49996612848787,4738.192412223663,295.51381367045707,59.753353443880165,3872.3965890385825,7312.432390374879,85.55576394231977,27.75512196974754,15.725939401816477,2367.5870944629864,0t5t37dhzxrwf0003v982kgb8r
0t5tk0awpdvt700090fpyce9mm,4.91999089717865e-05,,,,,4279.338284040836,1014.5122753225103,97.38131242634515,2732.78175086658,147.19350165628833,253.53461099918675,1269.0748878800543,4419.865403232023,69.38959142158089,76.0962157303351,16.397164209389704,3609.05713398139,0t5t37dhzxrwf0003v982kgb8r
0t5tk9416st930009xbk3yrdy0,3.720005042850971e-05,,,,,2929.393241592395,482.97616000613135,27.42070802430574,1336.2451029765793,227.78009817432317,209.58474988681328,3615.672734011173,8038.464351855455,77.99036196178568,67.95961146483916,5.83700742414667,2388.591611571879,0t5t37dhzxrwf0003v982kgb8r
0t5tkhxxt1s2f0003n3z087b9c,4.5999884605407715e-05,,,,,304.3090955194144,1341.4813004649827,29.550613181305376,2347.386564222947,28.758313734904082,95.17292289296991,1488.4933299729314,5555.677425879618,90.7932402572333,72.55658455646756,5.2614914536888655,3095.585523507097,0t5t37dhzxrwf0003v982kgb8r
0t5tksa20nya5000v0ecz0s91m,3.7400051951408386e-05,,,,,2417.179213049776,3220.801575613776,168.70784120076516,2309.309166425025,28.29997400202616,104.02893418732657,3560.0830515182383,3018.4843843993103,84.49776514287261,64.22511525245366,3.4190875048458924,2918.379151337942,0t5t37dhzxrwf0003v982kgb8r
0t5tm1z9ynw3n000hs3smampwm,3.7499936297535896e-05,,,,,3330.3505744032777,4720.357346157518,74.99312289393096,2203.9622794907455,154.36621609606442,268.2208333037492,128.5318727827388,8094.361007106831,30.991333778939417,82.7315823734346,12.545278062880225,626.657382205696,0t5t37dhzxrwf0003v982kgb8r
0t5tmb85f9sd10006bqwb7gm50,3.9999838918447495e-05,,,,,4546.525609753684,2816.4400697141086,240.64009707260635,2484.0848947493114,124.59743422115164,141.45005448669275,2966.622161433522,8650.023134839857,54.06251690336158,77.23576061039952,13.819612740251728,1972.6604581704273,0t5t37dhzxrwf0003v982kgb8r
0t5tmpaeyxv7z000926kx9mgym,3.8499943912029266e-05,,,,,805.4130126112123,1892.293521397531,8.6113528778268,2983.090537317418,79.3303489049589,171.46552230519364,11.76802808070234,9250.057633849216,83.3876257140435,84.74708286227151,8.230628194382131,756.3808384524718,0t5t37dhzxrwf0003v982kgb8r
0t5tmyjgydskh00044erqk75nw,0.00012059998698532581,,,,,1043.3472833943033,2166.0262583704816,116.64240688968339,4147.034724402078,80.47818277425017,166.4799121023061,2236.6328632434584,7570.955812597151,39.75649142494753,46.74562716523133,1.5814670186677624,2054.218699863821,0t5t37dhzxrwf0003v982kgb8r
0t5tn8n5qdxxf0002yzqhf5a3m,3.8400059565901756e-05,,,,,1784.7120348800463,1910.1551895927241,29.535126576767087,1327.0343857782734,156.24064164096572,49.939209076846694,2732.8884472135546,4796.634135566595,79.7679213582092,96.09270244225516,9.025219017000435,1025.4009193847173,0t5t37dhzxrwf0003v982kgb8r
0t5tnfds6nzmb000vgfcrv5s6r,4.4999876990914345e-05,,,,,2103.3977606317508,4977.4436803173085,232.9754220437319,4451.3190551366215,167.66274609150037,76.27468191760272,4201.339508643905,4711.808579725355,95.54389193171758,63.61991564078864,19.944345882670792,3303.920454205824,0t5t37dhzxrwf0003v982kgb8r
0t5tnvcpjxwgs000q2mbgqxpx0,3.9499951526522636e-05,,,,,488.7401082076382,955.5641128774672,298.6014362696876,1324.1273025714574,75.53523758928256,42.56712696019114,1345.6464450930366,6849.105609534825,90.42673651944108,57.58792389980427,8.497428639355176,1081.7012819285396,0t5t37dhzxrwf0003v982kgb8r
0t5tp1j7t5x410008sg7yq1vyr,3.6400044336915016e-05,,,,,2777.0511354189116,1508.403419568888,176.93148076711776,366.874749493432,272.15107838854806,222.71753146471517,3649.2767854452604,9056.383275017184,44.73948292947421,54.17762699654941,13.47601948494837,2798.582054483776,0t5t37dhzxrwf0003v982kgb8r
0t5tpah4pnyv90006ca2hpj544,3.6599813029170036e-05,,,,,3671.6224800464515,168.62166424240814,152.40616651326923,3496.7541815593218,207.41844152034662,56.86203780655292,551.8497758727003,6886.656457430816,65.25875132289445,49.52409384533805,7.078272052028007,435.80525749384907,0t5t37dhzxrwf0003v982kgb8r
0t5tpjsdzhvrf000na9sj2vmrw,6.29001297056675e-05,,,,,1717.8162324708287,2553.4373853993243,80.100634606815,1879.7507589165216,127.00193870776755,244.3871575112722,3315.6315765764725,4147.658574782883,42.492842589415865,66.8735046573589,19.41901209956083,103.10443044140297,0t5t37dhzxrwf0003v982kgb8r
0t5tpstyksx49000nk0te68vx0,4.100007936358452e-05,,,,,4664.415621848761,2052.9453258668127,268.7520718891792,3872.1470687596184,63.14783898155599,268.6488212990562,4606.355929580775,721.5789591643845,40.28811061283662,52.56172362864031,17.856185698284662,3248.505786079533,0t5t37dhzxrwf0003v982kgb8r
0t5tq3sexhsfd0007ez37ejsh0,3.6499928683042526e-05,,,,,1163.736959102629,2864.8651690959887,294.09350787648503,436.95586869505786,149.55257241285852,167.99590100627375,4053.880346618849,7636.311973564602,32.18560325187562,77.74406229421916,17.328539659625957,2118.441195193026,0t5t37dhzxrwf0003v982kgb8r
0t5tqc1zshx83000yxk56bc1y4,3.8899946957826614e-05,,,,,2065.318948189423,3286.215419467165,118.4836145153289,180.11631058195084,291.62159367154754,128.71713684718378,1628.0087805492415,5685.247171424495,62.467686658329015,87.54529123265853,1.211650885306438,1716.0359686921809,0t5t37dhzxrwf0003v982kgb8r
0t5tqjrtz9waz000r5cevftsjw,4.2499974370002747e-05,,,,,1010.1888745615369,3822.426053838595,183.83029015654577,294.2124858933188,102.9165702719973,25.776718095592486,3128.634318602834,7920.989711338736,53.67893740003018,81.94311683634454,19.52114630968997,467.99893804587884,0t5t37dhzxrwf0003v982kgb8r
0t5tqtazhdzhz00091dnmkchyg,4.009995609521866e-05,,,,,4246.283146332952,2144.9489946321482,164.72801425430765,3058.270124876845,127.3154473558687,148.02904716231865,1687.156045791165,5662.522898138566,72.00581071059935,96.51982479842334,16.3464002382378,1171.4492979514534,0t5t37dhzxrwf0003v982kgb8r
0t5tr3g3znr07000cf77j81n4w,4.950002767145634e-05,,,,,1731.157089067421,1094.1222522850112,243.19009880828057,3643.0920080319574,148.27718219981202,264.79644803584887,3623.1926675636346,5659.392083521083,91.1360244753774,87.56547512265158,4.538576219581045,1511.895324664428,0t5t37dhzxrwf0003v982kgb8r
0t5trckvzhsff0001ay05kjbg0,4.449998959898949e-05,,,,,3760.1846292805053,1762.2940643659065,290.9555644785281,3290.4121322308492,221.22228218232146,238.96142120811876,396.052392744594,7758.369930611832,36.94186845075196,75.73096311782197,16.03244839983819,2117.399662244873,0t5t37dhzxrwf0003v982kgb8r
0t5trp9zfsxcf0002t4zeeff7c,4.309997893869877e-05,,,,,4744.108826929719,4425.745967750278,185.97245191321312,536.8460084741761,215.65102487696814,186.61456783886342,3396.2108575216175,8898.293624985978,42.30224012324747,55.59714082317231,12.395548690789045,2517.87376168252,0t5t37dhzxrwf0003v982kgb8r
0t5ts11g99xnk0001yx3zxk114,3.979983739554882e-05,,,,,2382.434361030104,4735.030305803949,86.94651250851699,4378.434242887498,179.5261968045501,230.08833121525362,1522.5558637029937,5341.991940892094,63.57944455148777,35.34821929575074,14.44057839652367,363.8580595522007,0t5t37dhzxrwf0003v982kgb8r
0t5tsb0v4xxe5000bpj29rym6r,4.20999713242054e-05,,,,,366.78349005461763,1421.7108688181445,282.6483640930499,2341.151630575484,168.56129244349995,243.71440766789394,1948.1801869215167,5838.541251195529,78.8579625008814,48.031287867441286,2.450555323954944,841.6122432025481,0t5t37dhzxrwf0003v982kgb8r
0t5tshw4f5y650003wfrw6cs60,4.020007327198982e-05,,,,,3074.595942438475,3957.466841978321,66.12090670681191,4175.216361475532,76.34645561508414,229.87428506111948,1483.5544697616992,8514.411629506623,37.52933781349712,30.85687733397355,6.74328356405964,397.41035964048893,0t5t37dhzxrwf0003v982kgb8r
0t5tsj67txr0k0002tezxbswpg,0.00017779995687305927,,,,,4219.41597165906,2336.0894818673255,176.34667914868274,1684.89516501288,37.323161267901256,165.46147146772674,2743.9965640243804,2642.755349879638,41.12078668671722,48.75707711569302,16.006974827525152,1597.7738852151267,0t5t37dhzxrwf0003v982kgb8r
0t5tssqy1xvb50005gb3sa9c1g,3.9300182834267616e-05,,,,,723.1286671797732,3594.055368752439,200.56829186859005,3404.526795644939,282.5689286325283,28.886778314632547,4118.885142561209,9632.00665455518,49.5276782985929,53.01641104180925,18.26508079318488,2428.8245361306863,0t5t37dhzxrwf0003v982kgb8r
0t5tt5bkqntan0003a73cmxqvm,4.1999854147434235e-05,,,,,3870.3525439776454,1898.2189885823982,250.22123548631274,4768.698858250692,132.6296850593869,73.45924040639763,2124.467820036205,3738.6281078950537,42.47351504708909,37.655100294791346,13.145925732406102,3163.6650120144527,0t5t37dhzxrwf0003v982kgb8r
0t5ttft7kdv5q000ah10p66ybr,3.8499943912029266e-05,,,,,4212.342464147681,534.9744285297502,131.94711333605528,1907.9203380415183,245.6787225291428,39.2784134918905,848.62100499063,147.06695924580882,67.94933417348537,94.1806557912736,11.054013688907878,1877.973594103524,0t5t37dhzxrwf0003v982kgb8r
0t5ttn7m4xvjq000txr8hszekg,0.0002501998096704483,,,,,3861.748982535039,2499.3083718358002,295.14742433614595,2105.395031708274,153.24138230117939,175.26992422014,1150.1979372073083,8339.200440488268,30.980739338116734,43.180364377437634,5.894878787106769,1196.6447752182407,0t5t37dhzxrwf0003v982kgb8r
0t5ttyfqfnxqq000j5fv8bmqtw,3.7400051951408386e-05,,,,,4619.7238068482175,756.8931223430326,209.89269996892963,3707.456896612368,194.08070711592265,137.76086551290075,1761.014403977517,339.23959181980524,43.11185127792017,57.50424285804733,13.435083075917923,931.7138561708922,0t5t37dhzxrwf0003v982kgb8r
0t5tv5kyddtn900077zfn0gasc,3.8800062611699104e-05,,,,,2823.2646210160324,4519.50115849338,117.46232503409384,4396.670365914729,29.937033080485136,227.62833475338294,649.9623380611285,1187.96628030144,90.25095512738653,83.0741897761868,13.79994841742856,2878.408666640824,0t5t37dhzxrwf0003v982kgb8r
0t5tveq3sdr9q000fyw8xa8fcr,3.8499943912029266e-05,,,,,3117.3092839756146,3536.8312676392998,73.7560493648188,382.05393707767945,39.475141463922974,143.00256039056794,4911.970891535559,6117.563847311928,87.05639049047873,67.27384973866006,6.349293548575421,1120.5830777124675,0t5t37dhzxrwf0003v982kgb8r
0t5tvqa22sva30007v1hhktj5g,3.909994848072529e-05,,,,,1417.8606257603321,1393.1800864984928,182.45052508812338,1818.9547266964044,183.02312832978896,150.91077788946012,1731.6443203451304,3707.174345540464,68.13052337919027,65.09620157973742,14.397379608035093,2313.067236362191,0t5t37dhzxrwf0003v982kgb8r
0t5tvxszj1reb000asf1nc5nww,3.600004129111767e-05,,,,,4550.235092964087,2402.2772724443103,272.6955568920383,4981.635941204311,67.83041398257288,203.3447150738794,1905.0433598916356,8317.507455467181,75.76459558540074,30.242078337170778,14.583287640081325,3349.4202171898455,0t5t37dhzxrwf0003v982kgb8r
0t5twanjd9wa7000c8581e80eg,3.8400059565901756e-05,,,,,2574.6295469391634,3242.9282632349623,211.43156094003444,568.4870985197961,159.70197985422053,83.16739518466935,3501.2580253992533,7131.140242731525,61.25536213945108,60.008605797094134,1.7501674190713352,2158.187487418183,0t5t37dhzxrwf0003v982kgb8r
0t5twkav0dx4v000xsk277emd0,3.8899946957826614e-05,,,,,2768.568280599331,2862.3580523921305,97.89055484420084,243.13970261039958,272.084267763152,120.7883607256844,3614.8131419659403,1098.5461595322129,51.3628921609211,32.737675865485485,14.745914176309267,1142.879042523606,0t5t37dhzxrwf0003v982kgb8r
0t5twrz2t9z6z0009zpx3by6j8,4.91999089717865e-05,,,,,2082.482288996854,2401.0583502064705,165.29574295673882,2664.4515848430224,84.17200412260236,241.35177421781123,2120.642325593175,7930.112970007692,39.06262416672033,63.16250662795132,4.288657985493768,269.0081543977708,0t5t37dhzxrwf0003v982kgb8r
0t5tx1s2jxxax000fdqbtk6far,0.00010349997319281101,,,,,3972.26471554105,1863.0968658590798,275.4221941991935,4049.1526387400795,130.8949502350298,120.52523064222325,3931.3283961755574,5346.248412211326,66.30342286758776,83.74684821334458,6.739229203856382,550.7420913363077,0t5t37dhzxrwf0003v982kgb8r
0t5txc0evnvpv000janj7rvmvm,3.8700178265571594e-05,,,,,4330.501454072559,764.1295365320965,167.208667890829,2113.2140150303157,295.4410752191747,268.2058209125138,730.4016024461811,5905.170282824884,90.19560511764195,62.5400110326134,14.663862759992755,2260.503662638425,0t5t37dhzxrwf0003v982kgb8r
0t5txm27p1tjs0003sn7fakhww,4.259985871613026e-05,,,,,1109.9313557230653,680.7387137842168,169.14672698848355,438.452774352603,182.437218988926,229.5387001194732,1731.2901802109602,1423.4630950744904,94.88974770754587,29.571108440224627,13.670054885492078,1976.7355527585623,0t5t37dhzxrwf0003v982kgb8r
0t5txr20nsy41000brr4cwzvwm,4.0400074794888496e-05,,,,,1708.6828400661805,4417.622629843172,266.4768686444642,4533.67182463804,201.63144009213605,25.91711799281003,101.23646407262652,5823.006161377917,40.20870157352401,95.56116443108597,17.269363959450892,305.2942356457405,0t5t37dhzxrwf0003v982kgb8r
0t5ty1c81hykq000vbjwb4sc7m,4.4599873945117e-05,,,,,2238.813785854584,4041.3671321949137,37.94145533957115,3904.254847465161,47.14945634891937,190.89086202261655,190.61768571107427,8621.689960872327,95.645094620862,50.99307964000299,19.19118099671178,1072.3843599436084,0t5t37dhzxrwf0003v982kgb8r
0t5tybma2hzkn000zw773tftnr,5.7800207287073135e-05,,,,,3418.940347931357,3965.722715211845,47.90677735865498,816.5428122742672,249.04414098568037,77.32979925369158,3745.8655271107705,9447.940798420666,65.22267506626933,99.19567698231245,18.631979885271704,1626.144809078888,0t5t37dhzxrwf0003v982kgb8r
0t5tynwm65wwn000rzax3b100w,4.520011134445667e-05,,,,,2878.227147968645,3728.7578275753835,21.852872887011173,2805.6801228841086,178.6461980853461,67.78016884995031,4527.956356663209,8386.71354614072,58.665854944726355,83.22446798641684,16.592292131580507,3496.7919327813233,0t5t37dhzxrwf0003v982kgb8r
0t5tz20w0hs19000s91was2fa0,3.800005652010441e-05,,,,,2253.980001847781,4611.083641710414,28.72155841609219,4662.074491209981,157.37110055011098,41.07356756190233,1297.2387602064548,8899.552326094237,71.69676706280487,25.610681605330477,17.37729669612117,3587.3605617933363,0t5t37dhzxrwf0003v982kgb8r
0t5vcqdkxdstn000c30gww42e4,14.414067400153726,0.04256990844459,0.0008471659743351129,"[0.0009148424733097672, 1.4999372647848959, 0.48290281094410836, 1.4921794775265342, 1.4971171051990326, 1.4999328350984014, 1.499235910914283, 1.4997861950818432, 1.4930700168339848, 1.4995509962655444, 1.4982577392702168, 0.3753300896766114, 1.4995276219357343, 0.04131142263122336]",0.028544146034793234,100.29442043612933,101.99305857055688,299.9961629600307,9.476332356552986,25.07024952577866,25.148326318020793,16.016535568880272,15.072676873711474,99.900276450955,25.067661475546952,19.998765833687667,101.57491582999032,0t5vcq6bwxt3f0000hncsbbdw0
0t5vcrpz95xw9000tc1y7n8gzg,16.151368299964815,0.027526279284697364,0.0008598419348621109,"[0.0009194793514288781, 1.4972321591292421, 0.4298137203316812, 1.492872086489407, 1.4987909735659577, 1.4996071477370694, 1.499863970504103, 1.499810794281305, 1.4965168512645304, 1.4984219261962248, 1.496771311667228, 0.3632398896122173, 1.4989239021581189, 0.03518782618630089]",0.047040526415024445,100.45471823272902,100.68171893318186,5.381170794248207,7.5908317372028495,299.5452580204699,299.80347553841176,4998.838398460143,11.021980751691059,99.99038786993961,25.088043175948584,1.001177253941933,3995.5381003716707,0t5vcq6bwxt3f0000hncsbbdw0
0t5vcxgmasv250003th0cktqbg,16.484096500091255,0.054418019095520485,0.0008217514373159786,"[0.0008935797858789073, 1.4996242101952209, 0.4510874424424088, 1.4976027264800336, 1.4979597730288094, 1.4981111760699972, 1.4978773062154782, 1.4996796365741716, 1.4999971195854134, 1.4988694503668978, 1.4996968704050668, 0.36587164965744645, 1.4993535858855083, 0.03123315927754851]",0.02642681520611419,101.63945774330944,4998.979310420445,299.34788352170136,4998.804127063895,25.379364457029723,299.9423379418355,14.622453032052318,10.838794178105177,99.99427199798646,99.99070714409176,19.996106998151188,3993.063386946983,0t5vcq6bwxt3f0000hncsbbdw0
0t5vd5w6gsypk000aycsb1cxc8,16.31850549997762,0.05117970145361311,0.0007527168922384967,"[0.0008496507691365795, 1.498549816973112, 0.4479608318933543, 1.4939446275641615, 1.4994447300975158, 1.4987720150404158, 1.4999174656478949, 1.4995606275076074, 1.4990194225611024, 1.499609296587344, 1.498907661753162, 0.3605095021557705, 1.4978855658981425, 0.03229024573308878]",0.023495068308849513,4997.773058715638,2972.4009197179676,299.8832605850231,4990.26024651294,299.9930927312405,299.51748903468956,12.865312813545561,21.455441220113784,25.147299544957015,25.099534290763238,19.991894148828155,102.1798272976156,0t5vcq6bwxt3f0000hncsbbdw0
0t5vde48gsww9000f4vy0wxya4,16.635627000126988,0.01911290558404366,0.0007515064417232177,"[0.000848000490702534, 1.4997380689524848, 0.44102762964806624, 1.4979570763980155, 1.4984949031315438, 1.4998449643630292, 1.4986521662381636, 1.4988561821840012, 1.494612609353909, 1.4995721127275026, 1.4993524854469729, 0.3684401025102557, 1.49928507006302, 0.033576256928647186]",0.028822260261153348,101.32754009602952,101.12838724215501,299.5163359174222,19.296368554447717,25.24883632446038,25.936800400969933,10.512139161100075,20.316433702850617,99.94315757819273,99.95969580088119,1.0040116497043003,114.37381913988631,0t5vcq6bwxt3f0000hncsbbdw0
0t5vdfemjdw53000r09rt0ezx8,17.645821700105444,0.04500274417431491,0.0007039266618466615,"[0.0008123856966854772, 1.499352919836527, 0.45256587819471894, 1.4995833792930495, 1.4995219305056602, 1.499684414583173, 1.4956657277094088, 1.499400212998153, 1.4997027552502442, 1.4994397064707397, 1.499190770042634, 0.3790054909224636, 1.4969032665452966, 0.03215138516885128]",0.023839158947388594,100.57353203886221,2124.640295408515,5.412355208640717,15.66653526937114,25.25796863348686,299.95079000465284,4998.231726119171,10.141211687457616,25.058073996300052,99.98160353804417,19.99996391009686,3998.4188177615724,0t5vcq6bwxt3f0000hncsbbdw0
0t5vdg1ejdtmz000cy37mnqmm4,17.18687710002996,0.02741311879031075,0.0007891148473316961,"[0.0008955629567874678, 1.4991611619367373, 0.41434394307289635, 1.4991473144934306, 1.4990653425930387, 1.4986611035818074, 1.4994669272047991, 1.4994698478093509, 1.4974070259665617, 1.4985109881046605, 1.4980874667688955, 0.38424232735015307, 1.4954912094449826, 0.028742815651969095]",0.031863659776052745,102.84276091204369,4997.50466707855,5.415104632554604,4998.865330329047,25.01778295056749,25.77404997944213,23.05628736146193,17.496306859761276,25.073454086912026,25.035789254292144,1.0232961038212587,115.15037505689925,0t5vcq6bwxt3f0000hncsbbdw0
0t5vdq66mdrgz00023z9qq9gnr,16.012419200036675,0.01465671572324099,0.0007094325177129052,"[0.000829691807588245, 1.4985563072894426, 0.41316547785658103, 1.4988875425679322, 1.4992267475228966, 1.4997103347422858, 1.498937807254298, 1.4979053270220999, 1.4994083593893865, 1.4987245784771905, 1.4952477994692406, 0.36491775630839807, 1.498949242357845, 0.027496397703299418]",0.03203970748652345,103.19025220806475,2215.566853059659,5.136526790326405,4999.213702810996,25.076538508548932,299.6903305804322,4998.816467160346,11.772013995973827,25.138088367295452,99.78568503935803,1.003241786126177,3998.573256314063,0t5vcq6bwxt3f0000hncsbbdw0
0t5vdqrbaxxzq000vwhbg9th3g,15.814789000200108,0.03948592986028866,0.0006825494441767541,"[0.0008053869023175626, 1.498592626470891, 0.4393804102542009, 1.4998071717678596, 1.4994944497254425, 1.497265462438997, 1.4984732760958277, 1.4989407105383203, 1.4980845015637692, 1.4990700460671789, 1.4992775376364684, 0.3651514003171533, 1.4983265700833641, 0.026159815934939587]",0.03603914930415809,4996.943059123849,2101.623216552597,299.7856085481328,4992.636453663433,25.903829614961584,25.112544267406147,4998.866865810478,9993.215642492305,99.99402836591199,99.97001595374743,19.998924642095517,100.7681175975413,0t5vcq6bwxt3f0000hncsbbdw0
0t5ve5gn1stv100089vr72rg54,15.216406100196764,0.04784025332216747,0.0006719235942305215,"[0.0007922531043881957, 1.4995783273370642, 0.4624868276445914, 1.4987167587370924, 1.498523613790748, 1.4991023789127396, 1.4989838131108497, 1.4986630042167906, 1.4960973753373916, 1.4975183003980232, 1.4937029622915468, 0.37958328969631927, 1.4998371440345286, 0.027004065012899536]",0.024291453903325055,103.61315559180899,4998.358256049754,299.4741819410591,4994.884718117297,26.193126205845406,299.98731564570693,23.127114612384712,9997.880637068209,25.0133524504697,25.00772068018704,10.284664930887843,3995.3474713119363,0t5vcq6bwxt3f0000hncsbbdw0
0t5vej34vhyxn0005g0ad4tgnr,16.598770700162277,0.022574220202836833,0.0006555095164394618,"[0.0007855518375938075, 1.4999901748148272, 0.4487616480863619, 1.4966691490885367, 1.4993173106806, 1.4973700892686026, 1.4972225093661748, 1.497022455708509, 1.499283061521355, 1.4995063194059073, 1.4979183951694672, 0.37730060105736196, 1.4982514420318824, 0.027941632948409227]",0.02037909884434045,102.47742706262746,100.66129838632179,299.99017505390043,4998.50472639324,299.94813147207236,25.06514791179064,4998.364037331646,13.969914011673628,99.97761453195521,99.95066883833363,10.76199494788741,3998.7838925819756,0t5vcq6bwxt3f0000hncsbbdw0
0t5vetr0cdvkh000865jnh7vd8,14.554975599981844,0.05983254515105646,0.000640677507774242,"[0.0007501936231437949, 1.4994740613795317, 0.4489967366658384, 1.4972640622281537, 1.4998792763774575, 1.4989794494207298, 1.499296897501873, 1.4996145459306913, 1.491601634031234, 1.4983382211007372, 1.4983625981221647, 0.39816301878312954, 1.4994040726083422, 0.026446369598203]",0.016047311605859062,4994.3997875980285,4999.213767887217,299.01039981605606,8.66839928001884,25.055825327711464,299.4994225746081,4979.83295287712,23.865328212959355,99.97791929976933,25.12204981517237,19.996103199376414,101.31112980496884,0t5vcq6bwxt3f0000hncsbbdw0
0t5vf1vf8ny7n000e7k0cw5gaw,16.201982700033113,0.05146923873020516,0.0006232425331112763,"[0.0007559368839943157, 1.4978045982297916, 0.4463147953770384, 1.4983226983587603, 1.4991343528827108, 1.49952835072712, 1.4996738058333678, 1.49922672337381, 1.4958647792700597, 1.4992565622734273, 1.4994999859339253, 0.3910858658564982, 1.4968444468910374, 0.026512246965149033]",0.022843149658615024,109.26340139438808,4999.0277356176575,5.083775177149238,4999.288692473069,25.107231538237357,299.264631980592,4999.413223384693,9993.7089432609,99.68190282667197,25.068713096509725,10.063236994710223,103.55708018541021,0t5vcq6bwxt3f0000hncsbbdw0
0t5vfevrthzgh0002cdqjnsjdm,15.955907700117677,0.01692882489454866,0.0006747296179645232,"[0.0008055542411691038, 1.4997247595807501, 0.4515866254314477, 1.4991383288270343, 1.4999205276206868, 1.4993461624411655, 1.4985123309803536, 1.4981745875939299, 1.4981572781209667, 1.4990717670835558, 1.4986637204329734, 0.39242731179511814, 1.4990753894877762, 0.029652329619235793]",0.01589200666778012,135.72032085632188,100.54983013597544,299.90993409766355,4986.628642974393,299.1724238693427,299.8554037539597,14.92368554697274,9999.669088129729,25.183480306997414,25.166919716834787,1.0030076434146162,112.59471699156434,0t5vcq6bwxt3f0000hncsbbdw0
0t5vfr1wp9xeh0003f8vg18b3r,19.088647899916396,0.047467892239489315,0.0006395997809183815,"[0.0007825677351157318, 1.4989543135079457, 0.46014954886882015, 1.4999356153515235, 1.4990673254424338, 1.499769360056779, 1.4986747741939856, 1.4983394396269851, 1.4965604419398826, 1.4991053115060533, 1.4966844526115874, 0.39166030284831943, 1.4997964899864589, 0.02823898343226503]",0.033732710082474,101.45733094172384,2862.1488704442163,5.010300178746307,4998.699439943416,25.18925312717168,25.61286045234078,11.243324982532643,28.761706409963654,99.98272549584115,25.08782160865012,19.998805501116063,3995.150093185564,0t5vcq6bwxt3f0000hncsbbdw0
0t5vfzvhvxzvf000bkksemzcqm,13.847069299779832,0.02337484506816474,0.0007066217861355745,"[0.0008313228443079142, 1.4996532779245508, 0.4475843051372819, 1.4971188207133908, 1.4986526161194185, 1.4976981226298955, 1.4974565945648495, 1.499286881108337, 1.4795035725414496, 1.4992656742112325, 1.4997958322134313, 0.38999361105688946, 1.4954116604202445, 0.027206369037774257]",0.012275239420197523,4998.521706635147,103.2205382920119,5.435678536876144,11.628874398755906,299.7446666551451,299.99282504952924,4995.21028600483,28.47442058922513,99.99025410492308,99.94730099038787,19.999959902060237,103.12526833604032,0t5vcq6bwxt3f0000hncsbbdw0
0t5vg0cz1syex0001043r1ayj8,14.24626150005497,0.060525317474993574,0.0006767436385285727,"[0.0008119429775245955, 1.4989759267314757, 0.44163928854378603, 1.4991180701436924, 1.4982249232608917, 1.498168221367819, 1.4994398391269512, 1.4984101963079723, 1.4272629277142874, 1.4994038876128042, 1.4999036044924359, 0.38257225384602345, 1.4957336620404922, 0.02590622399198013]",0.020649283561397395,4951.9685506112855,4996.787557434563,299.9030638359295,10.373867209244393,26.198278911279676,299.6538135808337,21.834114546167385,9985.403875775957,25.633933602672652,99.97957094780477,19.99622335171785,3997.8687297835063,0t5vcq6bwxt3f0000hncsbbdw0
0t5vgayq51vz9000157h4vfbtc,15.613299399847165,0.011469600051448401,0.0006375480232990605,"[0.0007844478458514555, 1.49700435705493, 0.43321167305354547, 1.4960948135347403, 1.4996438244707107, 1.49980067368655, 1.4996189593711222, 1.4988941835741891, 1.4439489926182059, 1.4977393182858827, 1.4994559481305072, 0.38195038832617534, 1.4998884038760707, 0.025896658308512045]",0.018992544603817274,100.78374973772351,2102.2611987148816,299.7575833854811,4996.778458762518,25.03148430147887,25.41166459917596,4999.099027316006,9994.571963741833,99.9769396401051,25.00606937253443,1.001616009149619,3999.7733952062863,0t5vcq6bwxt3f0000hncsbbdw0
0t5vgrbaa9rc1000x7cvd4cee0,15.760456700110808,0.010971883506393923,0.0006214783864964074,"[0.0007592731167561356, 1.4999342265381173, 0.4400267458460757, 1.4986605786058818, 1.4993999794125643, 1.4988333598237915, 1.4976404306929116, 1.4988934620475352, 1.2784543864209423, 1.4994694825858348, 1.497512168000794, 0.39020489715132123, 1.4994535704556309, 0.026443658479304515]",0.032477839031118505,4989.883705507875,116.78530882550143,299.3386380462314,19.70454038679788,25.137521513837445,298.56080291452923,4980.3242885719155,25.976396592259537,25.004966328146836,25.16690931203186,1.0235034581116582,107.14241210883878,0t5vcq6bwxt3f0000hncsbbdw0
0t5vgxjq5drr30007p7by9h0wm,16.021477300208062,0.0629929459191077,0.0006090669111774922,"[0.0007291775713981121, 1.4997238792532226, 0.4251322644547462, 1.4969190183161762, 1.4975871422730234, 1.4977731256977163, 1.4997205385239996, 1.4980899439072244, 1.3669904154595822, 1.4969642479811087, 1.497559897136415, 0.3807500280933592, 1.49898228907772, 0.026316009821024507]",0.026675973920001803,153.6924761980448,4992.890858471907,298.73669209053725,4982.995214137314,298.92290416951533,25.91464043278351,4996.427418494227,12.734179361149687,25.223146740929884,99.40786494996294,19.9837145556297,150.33680101243277,0t5vcq6bwxt3f0000hncsbbdw0
0t5vh6nxs9wfh0000wrm768mnm,16.00373089988716,0.026043681600676175,0.0005873043880706377,"[0.0007366576842008938, 1.4990532369468825, 0.4082877541131586, 1.49905008596643, 1.4998238638597203, 1.4975566973972332, 1.4987074476904194, 1.498712449051369, 1.497442271495455, 1.4989356742143483, 1.4993489259962076, 0.3717631324020384, 1.4963877971973973, 0.02770594515909191]",0.018340170269387456,105.55040030226182,1941.6298166237998,5.30831555305774,12.63609688432443,299.5468153456597,25.06547179704291,10.218545425904285,11.645235364229546,25.115632576513917,25.03063680733206,9.0718504577629,3997.630071371836,0t5vcq6bwxt3f0000hncsbbdw0
0t5vha83zds1h000x2wvyz0aq8,15.59593589999713,0.05104442589031857,0.0005825143221855343,"[0.0007324659502821167, 1.499692353860588, 0.39769767137961165, 1.4988889110226626, 1.4998832851339603, 1.49951396254105, 1.4981427687874342, 1.499075302464329, 1.496345701311047, 1.4997416134051753, 1.4984883566564398, 0.4137879125908343, 1.489487679563207, 0.02636455970029644]",0.015185651371338964,4997.535943261554,4998.672547563399,299.7935155311762,4982.985785085325,298.71226645055583,25.10048459787117,4979.954735312419,13.62257971642673,99.7354177187046,25.02535806867503,8.313821718117287,107.60597023811631,0t5vcq6bwxt3f0000hncsbbdw0
0t5vhn869sxa7000jde9mr44fc,16.658040799899027,0.015497533744779324,0.000597161182544267,"[0.0007242771368758741, 1.49900964168133, 0.39418070280814277, 1.4999750324760364, 1.4968422481257033, 1.4997893390451318, 1.4996960627582776, 1.4970661259827223, 1.4977490391634443, 1.4977903209088521, 1.4999539094032124, 0.41420084744705177, 1.496378599055601, 0.026613210513069502]",0.015844629856804654,105.90748004389017,102.52191740382482,299.91282134106336,4994.53341304656,25.7054998241705,299.1026332098523,4996.637206563251,18.04948652193035,25.266857012200564,25.063934290560844,19.998680980078532,3968.5379227526064,0t5vcq6bwxt3f0000hncsbbdw0
0t5vhxz9b9xns0006jf49dq5cc,18.362040400039405,0.01297608691571981,0.0005652528351361557,"[0.0007066154503854241, 1.4988969066060038, 0.4102980408035622, 1.499103794492541, 1.4999964838156448, 1.4967185198553872, 1.4999298469113056, 1.4996613268786239, 1.4880608591692899, 1.4989302448233883, 1.4972482628923234, 0.417299396028623, 1.4879090965176927, 0.026002602123578286]",0.02716578645253852,4999.423364685164,1705.858279011772,299.8373532956879,4997.700563848142,299.9539847324259,299.7591397230695,12.604763848791949,16.649450906303663,99.98776907859123,99.97097966204656,1.0032743121901286,3999.645478794245,0t5vcq6bwxt3f0000hncsbbdw0
0t5vj7953dx59000zfvkqph0pm,18.533215600065887,0.019078147039174643,0.0005560016546634975,"[0.0006864937057977881, 1.4982924576409589, 0.40515326565449594, 1.4955456393568576, 1.4992828118268553, 1.4978968148510878, 1.4983363285934403, 1.4995913150811848, 1.4951118444142173, 1.498743341407986, 1.4989477809283849, 0.4130010159633043, 1.4954676155580404, 0.025491044075564795]",0.019447820705953626,100.93251572087131,102.48113665899292,6.334940425718261,4992.7428013422705,25.455719946290536,25.06900279760988,10.263977605647225,9997.313178707955,25.075491118004198,99.90801407189632,19.965109989798183,102.18463765217247,0t5vcq6bwxt3f0000hncsbbdw0
0t5vj7wr0szex000rje7pah2w8,18.66856099991128,0.040116449625354725,0.0005466746200596058,"[0.0006776794714078924, 1.4986942969900097, 0.4021293995903402, 1.4979911418951357, 1.499464369480017, 1.4987478230770237, 1.4984419328514011, 1.4979681999120273, 1.4987884389018882, 1.4999604440597394, 1.4993004546437672, 0.4089928345078387, 1.4970963331425886, 0.025018715716296477]",0.028572071196753507,107.36236514077996,2677.61051667222,299.98420819234764,7.863214065049432,299.9257800117975,25.063639075579793,14.061211503595999,9999.956144313152,99.97810910628743,99.91080092626756,19.995039385940316,3997.54996549702,0t5vcq6bwxt3f0000hncsbbdw0
0t5vjfny89t5b000rf21k3nvd0,18.65917620016262,0.06296849628421353,0.0005230679842956339,"[0.0006668030013607107, 1.4992315692615943, 0.41876890959413604, 1.4996227190853737, 1.499592357408246, 1.4999047356974244, 1.4991434389652867, 1.4987433585773726, 1.4928199880926538, 1.4992684454231346, 1.499447395490829, 0.4224329638419001, 1.492561807199018, 0.025299516205876137]",0.018430539522141454,140.05515950229162,4996.743682984029,5.371997919667717,34.81753425281577,298.6439870452421,299.68337970446174,17.140121407267497,45.11494951518318,25.064671621349902,99.92189187359257,12.734465282235004,107.38151022584174,0t5vcq6bwxt3f0000hncsbbdw0
0t5vjg7s49vpv000b31gft4px8,15.17166949994862,0.04564077610354647,0.0005993424393587157,"[0.0007540348434120787, 1.497845943459713, 0.4604496138094443, 1.4926802196760087, 1.4977707166551228, 1.4996777266489787, 1.4995953807784548, 1.4982149304787131, 1.0682461369627698, 1.4988082251448256, 1.4960710255738203, 0.44438236053560176, 1.496833778033434, 0.022290282431880505]",0.02218533643290029,4999.704782530334,2409.121726651404,5.310105145562705,7.849289130117497,25.158090214436367,299.82103416660027,10.299865766103672,9996.648314901253,99.94064094091752,25.03433470190733,19.99991164749767,102.55093940623215,0t5vcq6bwxt3f0000hncsbbdw0
0t5vjr99hhs7z000zy46zxnrs8,15.934583500027657,0.022982359578828656,0.0007026453948778002,"[0.0008410438630186978, 1.4992056545000905, 0.5003811254944666, 1.492095329096506, 1.4989194336606717, 1.4990409432764142, 1.4993170194013337, 1.4996060955900459, 0.8507254052956408, 1.4994526535598247, 1.4999870751188928, 0.48729722841722994, 1.4985316514004015, 0.02385955756011241]",0.028423923209434432,102.31352477858842,4998.0186344645535,5.111058845778187,4999.597233053071,299.5722805228933,26.14331086884705,10.662576684540987,9998.799917654604,25.017588439817263,99.9560977906389,1.0434822932542818,3997.2453380195648,0t5vcq6bwxt3f0000hncsbbdw0
0t5vjrwep5tgn000hp9ex64rs0,17.69512450019829,0.011900458730604548,0.0006809172557432564,"[0.0008344111767331595, 1.4992211542229603, 0.5214355162025961, 1.4984826778461353, 1.4995905612662828, 1.4993906167528208, 1.499775227141205, 1.4994973561335527, 0.9255521831641588, 1.4981201734558003, 1.4985934187783094, 0.4768287185839803, 1.4953974852350367, 0.022182197636415366]",0.02889344293535786,4997.9973725739455,101.16047596635185,6.214453884381831,5.955950782153457,299.5813532313389,299.7429338036503,4999.296608201436,9990.18555288702,99.94957849215784,99.9851037931828,1.0069075961099982,107.27436265296923,0t5vcq6bwxt3f0000hncsbbdw0
0t5vk20mfhz3x0006bf9j11vq8,18.601722999941558,0.011073325538559407,0.0006294589298539772,"[0.0008136761799084936, 1.4991740537553202, 0.5183181271557251, 1.498472204767876, 1.4980003673292994, 1.4990971702061393, 1.4980391105758473, 1.4971307490314594, 0.9623502358365619, 1.4995177105731186, 1.4952603595236078, 0.4657967815821097, 1.4964528694867023, 0.022448211905967318]",0.033383290475704,4987.900489638945,112.15811594329834,5.936609922717516,11.08604947953674,25.137787040847307,25.411657223679548,4997.4999471421925,31.03658816597381,99.90344067912812,25.070819321444,11.233988857668605,3997.93694961827,0t5vcq6bwxt3f0000hncsbbdw0
0t5vk8rqe1r190005stdm9r0cr,17.963719499995932,0.012928900648578975,0.0006365019210861591,"[0.0008029277707460279, 1.4998025302461733, 0.5266623579284347, 1.4994477793190963, 1.4989156183622465, 1.4996292197515748, 1.4986740163696852, 1.4989390386757848, 0.9674305738830403, 1.4999575037677828, 1.4987136735007125, 0.47227119795975653, 1.493296057674254, 0.021662899041913035]",0.018481898345261854,4967.790415423195,104.47673386059559,299.7597619651941,26.28965547557295,299.0237132429451,25.109143681380978,28.016356589108756,26.08517837559873,25.072846975873166,99.93154836336399,19.987016510895838,3981.812447969003,0t5vcq6bwxt3f0000hncsbbdw0
0t5vkdg0whv7h000q672df0gxg,14.625763499876484,0.009357128520449636,0.0006113375453981996,"[0.0007818266055177204, 1.495767093277021, 0.5205792532221727, 1.498764296335505, 1.4992547053161496, 1.4993974104371182, 1.498176028300968, 1.4993927497241217, 0.9577800837179858, 1.4993172835226198, 1.4984896205279106, 0.47292696606665413, 1.4980539273992508, 0.021897000383489997]",0.035501939876257854,4991.279802535624,100.23367204018803,5.59080674598915,4998.263787244745,299.2940922319898,25.027038004078573,4998.229493820037,12.858812985867583,25.033666981439442,99.94956086704761,1.000272125072358,106.52610296383298,0t5vcq6bwxt3f0000hncsbbdw0
0t5vke45qxvx500058eekk3kjr,19.870922399917617,0.008449093321818271,0.0005830416892850127,"[0.0007647964968631217, 1.498342501965015, 0.5140297182845779, 1.4981465664218476, 1.496774571050208, 1.4988430562157844, 1.4997696020036586, 1.4997352376271489, 0.9891443050499489, 1.4973545515708209, 1.497126491562819, 0.47520213870683903, 1.4976554319224258, 0.021078728498986322]",0.026359958425762945,102.45630324964893,100.95043906936277,5.341581944377687,4998.383321933184,25.08711141356205,299.9666950808001,11.354653897955389,15.124336491994098,99.95459534694349,99.94528845703191,10.500490511474633,102.7099168467833,0t5vcq6bwxt3f0000hncsbbdw0
0t5vkepfysta5000yab95j4qtc,16.078728100052103,0.016373680585607616,0.0005822612060717955,"[0.000739900321227626, 1.4999434098956523, 0.5158720833176798, 1.4988811888502165, 1.4944452716236671, 1.499113349609491, 1.4996182810895076, 1.497051742174632, 1.0018520118499326, 1.49820492913773, 1.4940576911671144, 0.49276592831369176, 1.499080483826181, 0.020255745716058822]",0.029046120866425884,4955.41117975003,4994.5817802224565,6.3929949645010185,4979.746947261821,299.47334306681825,299.87409251551605,4997.478826111733,10.34208464036993,25.24926900668712,25.609960383864262,1.0413752494801782,3975.4362954208127,0t5vcq6bwxt3f0000hncsbbdw0
0t5vkv61jnzg9000jxk7w77fmm,15.73597800009884,0.024554099299453645,0.0006884133608205357,"[0.0008837090797906566, 1.4928272360539658, 0.5135883063948363, 1.4973472375365047, 1.4980893896201912, 1.4998648752729742, 1.4990140835844514, 1.4992018434275232, 0.9431201258093839, 1.498869141341107, 1.4929545760998377, 0.5217249625937002, 1.4995162572196994, 0.024018038292545285]",0.042358945696062564,4993.378556888865,4999.725563515931,299.9467375905593,4993.139990917192,25.044060550254073,299.95085275220987,17.263646951740387,9991.25538187316,25.097609408132445,99.95618221979117,1.0001651599701946,104.32428568419807,0t5vcq6bwxt3f0000hncsbbdw0
0t5vm84hz9va90009y6y5kqmjg,15.611306200036779,0.05642532855065562,0.0006874469335536647,"[0.0008783387703404678, 1.4914385314806926, 0.5187178546421978, 1.4978107709384694, 1.4969825389247162, 1.497924088251635, 1.498100199195911, 1.4989072859664017, 0.9282048830934527, 1.4991867470223206, 1.4957592375821835, 0.5393794985074847, 1.4960602439583952, 0.024807860717234023]",0.026792681682843145,4999.530179570985,4997.4931514792,5.428315121848003,4988.593407144722,299.7935678892159,299.95299407660514,4997.091076339667,12.481456850670284,99.79427346559213,99.80632290289938,19.999763459926868,3984.748316422929,0t5vcq6bwxt3f0000hncsbbdw0
0t5vm8rp1symb0008p37dhsg30,19.69483459996991,0.008382863397036828,0.0007419244760289524,"[0.0008984017702973676, 1.499878909256632, 0.515612390490038, 1.0908111633501982, 1.495938539493481, 1.4997322118133403, 1.4969715931649348, 1.496653744122551, 0.6512754456416965, 1.497461917490057, 1.4993751406938847, 0.47420952319515636, 1.499175114957162, 0.023847234366416087]",0.04274051571793516,110.33771804482294,103.26329503339679,5.152379199377146,7.384683079068134,25.120272157907483,25.215998620925,16.785960114737335,9988.178842508134,25.030863719357356,25.24875286506756,1.0124292634625844,3992.7140698574335,0t5vcq6bwxt3f0000hncsbbdw0
0t5vmffvydvpv000ngynfw8g78,13.564552299911156,0.02628736765007278,0.0007302712064869376,"[0.0008746422041554895, 1.4991471828881586, 0.5058512910286657, 1.053135446507471, 1.4979667980454991, 1.499665497290601, 1.4994370045575796, 1.497268776153391, 0.6447773947205628, 1.4973648356638578, 1.4961236429716724, 0.48352971348878093, 1.4983852531936508, 0.02293056387311622]",0.035272005673104984,4996.683543057735,4999.169976330677,5.236483261431162,13.400619143250772,25.217671934881036,25.305550566036686,4997.822688032329,12.937857817446272,99.95944342487415,99.94639628129246,1.0148362527050008,3981.189573868395,0t5vcq6bwxt3f0000hncsbbdw0
0t5vmg2j7dyd7000ntbs8sh5q0,16.889165499946102,0.07030858140574342,0.0006937989517531771,"[0.0008926312251373511, 1.496962321047067, 0.5500181508311301, 1.4574859600213672, 1.4981783000162314, 1.4984566460258004, 1.4982926700847288, 1.4976221423995264, 0.7827327024210008, 1.4988858946658619, 1.4517746801325107, 0.49949114314025284, 1.491734088841887, 0.02163967142376555]",0.029008052260776778,120.29671089863422,4997.960530227239,299.7775198727586,4992.794848794591,27.220889578913667,298.7780773480276,4999.5189771665355,9999.868460209642,99.91096446417608,25.129118681827446,19.992273599629776,3972.3667929605076,0t5vcq6bwxt3f0000hncsbbdw0
0t5vmymzm9wah000bze2txz9wm,19.510708699934185,0.050482452240107,0.0006889320734758294,"[0.0008883976600132168, 1.499662489004552, 0.5484731561132729, 1.4731094121944344, 1.4966083264529808, 1.4988297015091518, 1.4963902252376946, 1.4997105657513257, 0.8098618278140535, 1.4990186327122905, 1.4234276626479248, 0.5084894182976635, 1.497573296948533, 0.02218581561833055]",0.026345648660764352,4979.844045030503,4997.746952768064,5.281262253861387,5.494100011210762,299.6791054901053,25.10373741463266,11.679408126870214,16.965320277837026,99.94743747992727,25.12677746017381,19.987055857545542,105.44392203721429,0t5vcq6bwxt3f0000hncsbbdw0
0t5vn3v17dxp5000m37zmkef1g,18.237093599978834,0.0029057413869554433,0.0008859080805245903,"[0.0011668743166675377, 1.4998065473794866, 0.5619566789152388, 1.4956834508500305, 1.4986486176750582, 1.4981700265629652, 1.4974628626096316, 1.4978710091512564, 1.4917452714401127, 1.499891686900124, 0.9280699489729994, 0.5522240080380083, 1.4993944938070465, 0.025440232938622867]",0.04692101437235646,101.11530124324328,101.84958092273592,299.985653443958,23.44727670486799,299.77718245961296,299.9281454068726,13.943711601066633,9996.295232558134,25.075423975268386,99.92924593312797,1.0388568039421915,3998.0209606838803,0t5vcq6bwxt3f0000hncsbbdw0
0t5vnak7g5rmd000mmqjf922gg,17.10818660003133,0.04528218773317946,0.0008618564798487136,"[0.001136759314590837, 1.499149291178059, 0.5632606754199418, 1.4898681218746443, 1.4999115142563437, 1.4992172529921657, 1.4975525722033178, 1.4994033833450104, 1.49834746685232, 1.499912375480886, 0.9324980589620165, 0.5409177987595468, 1.4949282996876603, 0.025308824380956663]",0.028178531578373515,4999.70354856687,4997.887665561392,5.06199114764364,4998.96980468748,25.93121372893315,299.4931838191244,12.988845902757863,9999.697741089494,99.95660232005162,25.029937578459016,1.00440500112006,3996.6768978086952,0t5vcq6bwxt3f0000hncsbbdw0
0t5vns64dxxxb000c4dbbvxgtr,22.629493199987337,0.033884753696143716,0.0011011233427052612,"[0.0013501118755353501, 1.4975013885430641, 0.529856227614669, 1.492498059909182, 1.4918431161058154, 1.4985498894290918, 0.9031671748294504, 1.498178845365899, 1.49927596848095, 1.499283654488536, 0.8371643925589126, 0.6092880897248527, 1.4956126106259968, 0.029452153917404494]",0.030569315281195737,4986.025960945511,107.9309951587199,299.94133242290906,6.252307159241005,299.93987397658833,25.065712774987624,4997.559259985149,9984.995588592039,25.084832470903972,25.016047754506168,19.99459063161251,102.86257723771692,0t5vcq6bwxt3f0000hncsbbdw0
0t5vp2av0xs0v000p7wy900r78,21.346222899854183,0.03924673839203449,0.001031703426149427,"[0.0013485291690681009, 1.496113651556164, 0.4964815134375485, 1.4995513547067403, 1.4599177807868866, 1.4993610518321208, 0.8693399626838967, 1.4978856248924624, 1.4991118515280488, 1.4988328255416727, 0.8044615919845997, 0.6269781370217349, 1.4996243609667304, 0.028053861939847588]",0.03418250737540973,4998.626129249393,1606.1566595481816,5.060798151693087,4987.408894302537,25.00134460112848,299.95594853095145,4999.1980065317475,9993.767903761844,25.180555450427622,25.021249813574375,1.0115372620532144,3998.875137992216,0t5vcq6bwxt3f0000hncsbbdw0
0t5vphexxhy5x000zgjytagy8r,18.119929499924183,0.016717717638718797,0.0011583384237264151,"[0.0014609528839619225, 1.4952297399893322, 0.6493651961044947, 1.2558969895086627, 1.4982831228865297, 1.4990978610423382, 0.8611656678844632, 1.4995889364767907, 1.497857316060845, 1.499073825414159, 0.739102924391897, 0.6944800195198482, 1.4946465556850292, 0.028246163126021365]",0.030198474064503145,103.62446415548625,103.54501883988266,299.95833475128074,4996.6495171525385,299.75082509064725,299.88810866386115,4992.126250713941,9986.394553091915,25.060915474550562,99.99881359067096,19.980602785184445,102.76437466345143,0t5vcq6bwxt3f0000hncsbbdw0
0t5vpwja85ya1000138e6gk7y8,20.146657099947333,0.0208283423907459,0.0011263693962514645,"[0.00145435658570435, 1.4956239808281786, 0.6466192088698169, 1.4869544672950816, 1.4933895004679036, 1.4981570352384015, 0.8347445846247141, 1.4998582671184955, 1.4988329323269416, 1.499832869015219, 0.7964813107748464, 0.6922837644377875, 1.4971944796063266, 0.02896692535731732]",0.03574209090466116,101.26769847344274,4999.729349546053,299.7029664408871,4982.093991664348,26.207611427880686,25.206537522530116,12.825410709586007,17.000694688821188,99.98556024069245,99.94880630214651,1.002802417093088,101.23373366756604,0t5vcq6bwxt3f0000hncsbbdw0
0t5vq3s2y5ynv000wvpbfh5av0,20.629753299988806,0.06382355763457435,0.001107262113244579,"[0.0014206148676658321, 1.4877028161099242, 0.6430149389763158, 1.4575604288405297, 1.491792734289401, 1.4994067936511593, 0.8350369243325906, 1.4989018547535002, 1.4982768949927001, 1.4996552893185284, 0.7566530600473034, 0.6861348299850648, 1.4995140139984748, 0.028670656545111514]",0.03868366416911257,100.92494074476814,4997.018137644478,5.002214569897365,8.53736247200766,299.92904630042983,299.6049309089395,4998.582091844474,18.467695948969105,25.0021649847757,25.01819616563611,19.994448638461417,3999.2810982031115,0t5vcq6bwxt3f0000hncsbbdw0
0t5vqahk9hvgh000mhgjhhfv48,19.313507799990475,0.06477294917630143,0.0011737542950204063,"[0.001456907933706418, 1.4979348009556497, 0.5639074982928032, 0.9270898921708711, 1.4973155046597932, 1.4999706024204855, 1.1270361679876781, 1.4986681819541925, 1.4998043031737889, 1.499561909770831, 0.47941267021515865, 0.8723883359674274, 1.497054980018543, 0.030425906150061383]",0.03545113304781641,102.48758620251962,4997.745838227866,299.9627836128283,4995.0812758516895,25.043466323521034,25.063782693146916,11.746761936974059,9998.754174821323,25.011754284243757,54.134587474663356,19.993395354548056,100.31004129722218,0t5vcq6bwxt3f0000hncsbbdw0
0t5vqnqk2ny1d00039mmkx7rq0,25.636472800048068,0.008677815066624565,0.0012765456046975486,"[0.0014783641641898798, 1.495659581067461, 0.508846157982935, 0.8547553871479375, 1.4999571959181353, 1.4974142348096153, 1.1856123511226515, 1.4986622345605105, 1.4998843960992743, 1.4982670119913717, 0.3039065658432146, 1.1978690049559269, 1.4981722719970736, 0.029802364264493397]",0.04239830169915253,107.00497900989063,100.61637773050876,299.6654775242722,11.133300650841658,299.268441507262,25.17078634566771,13.408941018856982,48.654869336081426,99.75142619716536,58.476563304958546,1.0510637334985122,3998.027770755208,0t5vcq6bwxt3f0000hncsbbdw0
0t5vqrn2p1wan0004eqcdv3414,20.2552282998804,0.056421525376514486,0.0012335906162593158,"[0.0014282359156715628, 1.487475703265671, 0.48389983076099674, 0.8113604858392256, 1.499844196773954, 1.499476468925323, 1.1958854211469894, 1.4993093159266633, 1.4997378792487095, 1.4996749096721096, 0.30022549049652747, 1.205789370875899, 1.4981406841865366, 0.03067425203705132]",0.036770909106731794,4997.094564019887,4997.660575806618,5.019543598231554,4996.463967432379,25.11545676569916,299.8511492120507,12.053886017470544,49.75088829093549,25.100529551457633,63.148336195731964,19.954628105993997,105.71496233272735,0t5vcq6bwxt3f0000hncsbbdw0
0t5vr1vks5xks000fa8esheqc4,24.17076010000892,0.002448795254681148,0.0015999110184448107,"[0.001978955217296758, 1.2914683176510238, 0.5891840213059093, 0.8380917171728562, 1.4974488913442046, 1.498299396011591, 1.0214309647880342, 1.4985382626696677, 1.4998009634393619, 1.4996917675653454, 0.47931648391510334, 1.127389391167325, 1.4998284126707897, 0.03209241398947206]",0.062213061361052445,100.36881674405818,105.18917569353762,5.014083509017374,8.750070811595796,25.230171760370595,25.180608902216623,4999.654293455594,9998.734535772488,99.93945899080683,99.94989249741181,1.0015566087013072,3998.189318278086,0t5vcq6bwxt3f0000hncsbbdw0
0t5vr2fc4xwvz000cybcnjjsq4,18.946076899999753,0.05740974986231981,0.001527490875969397,"[0.0019657254152024677, 1.246618905669044, 0.5930624664068086, 0.8254173477484864, 1.4992133297326395, 1.4997424032045306, 1.0386713107520897, 1.4998719572744559, 1.499556449129028, 1.499311217424515, 0.48695248451879247, 1.101529778743294, 1.499709582464054, 0.031800374005655]",0.05376031106333779,102.92966314446795,4995.828700907197,5.009873012886799,5.400342019542535,25.06955370726252,299.9362468144641,11.59575375300128,9998.78181645329,25.02482430727522,62.858179621197706,1.0058139856576098,3999.7780675643057,0t5vcq6bwxt3f0000hncsbbdw0
0t5vrb55txshs000625mn8dgd0,17.289328399812803,0.03663334141204236,0.0015620371783161666,"[0.0019332209417414759, 1.0476591271791689, 0.6134641765352207, 0.9070328670335088, 1.4992893995623757, 1.4991198346835222, 1.2234977686007653, 1.499792508404155, 1.4967513644451431, 1.4991662107924362, 0.5231841311872016, 0.9985413776966776, 1.4992374322722757, 0.032403271048878676]",0.029741731409226032,4998.011298963078,101.34907061421795,299.88011583459064,4996.4234351538225,25.49997476853197,299.4306144830586,11.997837978793351,9994.234854470844,99.90520394316201,25.01939973235043,19.98144298426441,3997.603568078186,0t5vcq6bwxt3f0000hncsbbdw0
0t5vrqshh5sbn0003wfa3sf3j0,20.44901949982159,0.053768531134362,0.0014891094271021383,"[0.0018931732282650854, 1.0511102963976504, 0.6172802657005836, 0.8770196965804521, 1.4998630522883782, 1.4970917334886993, 1.2655720362584453, 1.4987854003482521, 1.498927432020004, 1.4999350416058026, 0.5381113577758323, 1.0039838846921616, 1.4984081106502023, 0.031346571107552915]",0.03421412456978364,104.22244579118932,4992.382473425328,299.5975216721416,19.902527049790272,299.89107589153616,25.001834584938113,23.65965348905452,53.44100156609058,99.91442656296032,25.077277383917608,19.983012692304296,3992.004200899879,0t5vcq6bwxt3f0000hncsbbdw0
0t5vrr8nw5vv50008d4yeha9zc,30.161200599977747,0.0281306243417163,0.0015617060550983388,"[0.0019260595176601898, 1.0972578565627633, 0.6122019107685799, 0.8706275299526862, 1.4994600196798942, 1.4994228197379642, 1.2545314934531946, 1.4992095811409203, 1.4996745109554594, 1.4999035410848656, 0.5217023113828005, 0.9990984843860549, 1.4980260057669321, 0.0318695761982115]",0.03988734299902253,112.42265098801613,101.5553734538956,5.128498065469462,4998.989254595158,299.8098290761203,25.53887603794071,4992.405883537329,9999.171226611359,99.82473638073877,25.009792815238622,19.988574165594947,102.48591039179999,0t5vcq6bwxt3f0000hncsbbdw0
0t5z98zgwdzrd000vq18wv55f8,47.859423300251365,0.01983293252849106,0.001504966154676563,"[0.001904352773056419, 1.0836592084023642, 0.6013000724488675, 0.8698607682979459, 1.4945212792661053, 1.4996891920467261, 1.2168204422068074, 1.4999245677848747, 1.498046962709537, 1.4993721232072825, 0.5096514119257144, 0.9864853471389552, 1.4928823804694549, 0.032167748633041476]",0.029124814567164755,104.20499773832961,101.1688822238433,5.0611449054111874,4998.964667558011,299.8547124506869,25.069073284725516,4999.673023115289,23.831454984015455,99.91934789329747,54.07057426975206,19.99973274155619,100.77875607637424,0t5z987czhtgx000n8y4ry3218
0t5z9gyq61yd5000g8js057440,66.10427400004119,0.025192262673922813,0.001419685483044753,"[0.0018346352345268609, 1.0653215386539319, 0.5988369883669167, 0.8812892537604687, 1.4996481829227244, 1.498171093061146, 1.263751231734004, 1.4988789140051457, 1.499827365666571, 1.4996963269967751, 0.5255719491392145, 0.9857061054861893, 1.4998425524887298, 0.03192093062305462]",0.032781038534072916,4997.557137609403,101.65372571000646,299.8826062106306,10.289610276851592,25.03530928513453,299.9440461957786,12.627704014374626,13.175517629231448,99.95728515105547,74.90912393891138,19.995780381526437,103.25257549512592,0t5z987czhtgx000n8y4ry3218
0t5z9n1wf9s8h000vtmhvgw3r4,69.93936189962551,0.050434222918003174,0.0014622218487031408,"[0.0018407333772579235, 1.087322411123527, 0.6115503397226847, 0.8782721308814182, 1.4982039718800464, 1.4997569212543587, 1.2600458685936544, 1.4985460955903038, 1.4990869167973044, 1.4990981127790273, 0.5253141349815729, 1.0098528369689004, 1.4967480977566634, 0.031666379942624806]",0.06064141268359807,4998.813462159338,4990.320789069303,5.402459473071777,30.122424482426332,298.82912422803537,25.229037633106813,11.86173617868509,9983.937430518721,99.75066308410857,99.97222703824669,19.973895033060725,125.85991536432991,0t5z987czhtgx000n8y4ry3218
0t5z9phqx5v7b000kwb1tfzz6g,74.90041220001876,0.03582157692219495,0.0014290477348343484,"[0.001834357382797032, 1.1067464892398617, 0.5818959190603641, 0.8386961380798023, 1.4987980836448513, 1.499180194699361, 1.33687242559887, 1.498424935972352, 1.49985600497266, 1.4997777275272872, 0.44689164974450024, 1.0275669279947521, 1.4997468456112015, 0.0315406311448424]",0.041849249331359605,100.03867987988544,4990.794608285108,5.072794445972699,4998.19195965357,299.8658009666565,25.09412630008053,4998.037348051931,19.650422387135098,99.90622283598532,64.78357066546133,1.0128896641375147,100.58392488020314,0t5z987czhtgx000n8y4ry3218
0t5za0gx2xzzd00042v0karyj4,72.20963079994544,0.022492542272780938,0.0014998517962327457,"[0.0018878712121629948, 1.296332186862416, 0.5478805269732877, 0.7796604869627708, 1.49746565650682, 1.4994326219746483, 1.3569884196114743, 1.4998989996353322, 1.4954141598270287, 1.4998738585076916, 0.39308754620961806, 1.1858210060651013, 1.4990878941896242, 0.0317818143892243]",0.04546141031119499,4997.278312209462,105.7987354733886,5.113816515167399,6.821227406526017,25.146967668828974,299.9914670958461,16.835214065782093,19.451813917537592,25.005288991384965,62.29572795792361,1.00152642672828,3996.7833661989316,0t5z987czhtgx000n8y4ry3218
0t5za64f2dtyh00052p2hvct3r,69.6273591001518,0.01480564336846894,0.0014594664617056654,"[0.001847006442696069, 1.2467973125134988, 0.5441819605232329, 0.7729169100116485, 1.4994646099538058, 1.4956457058537325, 1.4150358559479357, 1.499789117986285, 1.4991433116814226, 1.4977392828705716, 0.3903375708714484, 1.2085502934667072, 1.4965611204188998, 0.0324408035282434]",0.02957660973837686,110.32155827686158,102.0891991678756,299.4962147001983,7.126196242280569,25.062990609977856,25.065590146158755,4989.5147170968185,9972.962696091225,25.340762550112302,65.06361229549319,19.955696232958854,3996.1119543172495,0t5z987czhtgx000n8y4ry3218
0t5zafrh7hwcs000wbj05w1db4,75.2476385999471,0.04683145620233174,0.001403500145916904,"[0.0018421771205700405, 1.257126912635537, 0.540129326409241, 0.7858723143103392, 1.4973210316514487, 1.4981016283823334, 1.3931792995218766, 1.4999053207496265, 1.4985468663640078, 1.4992796333142802, 0.4017286433884439, 1.2094937655538205, 1.4995585509462392, 0.03198365277521095]",0.03388828290033817,100.10632201287483,2833.9556103154805,5.0468201258797025,5.721844055676172,25.002973572818977,25.033562401687984,11.427757218646803,12.236436960939516,99.9924520492374,69.20401638130599,19.99203216926351,100.10189229313356,0t5z987czhtgx000n8y4ry3218
0t5zajewmstts000mvrb1xjq5m,83.73770979978144,0.01606183956734216,0.0014250433938915988,"[0.0018312052976207221, 1.0844634486686766, 0.5474310274757243, 0.7791619945665466, 1.4984976542806367, 1.4978285497322008, 1.4153830566688286, 1.4978843672007591, 1.4986270057691238, 1.4962123198826593, 0.4542732089278267, 1.2621125343502968, 1.4982221294568756, 0.03244145883879733]",0.0448143065781071,4976.694429758366,105.42109166283049,299.60218409757306,4999.940364918129,299.40506878332565,25.220142144115943,4982.035219398737,34.069780826071074,99.56340529761847,25.094821890797572,1.0173265917566154,3995.374589545541,0t5z987czhtgx000n8y4ry3218
0t5zaxy329sg9000mj7nncpxb4,70.7796010999009,0.0674456283214771,0.0013976352581618597,"[0.0018158907361455166, 1.085018395705215, 0.5405905331686655, 0.7749571768504555, 1.4991909067090914, 1.4958807940991594, 1.3547222301130435, 1.4988773014113732, 1.4977274411904395, 1.4990605275620903, 0.45248913537057417, 1.241773438771083, 1.498192958408445, 0.03214995871101367]",0.06895314241832873,4992.384243744992,4996.384653266304,299.33667555934693,4995.04426550207,299.8204209842914,299.86306835868066,37.204779429473525,9992.146705378393,99.84636316472701,60.61803921333533,19.96012397222221,106.69634154653765,0t5z987czhtgx000n8y4ry3218
0t5zbbsd8nxbz000j0vfbegkhg,74.01551649998873,0.017830530633008726,0.0013454518964287029,"[0.0018026715186001616, 1.137309365175017, 0.5583177525093899, 0.8504813102680414, 1.4996977718841733, 1.496617015218824, 1.3010749836302966, 1.4967450050040667, 1.498433968396873, 1.499488915338796, 0.47065874139286457, 1.1680936398486592, 1.4987102925627513, 0.031281274053887614]",0.03590235067247884,100.14942490486891,2038.5942303287686,299.9543746751415,4999.82980031439,25.055207234658393,299.93368135173375,14.759915982462454,12.006934641820525,25.002554750841266,64.86519846108357,1.0014184261683934,103.07598810905431,0t5z987czhtgx000n8y4ry3218
0t5zbjsf21z0s0000cxt2nz360,80.28666520025581,0.037535438745946476,0.001370801640188259,"[0.0018110510553686551, 1.197045897224147, 0.5525457618154201, 0.8557570610510736, 1.4968990310934913, 1.4999356874873147, 1.2203415745299464, 1.4998158378219277, 1.4988755010852373, 1.4996698872319707, 0.4598828414538855, 1.2227445181621972, 1.4985802905680865, 0.031082947180945425]",0.066871740473046,4998.683884227243,3281.9841630470946,299.63108920361066,5.961380212747339,25.296755114570626,25.0120729145745,10.515222345615761,9998.993495974739,25.081816659679177,25.016073529088978,19.98813450071784,3998.667784600658,0t5z987czhtgx000n8y4ry3218
0t5zbxm85dw090009ymctfv8ac,74.47371529974043,0.036002679054617126,0.0014021341914672476,"[0.0017833713076653608, 1.216109168773579, 0.5694600050056484, 0.8714765513652438, 1.493528195614184, 1.4983168690522066, 1.2691540014553937, 1.4985852065271508, 1.4998920209519893, 1.4990675734489813, 0.45564655682047756, 1.1947743077610784, 1.497657366975331, 0.031163668431167857]",0.03349316604341837,104.03425275254357,4991.284882158019,5.227309207206404,4990.366386317266,25.0362756395607,299.89472513583775,4994.415513023161,9997.621154558956,99.96646446013632,99.99973548843224,19.99518483425394,103.69879456644783,0t5z987czhtgx000n8y4ry3218
0t5zbz5e9xvgh000bwn1bda6pr,77.71637889975682,0.039921283194938456,0.0013003845420379927,"[0.001740157727246238, 1.2116707199881027, 0.5481756247544743, 0.8378258196626615, 1.4984029936213954, 1.4975961676623366, 1.2283358933417778, 1.498895292720305, 1.4999902899300293, 1.4995605633488673, 0.4231047385862628, 1.233726809919957, 1.4997486270248341, 0.030165195752219806]",0.038823749084294985,4996.001228685541,2566.4168074554545,299.60623100723234,4998.203946081118,25.200159869770825,25.086289590040355,4998.463735247024,12.474684710587594,99.93158320461762,56.125256799446184,19.999024646589866,3995.9776431199334,0t5z987czhtgx000n8y4ry3218
0t5zcbn1vxxwx000revpdjdnmc,73.984236900229,0.04549528826349529,0.001332961052877893,"[0.0017188566325619936, 1.19456416124972, 0.5583027067452488, 0.8383819102116657, 1.4997015449066933, 1.4984458537225938, 1.2411204100812467, 1.4983172929371458, 1.4996897265180351, 1.4980357566023241, 0.42665808886976003, 1.2764958185147006, 1.496833526663624, 0.03136942645553999]",0.02520056307902345,104.97361526720377,4988.932890746922,299.59182836348424,7.887620727553456,299.690603486481,299.2664967071647,12.146207469871369,9994.661654133513,25.15719056716701,25.00720603402949,1.0277815631780298,101.66360485030644,0t5z987czhtgx000n8y4ry3218
0t5zckzm59t5x000rm7aggd71r,91.96946149971336,0.00910120100800333,0.001301636281250195,"[0.0017002414567537857, 1.1753673736686396, 0.5499267292830781, 0.8244632007092233, 1.4995316873978364, 1.4969737249719648, 1.2496830999333042, 1.4997699755078915, 1.498229116491304, 1.4996712817988525, 0.42699572591895485, 1.245138332277301, 1.4979661023118642, 0.03060984995101501]",0.05612391087982904,4996.436992395479,101.45189500435426,5.032349388157627,4992.284286485399,25.070126025765568,25.33324214865271,20.103763647935523,17.750693868294167,99.82323976573295,99.98846634298405,19.989531247324543,3988.0921955933645,0t5z987czhtgx000n8y4ry3218
0t5zcner25rg5000tybpz2zaz8,73.60386919975281,0.03780824164048533,0.0012502470640606245,"[0.001671348522587414, 1.2014539853646728, 0.5559297900211115, 0.8539042616454829, 1.4984735449457038, 1.4996113787007979, 1.217988362163456, 1.499543719343325, 1.4994391902131143, 1.497381949105394, 0.43120881279188106, 1.2425597270210185, 1.499269881366334, 0.030503275460534107]",0.031270745859778716,4983.572046693171,100.03118063523908,5.019739595897148,4999.074189311933,25.465033205458095,299.84053730403934,4992.457840219682,9990.97861262686,99.99879130177484,56.14148209725238,1.0197814345708296,100.90101794376946,0t5z987czhtgx000n8y4ry3218
0t5zd3dr85vd3000bmke8w9r7c,78.39476289972663,0.05212012152603106,0.001242827060326685,"[0.0016753764129557314, 1.148176753434195, 0.5556721414568171, 0.8200612592963522, 1.4972403891008035, 1.4999995591998365, 1.3111147013626963, 1.498220927769642, 1.499683542321974, 1.4966832768641363, 0.43671689961432286, 1.2018628267580518, 1.4978663592862587, 0.030557472876409086]",0.0350981132372312,104.37229832157291,4996.395756811764,299.8076842011877,4997.776346964836,299.9638223809529,299.85029116524026,4994.4820468617145,9996.293642584153,25.053287411768533,76.11244802008062,19.992827895290265,3999.7127937294285,0t5z987czhtgx000n8y4ry3218
0t5zdjvsd9w0v000tn7e7628vc,76.68740269960836,0.014913206687784557,0.0012556771050433824,"[0.0016746103344591444, 1.266166951168763, 0.5486870123476828, 0.8423006141254972, 1.4947200341053468, 1.4972218602284604, 1.2720311237056146, 1.4988182575510796, 1.4998193945273632, 1.4991438493362137, 0.4445623209345864, 1.1366554636372541, 1.4974039255140252, 0.0314390423282446]",0.04773200277246581,4999.801672331634,2518.650785773288,5.110662387615004,12.863077483971143,25.079043923659633,299.8761550863138,11.58008080995769,9996.691795948198,25.046572481117455,99.98122231506638,1.0227616398380048,132.31726773055738,0t5z987czhtgx000n8y4ry3218
0t5zdmfmf5sws000123ax6ctag,83.0090514998883,0.009412356406692537,0.0012749901224170842,"[0.0016745218813209173, 1.3170349769702032, 0.5473935416660669, 0.8496988456782919, 1.4955387149475246, 1.4973099872737738, 1.2565410099244083, 1.4996799418273048, 1.4994414613849452, 1.4995807245051243, 0.4275040160402589, 1.1718840125257295, 1.499680613435044, 0.03055868234708646]",0.03426755260384583,4997.720016707219,101.59250316463891,299.79428276206835,9.735828491773752,26.083759007898042,299.8237737193716,4998.520997227525,14.71152719033343,25.161118861685775,99.89949063821973,1.0245886950383438,102.65730933277769,0t5z987czhtgx000n8y4ry3218
0t5zdtj4a1ry1000dax343y9cr,71.79312149994075,0.007581917691777906,0.0012095423447881896,"[0.001647535907439105, 1.3504302858963115, 0.557928912847355, 0.8356087028079071, 1.4996572147955658, 1.4993057148142306, 1.2598773607490448, 1.498959259495123, 1.499089680145611, 1.4973048991870483, 0.4307299122712303, 1.1539616893947398, 1.498415524355159, 0.030077633514054375]",0.050917363292627,103.09421805957814,101.83879686150287,5.226289747464901,4992.688138963478,299.78677428709733,25.89048227071261,11.153979643962613,9999.529616031725,99.80727499556299,62.054684254924254,1.0247777021349773,3996.960083665835,0t5z987czhtgx000n8y4ry3218
0t5ze65q0dz2z000qgcfb38dng,77.57553299982101,0.043319613148892544,0.0012480700291430703,"[0.0016061428842636845, 1.300080326888111, 0.5633415222368421, 0.8246385692014163, 1.4938809234317065, 1.4995946154132316, 1.2630461274942788, 1.4996067987347117, 1.4972692503087517, 1.4987737262887335, 0.4333340818442204, 1.1084084910335423, 1.4999335432324126, 0.03004339293346793]",0.03160955933607188,121.97648909430367,103.29009375479592,5.197155058510818,4977.846563199497,299.68969245048123,298.0352857823891,4978.313499301502,9968.300869546056,25.138426266607905,25.007225735739148,19.94208062712918,100.99641929427659,0t5z987czhtgx000n8y4ry3218
0t5zejafm5x4b0004dzzz257e8,85.46514459978789,0.08438644234739895,0.0012065281769409275,"[0.0016070244180960425, 1.2238752385704583, 0.5098788062272643, 0.8338797919363393, 1.496055317662106, 1.4995092616879422, 1.2725870892542297, 1.4987716512954643, 1.4999831547226679, 1.4993383904482054, 0.42206914484942976, 1.1241048321006422, 1.4992277169854829, 0.02995090693137488]",0.03736346924468448,4999.476308248857,4998.640406588901,5.0936130282482965,6.220246190333645,25.270392131098614,299.8906308948727,4996.033523719065,14.882735912740863,99.94836061104269,53.17909614542353,1.001698663435954,101.72255308824457,0t5z987czhtgx000n8y4ry3218
0t5zetsq7st9900096mm2gzj0w,103.06121239997447,0.05489745575627,0.001420151805744666,"[0.0018184368699913564, 0.9271945679455943, 0.4234170048034772, 0.5848999405540891, 1.4990297917837325, 1.498831773087995, 1.3880755801159066, 1.499430168396647, 1.4992292548369277, 1.4986522659755819, 0.40082976068469633, 1.4994696869581907, 1.4990569881915274, 0.034187541560518536]",0.028103158483140125,4997.759238303222,2462.431069391124,5.018174207819948,4999.346232015419,299.8493758827798,299.74952653134363,13.555244574909356,13.38746751009873,99.99473301546392,63.36820077450591,1.0198853187653767,3999.8824388943212,0t5z987czhtgx000n8y4ry3218
0t5zf5m36dx8n0006thywhefn0,94.64483499992639,0.03385627682555424,0.0014745784854041794,"[0.0018709888314503362, 0.9855080422063289, 0.48360799575468955, 0.5990370528861939, 1.4996599382338172, 1.4968664826525273, 1.1946424666482822, 1.4999497293969641, 1.4989128195589378, 1.4993633331431786, 0.39262166754508876, 1.4971744114759216, 1.4999164794870092, 0.03432418371351349]",0.0427717638660122,100.70086817470172,4990.316343784267,299.44129720187294,8.994514545720904,25.674123619219223,25.940445918880258,4998.708631170347,37.28494604168187,25.088010942844367,25.005813351071254,1.0154156322889512,117.22492085030946,0t5z987czhtgx000n8y4ry3218
0t5zfc1brhrrz000b14f4nf3w0,91.0811063000001,0.011228451988674368,0.0014316405873953033,"[0.001863473331940299, 0.953152053246935, 0.4838243933362924, 0.5690871239191952, 1.4994129763812714, 1.4990540104490941, 1.2728583311829063, 1.4990005268209206, 1.4989666949039322, 1.4998357487907983, 0.3934597044757606, 1.496737081627351, 1.499325834659048, 0.03429119841184278]",0.03814756711749508,100.88444571664078,2044.037182032087,138.73253225419185,5.936997506578234,299.87863761488654,25.019574435360052,4998.15281526926,18.096427009000372,25.091571298151507,99.98905707670656,1.0135428543564171,101.48653764298865,0t5z987czhtgx000n8y4ry3218
0t5zfh338ny89000v58scmxy6g,80.46483709989116,0.052740400597615186,0.0013864411895071118,"[0.0018098176765333797, 0.9821244124391871, 0.48755107879946114, 0.5981132225821792, 1.498330661780532, 1.4996712111627302, 1.1901261593447434, 1.49984665410861, 1.4989086968497907, 1.4984797964459817, 0.38069095677527875, 1.4986327986897077, 1.4987081982280601, 0.03477563239088381]",0.07643252665228292,100.28190112272878,2142.8377250373037,5.0050459921085455,4998.423516725244,25.147046137576496,299.8078524063265,4999.9431284584525,16.205258297660162,25.068511355962578,53.872789044039195,19.968865168913815,3996.1595296072983,0t5z987czhtgx000n8y4ry3218
0t5zfvpn6dzkq0008dpebr4v08,87.092916500289,0.0168722091176097,0.0014363003510311403,"[0.001850960997939237, 1.0673736615419116, 0.5052247121539597, 0.6351441344959163, 1.4973587120647698, 1.4985897951288925, 1.0985000573707002, 1.4999662625224197, 1.499300411708676, 1.4995823482431225, 0.37618223839442677, 1.4971589221935904, 1.4979121495666716, 0.033904676933368794]",0.04084891873079083,4999.700029761328,101.23331502821621,5.011677886647245,8.287644576392386,25.25619275370844,25.013378358081624,4999.135280105985,9997.519742547865,25.051585140784233,60.64184893076682,19.980095500472114,100.33047016249009,0t5z987czhtgx000n8y4ry3218
0t5zg62w4nx6x000psrb5p9j98,98.25390659971163,0.009300118216527965,0.0013964480258278529,"[0.0018252902372115042, 1.0836925690047137, 0.5038012601690325, 0.6152342947986607, 1.4991918914034605, 1.4994230429346285, 1.1127396307861774, 1.4975592198430068, 1.4973976378747675, 1.4997704587553813, 0.37505277337040877, 1.498586885460484, 1.4986605927726078, 0.03319338404038351]",0.054724820916093056,103.10646475715899,2495.4059298643083,5.087160619279188,4999.01859561454,299.78561123992085,25.027460610397124,4997.681455952298,9995.321988719683,99.98187090417478,99.98471016206877,19.991513995310772,3999.455448155054,0t5z987czhtgx000n8y4ry3218
0t5zg7vvenstb00017pe2v6hm0,93.35689279995859,0.013562485094141357,0.0014332129874993697,"[0.0018126362239301273, 1.0807802987117694, 0.5122424739179775, 0.622144370051203, 1.4979260869573412, 1.4985290476073172, 1.1560438987048942, 1.4991368448933922, 1.4997883837110848, 1.4990893056974672, 0.3736115011704104, 1.4972672372771196, 1.498560572142303, 0.0341640362208992]",0.028364869224636373,4995.654194371056,103.5112044741819,299.84630075012683,19.238145725640067,299.9810502576552,299.8439233311695,4998.977109514574,9996.65839228264,99.83409190677682,60.316350565991826,1.032058530627841,3998.40923538318,0t5z987czhtgx000n8y4ry3218
0t5zgkqthdxt5000r4t1fyzgfr,96.98431890038773,0.05407253767496033,0.0013575359165764328,"[0.0018054105957258128, 1.0868174198694582, 0.5191386913655276, 0.6197092506366798, 1.4967342454878336, 1.4993354428141648, 1.1582220748752388, 1.4986778947449393, 1.488654734836731, 1.4991997370724948, 0.38018579313915213, 1.4970480355223097, 1.499987269645968, 0.033762838315645]",0.04251510522110797,4999.7665302373925,2449.176359021289,201.67606617388148,5.465917238894646,299.8794621091043,299.64126446246695,10.319495134819377,16.270575678031197,99.98636019386748,25.05537551690878,1.0221910037560857,3995.2813077170044,0t5z987czhtgx000n8y4ry3218
0t7sgn7y1dt75000bjcpdqbr24,34.56239859992638,0.09461284158323333,0.0014058861036678502,"[0.001805027042883902, 1.059112025974862, 0.5140339928458197, 0.5535522328900089, 1.4992895309671104, 1.4995126966667867, 1.257589233427557, 1.4955541251842224, 1.4978019018331459, 1.498435767897579, 0.3905206726947815, 1.4970224960258982, 1.4999527432659434, 0.03343141010481397]",0.02838533013252038,4996.210520677779,4999.492240925665,131.9921600802931,4998.17834923472,25.137193401983065,25.322973809291934,4999.373702075263,10.377054918115256,25.046173305386876,25.012291465696883,19.990103153270812,3993.961928776611,0t7sgmp3f1vzv000fjpr6p0xr8
0t7sh207phtfn0007rg55t6x7c,31.214692399953492,0.04030703887576963,0.0013302281276581617,"[0.0017740419962434043, 1.054244815149975, 0.5103106936443058, 0.5814652128342401, 1.4996316808952095, 1.4987347775848432, 1.2642647979727886, 1.497979277540601, 1.4985322061811361, 1.4976436558047235, 0.3827009080757, 1.4980621701233487, 1.499052870466273, 0.03411335027603629]",0.042341724065233156,100.89667147540963,4999.53212893459,177.437430760908,4999.916782256047,25.0914177870794,25.133721584638916,11.683782323854226,15.804058930495941,99.99527805940541,57.457671931733614,1.001339610074519,3999.1354733705066,0t7sgmp3f1vzv000fjpr6p0xr8
0t7shaj52dta90004jfkbsjrgm,28.79116190003697,0.03832316869433376,0.0013284376474841924,"[0.0017556699321851221, 1.0676335352756299, 0.5099460389376995, 0.583037582841125, 1.4997127682660618, 1.498227640240387, 1.234435602700076, 1.4977169098916072, 1.495718994791674, 1.499804302426822, 0.3857557430344204, 1.494534030101537, 1.4999413249312843, 0.033309334296784676]",0.0462447727536222,112.53467954802288,2548.73903530512,299.9757526045348,38.23980804488994,25.430067476868064,298.91620255986925,4999.850795501506,24.380962625397714,25.276451995944754,99.98134162391923,19.93753540981982,3987.0523114205866,0t7sgmp3f1vzv000fjpr6p0xr8
0t7shghd31vbk0004az0fxf04m,27.52395019994583,0.06074556296009752,0.0013087949637626544,"[0.001764325820406809, 1.0687478579002732, 0.5064759522634472, 0.5596145403492476, 1.499711957991017, 1.4986086292456458, 1.275767394576535, 1.4980319870667413, 1.4958980239799304, 1.4987018480256893, 0.3861516925523586, 1.4992593441695246, 1.4997966545590578, 0.034197472441053534]",0.043528828448667144,106.98577533958303,3140.4288331756543,142.47132667580453,4999.250853185025,299.3878004376096,299.57567865298796,4966.653431598925,10.35779170217961,99.89254190806042,25.04498946909678,1.0441986504494911,111.3038517792861,0t7sgmp3f1vzv000fjpr6p0xr8
0t7shs727hyfz0002ne0zx32sm,37.02279939991422,0.01786601481304787,0.0015225974906201616,"[0.00171401768217809, 0.9161264496778855, 0.44603472820617573, 0.3018641179729652, 1.4988677885455406, 1.499969520706896, 1.4980083349819482, 1.4996362705057154, 1.4984292413698945, 1.4998876843873798, 0.38706837707384056, 1.4991489076263789, 1.49870169797202, 0.03564643923888029]",0.04104274084127983,101.95769719927405,100.1902274474806,157.31699236592715,5.5362291499541705,25.096968000959297,299.9084044647744,10.560113881985348,22.274473329000596,99.96545805135132,99.9978527116209,19.98983250688675,3997.674754244737,0t7sgmp3f1vzv000fjpr6p0xr8
0t7shwd389ryn000tx4qzz6cec,37.64591119997203,0.04800954708762009,0.0013708547554220722,"[0.0017399368080906717, 0.9970760427950368, 0.4937775310586329, 0.5185275874572128, 1.499266091630266, 1.4998432184879007, 1.4725482203063698, 1.4996468225777417, 1.4987855270896384, 1.4996364218370966, 0.3715419861693682, 1.4964634690495289, 1.4988577756543073, 0.034790742952152565]",0.024767388712128136,4996.474039767822,4994.25197951591,299.5532104631816,4978.6430060556695,299.6371514952384,25.409381959467673,4999.213001958679,49.89647183030318,25.25070468438602,99.95595653581582,1.01552459595164,3997.130871332608,0t7sgmp3f1vzv000fjpr6p0xr8
0t7sj965k1zx5000f50gjt0r6m,34.589936100062914,0.04059410906252307,0.0012771747247347378,"[0.0017365332471027395, 0.9927707252442568, 0.4957684203035378, 0.5550557930258446, 1.4987428393144064, 1.4996747091579996, 1.4263410175192603, 1.4987700007109308, 1.4990717813026793, 1.4994642342789164, 0.35866523144791895, 1.4975102106176261, 1.4985226618122849, 0.035055759144412765]",0.04321666942791068,100.26148871240395,2369.0411072360967,166.1992675458869,13.778465745949608,25.537099946662018,299.96691740756427,11.121928650404092,9997.425571705502,25.026532817205354,25.07597871055641,19.988771281167054,3997.8108859682357,0t7sgmp3f1vzv000fjpr6p0xr8
0t7sjh3tsnzq1000s93yqwx8b0,34.55092569999397,0.021513413647175537,0.0013564487917856415,"[0.0017729414433935407, 1.0443886837290366, 0.5235822471973819, 0.6055513646806936, 1.4986035577848238, 1.4974671489114662, 1.3477115975583203, 1.4998895022535, 1.498555223441967, 1.4998147915296052, 0.3723006350804151, 1.4942727221007768, 1.4984718351290214, 0.03402291611440275]",0.0390762870398385,4993.557827432486,100.09290068501096,299.9445501542086,4991.281638838266,299.8165692255145,25.340134572801343,4992.0469419473275,17.869547631303217,25.023544989257033,64.83365985609606,19.992353101092014,106.6270014158822,0t7sgmp3f1vzv000fjpr6p0xr8
0t7sjtc8hnw4v000fhgb5qbad0,28.760564099997282,0.013282617494093246,0.0013190579063757227,"[0.0017318680069539245, 1.0415829368536063, 0.5110078032195893, 0.5961956478490595, 1.4982546768851113, 1.4995591591144846, 1.3553618838116257, 1.4994971672993445, 1.498316641651185, 1.4993107469958507, 0.3751118186791682, 1.4882685108847162, 1.4975051949231704, 0.03395922743936167]",0.04570529131684605,103.49612768003428,102.68312589293751,5.136449698410863,5.249926493230725,299.73798876518435,299.9202781593443,17.854622100740684,13.821729953674547,25.157439085959325,70.79789086499761,1.0495716122314105,104.0564734887022,0t7sgmp3f1vzv000fjpr6p0xr8
0t7sjvya29wwk0003xjx72dam0,33.51205979997758,0.027919262532366224,0.0012798528290627455,"[0.0017241244896794294, 1.0423318112020745, 0.5070544206990362, 0.6171830654350616, 1.4992442302502949, 1.4971649584357223, 1.3105707381420206, 1.4996646745286535, 1.4977897721534115, 1.499378698095649, 0.3754252587834157, 1.489179350834207, 1.4995464616462033, 0.033521740315131054]",0.026036346987336135,104.39041051453012,2471.419132405409,299.8523699506887,4994.696814889207,25.023894431453304,25.292857913936018,12.34263380111614,9989.682565582516,25.0237189937503,99.93734846366851,1.0147169530380775,3998.0923359347357,0t7sgmp3f1vzv000fjpr6p0xr8
0t7sk7tatnxwk000dhmfqvstrm,35.467551499954425,0.017371878482588792,0.001255489729607316,"[0.0017039722231783593, 1.031890726763677, 0.5069609102455341, 0.582979658105337, 1.4996207832189925, 1.4987695014481681, 1.3529359101821998, 1.4991909175649683, 1.4972332547593799, 1.4995047510562807, 0.3745955006663526, 1.497153283440066, 1.4999633423009833, 0.03370976746913991]",0.025416154652859266,105.5396500233937,100.17728681646506,191.97406853593213,4987.406611644733,25.153597314205104,299.76161931566133,4995.09556035961,18.84485277224768,99.88168482062737,65.9410063931685,1.0044574363564347,3995.5578992274627,0t7sgmp3f1vzv000fjpr6p0xr8
0t7skgt7t5zpv000j0p9mqe0xm,35.7750556000974,0.06709548778608534,0.001273447735968356,"[0.0016904271691185503, 1.0334261760635108, 0.5139769335396988, 0.5805624872521266, 1.4988262908246521, 1.4999130041370718, 1.3503412069264473, 1.4999299783337219, 1.4971962587524872, 1.4999839408529718, 0.3745737432717948, 1.4899822048129352, 1.4986934924511217, 0.03327689181951182]",0.04014498366260101,4997.319576358906,4996.377641464231,299.9702481069064,11.325927275716099,26.4368905891724,299.26578058046715,4999.675116098103,26.19473065245518,25.022966729725617,67.2693951241229,19.96637001147614,110.10574619437448,0t7sgmp3f1vzv000fjpr6p0xr8
0t7skrahjdrj90006j33187y2w,41.32734019996133,0.01745504071906611,0.0012442687920239928,"[0.00169326689285456, 1.0682072360228876, 0.5227421330919613, 0.6277502765250198, 1.4997476245149333, 1.4997612242179303, 1.3148897987115862, 1.4998025944988223, 1.497922640323032, 1.499704186028809, 0.3863912766298151, 1.4717111523806965, 1.4994067583494148, 0.03351089133990698]",0.02791166751683215,4999.392014937971,2216.28025637022,5.262497407854597,4992.176791832992,299.99608155049,299.8207234765444,11.399975975278503,9994.988182226887,25.077128172684276,99.99938693426516,19.995530560892615,3992.678611269926,0t7sgmp3f1vzv000fjpr6p0xr8
0t7sks5ah9s0k000hgcwtvy98r,33.07513110002037,0.01982575114077631,0.0012533057085144163,"[0.001682070971398237, 1.0774469949914411, 0.5274778211098959, 0.630763376838549, 1.499925342687258, 1.4991618076763031, 1.3382507187249226, 1.4998434307134891, 1.4888734999254236, 1.4995093802138069, 0.37766095619343987, 1.4992779038819313, 1.4997066014227753, 0.033798887233886146]",0.05274376324478936,114.07761011218494,101.89031431251563,299.993599064863,4997.8799215811605,299.9866634036977,25.17609437293267,13.584602058732475,9984.90840092596,99.9058708920932,65.06550609694541,19.984024543874966,101.15624642270566,0t7sgmp3f1vzv000fjpr6p0xr8
0t7sm2j2khwxf00062sk3zd1qg,34.24930999998469,0.06852201286104831,0.001212785546275148,"[0.0016500349135437076, 1.078651773747282, 0.5173036748445727, 0.6432030529947164, 1.4997391355727925, 1.4998358806358678, 1.31934420538775, 1.4997373274200037, 1.4904810837489655, 1.4998648654020708, 0.3734550230496143, 1.4862843175642877, 1.4992412453031478, 0.03400642002701672]",0.0333521557504454,100.27044740555809,4998.483766940092,5.069676003199491,5.741575915694689,299.8609339454093,299.8745796898925,4996.322049159681,9995.943243379406,25.04879249064977,66.62181935597269,19.98898777544665,101.48776692784845,0t7sgmp3f1vzv000fjpr6p0xr8
0t7sm3chf5vbf000xth5b6s238,32.40714949998073,0.005526375347873057,0.0012603180878263177,"[0.001691226421347343, 0.9192119254855132, 0.505781009899644, 0.5994063368961773, 1.4974210164373947, 1.4992636266559656, 1.389128830107581, 1.4989839969801546, 1.4952693275429314, 1.4999021598815725, 0.369242929069614, 1.4880530353071864, 1.4995979197684086, 0.033095459099648686]",0.029232793197899298,4997.989483783061,100.35554962229921,299.72138745162675,10.47878149128715,25.147289111698825,25.195528879695622,15.16309185915071,9996.051919346864,99.99826757723325,46.24120740687089,1.0150758902762975,102.41812973766311,0t7sgmp3f1vzv000fjpr6p0xr8
0t7smas5ddstn000rm9g1mn5cc,32.00714790006168,0.026823093257243403,0.0012143882851521918,"[0.0016827825560878258, 0.9293555850938633, 0.5193837577832756, 0.6155901491141457, 1.4986101398113265, 1.4994377394036573, 1.4237958396120067, 1.4957859041475168, 1.4902881928468124, 1.499214880440111, 0.37169284044298656, 1.4986299318626197, 1.4977834569850046, 0.03299318159603157]",0.037592860103019356,101.7810767233343,2469.1962397664183,5.027514944309189,4992.827713948289,25.059926470086577,25.073091870920745,4998.518482129816,9999.996802547495,25.00573184157269,61.08256093799859,1.0042545094622874,100.89019164057459,0t7sgmp3f1vzv000fjpr6p0xr8
0t7smq2kpxwfh000nstq02zfk0,34.712517800042406,0.032622148766604374,0.0012424439786366942,"[0.0016656182331277157, 0.91471785414788, 0.5089463797995171, 0.5916990061132623, 1.4971679366498072, 1.499866959906249, 1.4789052367511344, 1.4990267574898466, 1.4947475190418866, 1.4995871714490872, 0.36956370809648176, 1.4896779370359678, 1.497439957987642, 0.032858503492416216]",0.03015456281530663,101.47847320332006,4996.244658580246,184.38101036913403,15.389107306373056,25.51247267628963,25.164516392188382,4990.216411138818,9981.787534439134,99.83182059351124,99.96002315279829,19.914282710213577,3994.229234244791,0t7sgmp3f1vzv000fjpr6p0xr8
0t7sn2173xsyn00018t2sg99s8,38.57611070002895,0.046438665221481205,0.0013732258691136541,"[0.001621342129436737, 0.8537544584441755, 0.4727483164364025, 0.3026203995137767, 1.4992198470889893, 1.4995497554878106, 1.4974124825318065, 1.4999591990503234, 1.4947585007390551, 1.4997601282710633, 0.3849976024035625, 1.4992529721601553, 1.49935781742551, 0.03448677770370273]",0.051113831543358926,102.25111613548738,4999.340309841821,158.00969056773368,4994.905680513766,299.5130944427773,25.000225059377453,12.392276982150996,9998.18734278966,25.045906875059636,25.00634660021908,1.000840198486981,3993.4960103795042,0t7sgmp3f1vzv000fjpr6p0xr8
0t7snewkmsspx0008smnz9dbs8,39.74781970004551,0.02534930192543431,0.00138261219881373,"[0.001600762472097738, 0.8809543547904117, 0.4690296957380263, 0.30184898997470055, 1.4992629363452965, 1.498193524616704, 1.4974905221497683, 1.4983604307450276, 1.4981584683912756, 1.4994019076697156, 0.3848489495457841, 1.4997128769229098, 1.4982705058219232, 0.035049262970381204]",0.039510342162308865,4999.655997297148,100.92917755926617,159.19955056749853,5.373268935748511,25.055806020549237,25.096761618882258,4999.762599295205,9997.202432151418,99.92727592581056,25.000840251426506,19.996380910777567,3999.1352501716697,0t7sgmp3f1vzv000fjpr6p0xr8
0t7snsw2znsnv0000338pq1n2m,39.30130479997024,0.015533707159569175,0.0013455592856245577,"[0.001622702023568262, 0.8882422526491485, 0.4908714262154247, 0.3499937628082662, 1.497785821091907, 1.4977753216734064, 1.4829437088377995, 1.499259165672581, 1.495601632714096, 1.498432992343969, 0.3902865109137179, 1.4953743379654716, 1.497291216741373, 0.03423910945785896]",0.04699915747370995,4997.153040296432,100.06096683646825,168.67953562807685,17.044106330062977,299.5979382707746,25.008401254830762,4996.414598832827,9995.302858613823,99.98928562235061,99.97711354631011,19.995540489638834,112.98333738738788,0t7sgmp3f1vzv000fjpr6p0xr8
0t7sp3anq1xhz000qmtb72jgn0,38.804128799936734,0.039416084876333746,0.0012944146416995859,"[0.0016476987433919205, 0.919972279507693, 0.5036893867624195, 0.5338881709410572, 1.4986046092034846, 1.4985057990096489, 1.4727761175314869, 1.4996150802861001, 1.4985944344317876, 1.4985860608775674, 0.37401904427368504, 1.4958361088398227, 1.4992228960432454, 0.03361111260560826]",0.031380259329023816,4999.7004546217995,106.27749420679406,5.032626578989262,14.529962991974696,299.9206206373508,299.9198521161509,15.451365354562567,11.447060277864496,25.152992076742287,25.00161051461954,19.918417647877458,109.80460476161134,0t7sgmp3f1vzv000fjpr6p0xr8
0t7sp6xqa1wgh000n48fxhmyw8,37.9950322000077,0.0784991139368873,0.0012092249895558596,"[0.0016187818951711036, 0.9753027122747518, 0.4776346930055576, 0.5170871026058421, 1.4992004031498516, 1.499551127471857, 1.468015286408377, 1.4990547614143206, 1.4967443816846857, 1.499515159071005, 0.36687632627852906, 1.4923258405271929, 1.4997542529092631, 0.0328392633127301]",0.04742779149921297,100.34213024018844,4999.31206625448,154.52854890633083,6.4733972582627075,25.063689658679365,299.98059662740155,10.312966250672735,15.400825122050275,99.99896569656659,45.17979360893678,19.99983982711843,100.44246934653867,0t7sgmp3f1vzv000fjpr6p0xr8
0t7sp9hb7xzfh0001210bbdn68,41.4859980000183,0.036583108153869545,0.0013050062452892603,"[0.0015686329892950837, 0.9104264804680585, 0.45307498648195926, 0.3086555400037534, 1.497645172325044, 1.498584095952226, 1.4999238885418773, 1.4988134738467984, 1.4995073357187745, 1.4985936539718099, 0.38606786037109087, 1.498640651313531, 1.4985892078113556, 0.03417908382283]",0.03905257949201516,103.36704653931068,2678.892161030567,162.71530689067316,4999.806872646767,25.1519573802165,299.79397804444784,10.741266861302922,9999.823403692306,25.01830163109611,99.99126579920333,19.99694390927169,101.65203825430982,0t7sgmp3f1vzv000fjpr6p0xr8
0t7spm395htqz00048644vhm0m,43.20246030006092,0.018920251711235455,0.0013190850808586434,"[0.0015712362228703716, 0.8870999215261123, 0.44916205431423306, 0.3190650625881143, 1.4996950776627094, 1.498312979093621, 1.4943214756061085, 1.498786018053024, 1.49883656228644, 1.4998629092098394, 0.3895514158095237, 1.4974568531191028, 1.4981451594687156, 0.03363896861060063]",0.04568603006510333,100.22563091449545,100.34201389701913,158.63352090297334,4998.845052811978,299.79710327277667,25.02026551267466,11.280426296731715,12.689047446790006,99.95753657295103,25.00116889247706,19.99404155047006,3997.9482298770713,0t7sgmp3f1vzv000fjpr6p0xr8
0t7spva935s1q00077gag5ak38,45.77004740003031,0.07113805692045712,0.0012938363083849316,"[0.0015538497951108413, 0.9312301253088714, 0.4594953376218794, 0.32991840655056226, 1.498980853369786, 1.498886202540914, 1.4975551615123868, 1.499138797512009, 1.494434489959339, 1.4999158715214924, 0.3891543302405961, 1.4975041902786568, 1.4987089405748264, 0.03314583805904121]",0.02547862819229964,4994.776153518749,4998.727748184045,155.3912376447275,11.1667758145988,299.96320092897855,299.6618562296097,4999.309726211386,9998.064394124931,99.97155844137694,25.00123088901472,19.991834454246373,104.99266047763098,0t7sgmp3f1vzv000fjpr6p0xr8
0t7sq6sv7hwjz000dzps22v5gm,46.259705499978736,0.02656200782053387,0.0012528329450064094,"[0.0015391435084486302, 0.889251945729842, 0.4628450734608855, 0.3209606490523582, 1.4995785364067238, 1.4999781099670901, 1.4999226033022979, 1.4995410755027616, 1.4979337892611526, 1.4968810405417026, 0.3945725414087674, 1.4938762713876843, 1.496928167663592, 0.03366821601408504]",0.04245607320375641,4999.910713378228,2087.6074917093965,137.55406079925893,4999.912968918785,25.263636086355042,299.91950330693044,4999.670713393668,11.764886871270862,99.99529672720003,99.99781132608358,1.0045361090709217,3999.3596444835525,0t7sgmp3f1vzv000fjpr6p0xr8
0t7sqjn3rhzzf000hha5xeh3br,45.231412400025874,0.05422203791024632,0.0012508661748535817,"[0.0015236944682474433, 0.912872830311077, 0.4666213161216291, 0.3260634967342352, 1.4997010281530887, 1.4987804763853245, 1.487946406677001, 1.4996862613307052, 1.496519892965905, 1.4985365967937718, 0.390228171882942, 1.4948592260816507, 1.4992872670108301, 0.03355783999515051]",0.037471860713935046,4999.609341764661,4999.945441014818,163.44804454212672,4998.5953666949645,299.77348683815956,299.61500372864634,13.561895011786932,32.40931061272675,25.003776304833313,99.99918270674102,19.986620078536497,3995.055735739904,0t7sgmp3f1vzv000fjpr6p0xr8
0t7sqxp829sks000z60fwjtgyg,44.35020169999916,0.017820820334920343,0.001215620454742864,"[0.001538659917392552, 0.931763439855355, 0.46763964151536186, 0.3404255831056997, 1.499977201898043, 1.4998524809006732, 1.4928808089671155, 1.4997451808539615, 1.4953615367076574, 1.4985863810629638, 0.3895278080496961, 1.4981608614075692, 1.4988411751177237, 0.033603838158611676]",0.04954122362872477,100.90353984836032,100.55983357173821,155.81940583682666,6.163319172012512,25.058320541003916,25.113505429231324,11.455733248471198,11.629179764348057,25.00497173954556,62.58021364316409,19.994023886279724,100.01076463649666,0t7sgmp3f1vzv000fjpr6p0xr8
0t7sqzgjf9rhh0004ynefk8d6c,49.96776370005682,0.012871792747329695,0.0012162378164067376,"[0.0015173067472956242, 0.9342424856113181, 0.46769213655856806, 0.34366826185396415, 1.4991342890586736, 1.4987768285636192, 1.4990382100488557, 1.499433778382296, 1.4938923251617404, 1.4989155600123065, 0.39643698470766997, 1.4992862366540247, 1.4947650759489863, 0.033295080176772004]",0.04676100965698311,100.44024966789075,100.66306280494008,147.8418763334092,12.517914847094897,25.5983602405123,25.05136149376449,4996.787028940571,15.236474789066795,25.061550074225444,25.00277367516795,1.0119472420038305,102.43115060780102,0t7sgmp3f1vzv000fjpr6p0xr8
0t7sr3agb9r7q0008dmxpyxb44,50.36549019999802,0.06026200430015916,0.0011702814980790765,"[0.0015060990262837116, 0.9251559272107077, 0.4680748034712774, 0.36732763496029386, 1.498621686061853, 1.498937297332468, 1.4933286712922058, 1.4991003130842708, 1.4989564846786805, 1.4988421656450037, 0.3978946507874278, 1.4903615537377428, 1.4992041707374228, 0.03255094708116876]",0.027069364073555528,100.73609883484384,4999.945523325791,160.47054454050755,4999.7699016754195,299.9543862808961,25.374866415338904,4995.980088760627,11.654321141316467,25.011535360427374,59.86465349190006,19.999405989088626,100.2359015294506,0t7sgmp3f1vzv000fjpr6p0xr8
0t7srcv01nzc30007p1fvp3xpg,43.29816850007046,0.041620559353368204,0.0011080456271746538,"[0.001513090543970124, 0.9422361885950917, 0.48690722635566863, 0.3945212241295103, 1.4978749966184166, 1.4989076865302562, 1.489720267369226, 1.4983733747954644, 1.4953842815465053, 1.4994209173774995, 0.3979864416273312, 1.475436243021015, 1.4954778140719793, 0.03412660761993662]",0.03936365466207524,101.15744773855376,2319.3207766272017,177.37606781291802,4999.898494293208,299.977529697271,25.037192142172636,11.527245497198566,10.499506250489985,25.025094810468765,71.68707078015902,19.998740288531295,3999.791866013914,0t7sgmp3f1vzv000fjpr6p0xr8
0t7srn0ve9vdh0002b2t04jgz0,52.30090259993449,0.007279553195354463,0.0011657603237217812,"[0.0014883566227080168, 0.9227086452699084, 0.46707917260865417, 0.3795605349546195, 1.4985884883874314, 1.4993845441807796, 1.4952561396088537, 1.4996910279750018, 1.4949522138870146, 1.4981478638561054, 0.3891833414780371, 1.4955881789982037, 1.4989165507888484, 0.03299033396126812]",0.036887574475177765,101.27739148096256,100.09267988871112,146.52269470101143,4995.193266477951,299.868333294188,25.00692590371338,13.239215914680363,9996.809721221834,99.93674147287885,99.99953698556581,1.001659468263136,102.03966609910083,0t7sgmp3f1vzv000fjpr6p0xr8
0t7srypje9r6f00096fh29bc2r,51.20506329997443,0.07103685842141366,0.0011299490639409503,"[0.0014816263414553499, 0.9425323370006925, 0.47213492055922385, 0.38873423778393645, 1.498654109925308, 1.4996239413095445, 1.49324748568199, 1.4990887584399017, 1.4909360234460711, 1.4992548985035339, 0.3907833033542961, 1.497030089600989, 1.4991707156209073, 0.03319983880685114]",0.033177456772858216,4999.1991281457495,4998.083345625842,153.4245901601492,4997.774824543523,25.56427363574771,299.89290737754374,4993.917126685099,9992.40720060888,99.96965936498245,66.07309777487674,1.0168597755973061,3995.6601020357452,0t7sgmp3f1vzv000fjpr6p0xr8
0t7ssfqg8ht1f000mqhede54wg,54.9116270999657,0.023046094883173354,0.0011479339425971458,"[0.0014736442701371796, 0.9568963390461304, 0.47991442129306044, 0.3681166793434876, 1.4989625353129583, 1.4999729349393953, 1.4900712175231858, 1.499885278827212, 1.4968775616005718, 1.4997796750021273, 0.3967827521497528, 1.4823314713113376, 1.4993647651858995, 0.033744657339686276]",0.030890495224638312,4979.376113634523,102.4988419106111,148.12354438271544,4993.628743191877,25.025883860011884,299.8606801084472,10.955930023973329,74.28298897305669,99.95236551093764,25.0496542254843,1.1341887314308776,111.73046859852529,0t7sgmp3f1vzv000fjpr6p0xr8
0t7ssqaeadsj5000masj8b62zg,43.44643109990284,0.06557477331076296,0.0011102590348265695,"[0.0014774054315305069, 0.9381622403086127, 0.4589230306567445, 0.3769430969540628, 1.4985437345711698, 1.498463586009591, 1.4668185584226592, 1.4991246904160727, 1.4987553869716108, 1.4998891709500983, 0.3902434888996207, 1.4971026620821513, 1.4977910050139491, 0.033424547717440814]",0.03282876632417147,4999.9396583726475,2341.9250315222453,138.58653925665706,4999.459852903332,25.04492000117459,299.9729616623722,4998.44811646873,12.001702758760404,99.99090637611863,56.56821518897726,19.998738975911554,100.04644652648741,0t7sgmp3f1vzv000fjpr6p0xr8
0t7st1vbe5r8d000vfxhqzk0tc,52.07160000002477,0.06484159196039407,0.0011334641378296004,"[0.0014889671009135318, 0.9392157009527188, 0.497304919935476, 0.4245526020545348, 1.4996047140374253, 1.4996830326099362, 1.488672544136343, 1.4996238724061688, 1.4868589816735376, 1.497484298533377, 0.4106929902269524, 1.489748989196768, 1.4980154185435874, 0.032065897209181335]",0.05564032025231293,4998.926211564871,4998.543173709385,188.28060986410918,4998.964193884139,25.10696988882184,299.3352236907385,13.957916382017668,9974.941394423608,25.036043503073277,25.03981148369317,1.008385898351847,105.30536637230918,0t7sgmp3f1vzv000fjpr6p0xr8
0t7stf9q2nxmk000gtf26xh1dc,47.36489059997257,0.008086000649351808,0.0010912456642578987,"[0.001464407406179799, 0.9761244148130247, 0.49607034096077796, 0.3894564626188194, 1.4958954380470109, 1.4977561322980666, 1.4990934326268701, 1.4999858050752253, 1.4783153805815323, 1.499002319311937, 0.39402814020458143, 1.4799282234813855, 1.4992155042832196, 0.032665605748172524]",0.03289911848979263,4965.483721517032,107.28715517940496,117.69170112731604,31.9919686533974,294.77365135326266,27.359773097260124,4951.258523283832,13.755316797161333,99.67715623302847,61.891944699470166,1.1397238597528836,3988.2670780300596,0t7sgmp3f1vzv000fjpr6p0xr8
0t7stpjv91wd70007wt9ge1njw,53.03762159997132,0.05447878396139991,0.0011182367079833385,"[0.0014452309401708566, 0.9689364593742549, 0.4809720745442681, 0.3795169962475521, 1.4987678920876464, 1.4996649405162352, 1.4993861472290855, 1.4987968480930403, 1.4876133213773732, 1.4997176913940895, 0.3920694890075038, 1.493156683980176, 1.4999680890357059, 0.032454480674437056]",0.03377092868129224,101.67024079542851,4995.492914344734,134.96602728025695,20.115856634554508,26.670548728914664,25.23771530274416,4980.427807368464,9886.310953541748,99.86560444919093,25.110195005909787,1.0161350987506113,3986.5696561994473,0t7sgmp3f1vzv000fjpr6p0xr8
0t7sv1s3k5vav0009w8sh330c8,55.89504400000442,0.03168348014165959,0.0011000677779601355,"[0.0014695994575715313, 0.9473198316465706, 0.48969488324950516, 0.40959260632483785, 1.4986281154925667, 1.4997999697675517, 1.4991529758785698, 1.4985028655613077, 1.4992188836095606, 1.4993021032551277, 0.40033134185038277, 1.4933670024268353, 1.4985732570758394, 0.03283569566149347]",0.028315177196391532,100.14004507725842,2417.094985941955,299.8325992208,6.182612554636544,299.92697222351086,25.072559795785487,4994.987684679431,15.2577008585787,25.008767199352775,25.013277743230976,19.993436571886225,3996.473033435663,0t7sgmp3f1vzv000fjpr6p0xr8
0t7sv81fs5wvv000pz7rkaqre4,53.361926099983975,0.09126656964595739,0.0010893980244455882,"[0.0014656275462152542, 0.9675843709517922, 0.49301973178521713, 0.41060359966003757, 1.4990582191691921, 1.4994637952982022, 1.483997484641916, 1.49954701879297, 1.4968338891830362, 1.4984088474405106, 0.39627655182080834, 1.4835020575919744, 1.4999709008939957, 0.03260139975993137]",0.03414103710498224,4997.659662083605,3141.922441553712,5.030955444720194,27.192730567834946,25.07930188512821,25.396675892897893,4995.4411383181905,19.422398741529847,25.03014056176588,25.085807763610227,1.01939739592251,112.35201222363916,0t7sgmp3f1vzv000fjpr6p0xr8
0t7svf21xsvdk000q32pcyv80g,55.58928869990632,0.03548942567766458,0.0011020787740197166,"[0.0014919523171955697, 0.8712019334923886, 0.48282670433812974, 0.35511263250234326, 1.4998544963598002, 1.4998097834335535, 1.4988538196427945, 1.4994414304097874, 1.4938048159585584, 1.498193912343032, 0.4251908895001896, 1.499228769503501, 1.4976043342103775, 0.032704999024998335]",0.034780754095278935,4998.648121034431,1830.1903426907131,299.9618267331134,4995.404010441888,299.84426756132416,299.7891798091985,12.241639014678976,9995.327531356388,25.042280703402675,65.57947689429044,19.99103037511496,3999.278931415029,0t7sgmp3f1vzv000fjpr6p0xr8
0t7svwstf9y8v000djabdtwhkr,49.740393999964,0.016552283721585508,0.0011623675212590007,"[0.0014891600991093386, 0.8838101158590341, 0.4847159658622369, 0.3573163642106033, 1.4992138298216218, 1.4994006985148323, 1.4976758371264287, 1.4996972125186998, 1.4904186289440333, 1.498445273731314, 0.4303152370078219, 1.4876245462329278, 1.4996681385430408, 0.03341480438633078]",0.034198555960360144,4965.761058405667,101.30480194222795,160.71576850998716,4995.377411647251,299.65909950109375,299.99606312872066,12.866758348437973,36.34265464070052,25.215282867238376,99.9984641164532,19.990130983411795,105.89690482821554,0t7sgmp3f1vzv000fjpr6p0xr8
0t7sw4hb8dv13000yktmpgz08r,54.2061820999952,0.030814490016070267,0.0011248147619671947,"[0.0014771005215949429, 0.8873645361209729, 0.49009248130479227, 0.3585314147058667, 1.4985590325657383, 1.4993558363827215, 1.498345951194133, 1.499400149955398, 1.4889120973422632, 1.4995382413699465, 0.42697833454068673, 1.4898276124997838, 1.499692098220173, 0.033001578426362616]",0.03795948577484114,4999.004026374211,103.43698585756862,165.00538271540444,4991.3249787194445,299.89369803325576,299.9112919748777,4994.943508003166,17.520436239614032,25.037531162934474,25.00719425431262,19.97693066700397,3999.433896153777,0t7sgmp3f1vzv000fjpr6p0xr8
0t7swfn4nhxn70003h92k528q0,48.29641199996695,0.0475619031851042,0.0011369705799524768,"[0.0014599066221759847, 0.8953189578026833, 0.48208764887180416, 0.35795902703672833, 1.495493405287323, 1.495255138133488, 1.4988033418846962, 1.498232035084764, 1.4898845616278718, 1.4987313629523609, 0.4334593418113256, 1.4970463720794562, 1.498210051070441, 0.03301204668253391]",0.029830548108419716,102.67870313252918,4998.590542862987,143.40120407136348,4997.635402442766,25.311431244656482,299.6608396130588,4995.237534789345,19.757391994398976,25.002140699024025,99.99258765392914,1.0055307305405494,3998.9144766341196,0t7sgmp3f1vzv000fjpr6p0xr8
0t7swtw8aswfs000dmz10k5kkc,55.21308440004941,0.006538574396998498,0.0011136504687821805,"[0.0014497029512536251, 0.8941572198175993, 0.47419120589395825, 0.3400869441867995, 1.498188183584959, 1.497177199844983, 1.4984853986532336, 1.4997268935656978, 1.4972081891153783, 1.4989313581980694, 0.4299306068786358, 1.4995195932818453, 1.4995365440700927, 0.03425234341100225]",0.029444309740703285,105.72265947428166,101.33075983381072,123.98423269425297,13.627686218695459,299.6281939189315,298.06755620397814,4977.333495365797,9999.187317087913,25.926803817384126,99.90165462205874,1.0835972432919259,3998.032581545971,0t7sgmp3f1vzv000fjpr6p0xr8
0t7sx46cdhrhd000tdp38sdzv8,55.63084570004139,0.03857989147223953,0.001120428595599904,"[0.0014424101633801513, 0.8812840256832, 0.4719900961366871, 0.34294768506978923, 1.4996965692136324, 1.4992466969727056, 1.49919279768032, 1.498502233699198, 1.494897806471315, 1.4990663193711635, 0.4269596933598269, 1.4955150082021502, 1.497328663532914, 0.03344012437649811]",0.028751262018185203,4996.806669407319,4998.7713323205435,166.60641681779774,4990.561094464632,299.55268891274545,25.063850129737602,26.50236270897804,9994.51242379245,99.88213558649676,99.9868045975023,1.1030135955787892,114.26063782624543,0t7sgmp3f1vzv000fjpr6p0xr8
0t7sxhjt6xvf10008x4ax030tr,48.492717200075276,0.038678723137548464,0.00107225206426492,"[0.0014412743857239348, 0.9048865994981872, 0.4895973906585232, 0.35055756371626867, 1.49648467656692, 1.4987530682006975, 1.4965040869419384, 1.4993674067493181, 1.4887091047779117, 1.4996352884491757, 0.4212934590433912, 1.4962539286261554, 1.4988962775757209, 0.032593417801977956]",0.03673897400824364,100.19347501464851,3153.0271086616503,187.75929647318898,4997.410327662194,25.319437672311913,25.007281122642578,12.341443903652921,9996.741700136452,99.97008610420733,25.00635233737527,19.98934189745592,100.20428938687832,0t7sgmp3f1vzv000fjpr6p0xr8
0t7sxwmaz1xv700064tb8h8cxg,62.66436509997584,0.06258308073565508,0.001062633482210655,"[0.0014303106077282052, 0.9033733227871529, 0.4742583776585603, 0.36251607128313457, 1.4978141253866937, 1.4995528022292404, 1.4966232712027863, 1.4996081595771513, 1.499922562664224, 1.4998113813369829, 0.4194010156702429, 1.4976057284014523, 1.4987688278292377, 0.03304585684847715]",0.03285829222601073,4999.646704738996,4999.9823145306045,178.41815530432748,9.973843327726284,299.5056404866241,25.534575488637838,20.978433468437785,41.274307559636185,25.055278471517855,55.47145907167463,19.945506558847317,100.66184284603868,0t7sgmp3f1vzv000fjpr6p0xr8
0t7sy2e1s5wxb000twj2ghn5bc,56.06401269999333,0.016717285908972132,0.0010535689887162978,"[0.0014408924035507718, 0.8785466115596082, 0.4878272891597714, 0.36894378218591606, 1.499605124768417, 1.4946620260232957, 1.4976351546547702, 1.4995110950742454, 1.4987792421941601, 1.4997945076764307, 0.4326299960780238, 1.4908380508289047, 1.4999417513207853, 0.03295827510595929]",0.03998208245151498,101.25883326028405,2954.4096213643948,94.58571841521777,5.353046490573493,25.07162785584469,25.05336667052926,11.065368809312199,9999.81115458272,99.98910895891139,99.99572467986616,1.0006661110129418,3999.9472808003684,0t7sgmp3f1vzv000fjpr6p0xr8
0t7syaxdthtg300096669bj134,55.493973699980415,0.04881958132848578,0.0010327261911612865,"[0.0014239401133008742, 0.8937358841799572, 0.4866883335290923, 0.37725094673777204, 1.4978360429072883, 1.4999728498383142, 1.4955223372759967, 1.4999151921352456, 1.49910990755154, 1.4998409036679077, 0.42062824421998124, 1.48805119598093, 1.4989965687312021, 0.032794475144152554]",0.049630892535743334,4998.183913129314,2775.0285073681234,5.000441694785963,6.51900661325801,25.0274735420959,25.08725825918994,16.06028907883068,9996.831696275402,99.97967087792686,66.67261011306958,19.991998974421236,3999.5601540476364,0t7sgmp3f1vzv000fjpr6p0xr8
0t7syc92jhwjk0006q65966hgw,66.78287910006475,0.026476409163063756,0.0010571282889962103,"[0.0014392047309329768, 0.9694411739304907, 0.5007554370433129, 0.36358949563570664, 1.4997409385683178, 1.4998908605731467, 1.4995985673441443, 1.4998319428303801, 1.496719744216036, 1.4998187215273564, 0.43731602736380404, 1.4994380023399079, 1.496397183006111, 0.03296800451325757]",0.031192962995482795,4994.632469939053,2777.8542886813607,299.73125256693027,18.261492342130563,299.87873399096367,25.700259167156027,32.509153664680035,9964.847835813223,25.244252168888206,99.99265195399504,1.0741870428086493,102.84482296246732,0t7sgmp3f1vzv000fjpr6p0xr8
0t7syn5tzdw8n000z7k072mf5g,62.385019200039096,0.035704270992838065,0.0010483751436243347,"[0.0014356981281487755, 0.9813417021880931, 0.505935182117171, 0.3727437504028328, 1.4996810842894803, 1.499691233027058, 1.4995816957197587, 1.4978859815135395, 1.4962661428187998, 1.4992310935859665, 0.43844819970198085, 1.4905891920000824, 1.497970363408772, 0.03363115805360628]",0.03309433295089998,103.69623259652865,4992.638884051037,67.02163099253194,4997.6118030240805,25.187943722975596,25.509518669022434,18.27472793683982,16.736516128978693,99.74509699604864,99.94419597863262,19.97553727581026,3991.770278975542,0t7sgmp3f1vzv000fjpr6p0xr8
0t7syyk65hraq000a2ph4f35fc,63.920975400018506,0.09423335409909862,0.0010495584357967747,"[0.0014361332549708734, 0.952065412742431, 0.5083625939290767, 0.3700897141973991, 1.4992093978290761, 1.4998828482051292, 1.4989753226591473, 1.4995872364072893, 1.4950582564987798, 1.4980813280102585, 0.4470357040460639, 1.492478810472861, 1.4995934652994265, 0.03246472115394397]",0.035968573031205896,4984.282472783048,4997.945782495003,102.40166996410498,6.303428201291335,298.14965766889804,299.74973951853514,19.97799804819873,12.54272055936713,25.26593349641748,25.051081420200745,1.0011483393229728,3998.191507934385,0t7sgmp3f1vzv000fjpr6p0xr8
0t7sz5xm25y77000p773zbh6q4,57.419840799993835,0.012153459994543866,0.001118866361873327,"[0.0014907610411457675, 0.9625603440709748, 0.5109027811260224, 0.31460632421552415, 1.4996470070658408, 1.497969161462937, 1.4960096595480998, 1.497934726508602, 1.4954124465598595, 1.4993906120435452, 0.4407105023002919, 1.4960108519038184, 1.499730318392923, 0.03234826089694971]",0.04183213328735191,104.932691156747,103.71850607850284,207.80779900162875,11.324894157202207,299.99049628151766,25.802595183190835,17.923193889319844,9996.277812757815,25.00529523515728,25.035329112801943,1.0058942301264924,3994.9617355888217,0t7sgmp3f1vzv000fjpr6p0xr8
0t7szdaw0xvr5000vppp9z892m,58.26261030009482,0.051368435055822045,0.0010720169006235747,"[0.0014614938659699844, 0.9828589239431245, 0.5190212420896246, 0.31571793697071393, 1.4994628399743752, 1.4987230591479483, 1.499958406988549, 1.4982227983749081, 1.4980618930004928, 1.4993321475468293, 0.44268863877870646, 1.4843279137498753, 1.4987818752653765, 0.031644982400467384]",0.030028843409574357,104.53559402760608,4999.636730263906,152.95405356526186,5.984435212113679,299.9084692921155,299.81916509592423,21.27161506350823,9996.031210243267,25.11545621978134,68.39752966944,19.950351667840565,3991.193147035178,0t7sgmp3f1vzv000fjpr6p0xr8
0t7szpkz7nvcv000f1w68rgwh8,55.69555800000671,0.01627544629343463,0.001103955914848843,"[0.0014844772113635114, 0.9936081665260466, 0.5243122962277658, 0.3369251534320997, 1.4993808148302348, 1.4982035345156168, 1.4981225239366693, 1.4997962783931165, 1.489702439577829, 1.4989281575218967, 0.42659168186150537, 1.4691320340648113, 1.4998838918220083, 0.030553074058869423]",0.026861928809673464,110.97956958094842,100.01822186012866,172.5687502068942,4985.750654940689,25.16882118723571,25.333424566142355,4992.319407699239,9983.382890650364,25.204415576196336,99.98471267040824,19.99331782539959,3954.562515503509,0t7sgmp3f1vzv000fjpr6p0xr8
0t7t03xn41yd3000fhg269xdx4,62.80591870006174,0.019115230820585756,0.0010706291432850186,"[0.0014701849660099485, 0.977018130560468, 0.5042682712854103, 0.342101491793944, 1.4998578433368106, 1.4992314423005073, 1.497012326016689, 1.497488158181296, 1.4924101030297776, 1.4990135184556581, 0.42978595685734244, 1.4753971159740935, 1.4990461053339015, 0.031244257945950843]",0.022856579832571687,4979.91769895698,106.3470069805966,193.1813366124105,9.947320675161293,299.773998290909,298.8519894200115,12.47772565747152,9983.123547753095,99.79964026188107,25.00396785627975,19.92142959910598,104.29169228898213,0t7sgmp3f1vzv000fjpr6p0xr8
0t7t0btgkxwrd00071c154pad4,64.79672510002274,0.06689394501638757,0.0010853333421248798,"[0.0014494938909789847, 0.9609391756116675, 0.5060138198133772, 0.34161838005449574, 1.4962140813612403, 1.4977980880871553, 1.4992501221999834, 1.4955734364882343, 1.4944579316448983, 1.4962713201858555, 0.4328214727767094, 1.4948929103964395, 1.4995759925902776, 0.03157865895137234]",0.02973854898450891,4982.945752724758,2202.8175600016707,5.2407561570454595,4997.556878841431,299.9193943341737,25.12434619526524,4987.161665904006,9978.155258470362,99.99603115434452,25.006126442757857,19.99668307683104,3999.965883801219,0t7sgmp3f1vzv000fjpr6p0xr8
0t7t0w04s5yyz000wq71z8n5fc,70.70288740005344,0.002242762577425589,0.001073731159630676,"[0.0014583067143853802, 0.9985950273454716, 0.5151461284145815, 0.3423902042623952, 1.499742823381649, 1.4982467248508247, 1.4976615907239479, 1.4994866978181103, 1.4980713474555445, 1.4983125104093047, 0.42409046290719016, 1.4966920781666042, 1.499278112878823, 0.031807782974782914]",0.04837723604869892,4993.406001553292,119.16292901289034,107.0160718133872,5.857536093632906,26.060548967747806,25.89860154847027,11.66887758685549,46.31890587288663,25.067623260220476,99.99586330558832,1.0010438878510266,3998.6078191029087,0t7sgmp3f1vzv000fjpr6p0xr8
0t7t11mnkxs9z000ved2st85zc,70.78969969996251,0.036917615580951975,0.0010538759654093184,"[0.0014535619329897782, 0.9891464597928239, 0.5127958152891401, 0.3409738397231129, 1.498914497705425, 1.498560274365293, 1.4939782046884331, 1.4979816466887184, 1.4996546257768557, 1.4989155936749403, 0.42729036334136133, 1.4795690108886763, 1.4994049890104348, 0.031095749976969622]",0.022450669128776184,4997.688333153105,2842.8200603391815,299.9701051802132,4995.081929879131,25.52494964799079,299.88892016838946,4994.575470839729,9989.146265579348,99.90720155442355,25.06315862633885,1.0336129536908498,102.79719774359089,0t7sgmp3f1vzv000fjpr6p0xr8
0t7t1gdjw1z1v000x2aq2r1d5m,60.60489759990014,0.05238646259585755,0.001020579720037764,"[0.0014485595006621284, 0.962989730940832, 0.5125031435654086, 0.3398099169089839, 1.49958801020403, 1.4996843396996082, 1.4986000452279944, 1.4992412211221926, 1.4929279240180895, 1.499033206802281, 0.42163535999541757, 1.4929482557901732, 1.4993642258109459, 0.030797632181097143]",0.04782364081028364,100.37117835914083,3351.078574794368,121.87754827660231,5.109020996170466,25.008192887580563,299.99852270731816,4999.32322306788,12.31010564417413,25.00856076594351,55.750563538803654,1.0015260471670666,3999.775980109126,0t7sgmp3f1vzv000fjpr6p0xr8
0t7t1qdawxz37000kh5gqff7v0,75.35259469994344,0.04911260673801329,0.0010508727365145774,"[0.0014283869811372966, 0.951383871410136, 0.5184289783066589, 0.34541924912250377, 1.4999645062471343, 1.4953911193966494, 1.4979233935589296, 1.4973033061421823, 1.498442742687732, 1.499880309673131, 0.42421217434053216, 1.496168168162304, 1.496495433080686, 0.0308576737158804]",0.031782332994865006,4993.225518776901,4997.744191437174,209.59593757369305,4997.826371183555,299.9571487773598,25.991664099827382,26.687694207250974,9977.02935844497,99.90786003053205,25.074943703218864,19.994197257410203,3994.532719885879,0t7sgmp3f1vzv000fjpr6p0xr8
0t7t26nc9hv5v000mj9zxmpy5c,65.54152600001544,0.04018094762530129,0.001061396760412372,"[0.0014601867270926175, 1.0107359486990042, 0.5134503896180327, 0.3617854558651318, 1.497287398921546, 1.4997447126422108, 1.4990144185151184, 1.4997003983262305, 1.4970231489328993, 1.4990847741082778, 0.41864974297979407, 1.4681074418333537, 1.4995486957366895, 0.03301036062946493]",0.06269140553345663,100.80740663356255,2347.728753006982,5.09719298507436,4990.916873224679,299.9374512632835,299.9809825686556,11.878871334979205,9999.644605167538,99.95113922992624,25.051511332627335,1.0325587822571367,102.04547159545525,0t7sgmp3f1vzv000fjpr6p0xr8
0t7t2hfezdw8100063tffdkcv8,67.82854060002137,0.04269726223131036,0.001015428512083735,"[0.0014577344878605528, 0.9639589089370719, 0.5228022229647635, 0.3840783969575796, 1.4964589357144358, 1.4998736905118357, 1.4968339994378863, 1.4967052993284307, 1.4945652684368462, 1.4993271480429597, 0.4231484188400586, 1.481593601310041, 1.4988849575035261, 0.03251361626461369]",0.03594534478420194,153.05849147381468,2823.380995770866,170.95898969212882,4881.610984371719,294.5185660076478,299.831063071908,4851.676356066547,157.38236517217484,99.16829418560246,99.82771589053412,19.871731776338613,188.61317913976387,0t7sgmp3f1vzv000fjpr6p0xr8
0t7t2th611xsb000s44fde5954,70.72475129994564,0.02303329145364938,0.001123804600785273,"[0.0014879460158757664, 0.9393479109092104, 0.50784723473778, 0.35556532935114393, 1.4983170630765952, 1.4993337907871191, 1.496584540659876, 1.499970307928566, 1.4970315585665341, 1.4987214141335916, 0.43546274839474003, 1.401157425549178, 1.4993942372812308, 0.03199909683679446]",0.040838344699693295,4996.028664455177,4999.646608061009,87.93052572239442,9.2377411350441,299.93652621516515,299.44476699564495,4990.149506805379,9985.360710032932,25.41637151107802,99.98872114771464,1.0225753448160293,3997.926415670202,0t7sgmp3f1vzv000fjpr6p0xr8
0t7t37ypksyt30003wzz46xa20,73.63656080001965,0.021262017091756305,0.0010772833022812678,"[0.0014902268247369184, 0.9498584549020389, 0.5123869315190588, 0.3395632897374341, 1.4980234368100582, 1.4983027257486097, 1.4985370688292268, 1.4998857028920298, 1.4974408562901749, 1.4999692593308684, 0.4235192013267257, 1.4039264568310839, 1.4987533518615197, 0.032036618880273676]",0.028993773410735522,4999.097106288302,3128.8711764328077,5.206109871686415,4998.672313375159,299.7969712107469,25.16126691526487,13.111372487345932,17.541432683609347,99.96998996575138,99.99846068263632,1.0024785295140488,104.77639089363143,0t7sgmp3f1vzv000fjpr6p0xr8
0t7t39j6est17000ecqh9d74yg,82.5031631999882,0.0479273581841914,0.0010611066267597032,"[0.0014590294665479848, 0.9423644646142914, 0.5075240832432908, 0.33704080536422, 1.4948764045808822, 1.4966916015963858, 1.4990309904022339, 1.497559186423953, 1.4997769423713805, 1.4992882249230757, 0.40993857297798525, 1.385798481044368, 1.498822462843942, 0.03283281675935511]",0.02376477966843887,108.57025013737544,4998.469021873162,298.6765232426968,13.68238219776831,28.656619677024715,28.965312547831115,4976.2243120024095,9814.206196605322,99.72443449112747,70.6397230899494,19.756096187183797,102.22827577073458,0t7sgmp3f1vzv000fjpr6p0xr8
0t7t3kcs7hvcd000p1tme5h22m,67.36211709992494,0.0424312283624269,0.0010635564190135955,"[0.001477347066570385, 0.9524012574318843, 0.5130142460572438, 0.3525248425270502, 1.4992815636664036, 1.4982488397481382, 1.497551165378241, 1.4996048015349723, 1.4958345665678032, 1.4997133747507552, 0.4247255037736344, 1.3578708622687838, 1.4987921850811503, 0.03226566921708125]",0.03415262756497855,4999.806551648845,2201.8325407885786,161.07142506804664,6.178958683498332,25.03669333179794,25.0890174449848,13.62368971537892,12.702899694897058,25.017850880649785,25.01362218968364,19.99957340942835,100.99958350814892,0t7sgmp3f1vzv000fjpr6p0xr8
0t7t3ra49sz21000002ae5s1a8,69.97248180001043,0.02321531170653647,0.0010324828595338674,"[0.0014597976857138907, 0.9821879812605734, 0.5153048232954052, 0.3577462379955899, 1.4988178780417785, 1.499349531032231, 1.4992558026547012, 1.4998040956601397, 1.497185153970512, 1.4999280119534708, 0.44239431264712326, 1.3129533739824846, 1.4993748547597687, 0.03211586239926374]",0.042378159819567864,4999.321302205676,1718.7524093454535,189.37077636737746,4996.954655672769,25.03727248793905,25.00602430193544,4995.979993061275,9989.626922591904,25.001074643615237,25.00263299134226,1.0028155421196117,3998.180700779627,0t7sgmp3f1vzv000fjpr6p0xr8
0t7t48d5yhwj5000xmfb668b3m,76.95659700001124,0.04431242755328718,0.0010550374605370627,"[0.001457120939633988, 0.9586978027226899, 0.5103263787169539, 0.36316718551384475, 1.4988716145526215, 1.4998907085447524, 1.4986383262678167, 1.494432576087131, 1.4994987460316915, 1.4983839274219553, 0.4285704479998019, 1.3094383214926264, 1.4981680929565595, 0.03207079029249153]",0.04185622533533818,4999.2054992253725,2823.8352435224006,161.8431347506004,5.623551330206653,25.061309515237973,299.91925218378003,10.79513216685096,9994.2118854343,99.98728542798061,99.99315200385833,19.999818038098365,101.9243640345585,0t7sgmp3f1vzv000fjpr6p0xr8
0t7t49x6qnw6f000rbdrhjb90r,75.85928850003984,0.008230255966848139,0.0010973479554746105,"[0.001492518329774234, 0.9411684408081801, 0.5161103089084915, 0.3664358360843806, 1.4999372558645605, 1.499400120398406, 1.4975852288956717, 1.49982318232988, 1.4948159022224763, 1.4994123450161876, 0.4231296030138564, 1.3460047400801909, 1.4994665439162107, 0.03172469535539395]",0.03567889982127049,116.33974786480083,103.21667139093918,6.05035750955229,7.233525363077671,25.852725446420017,299.3666449785708,15.457055273016438,9918.81131039746,99.84425122353443,54.100268592965385,19.97625650039146,3981.915654882789,0t7sgmp3f1vzv000fjpr6p0xr8
0t7t4hjmgsym5000nz95gbgn2g,75.73748990008608,0.019048515717485025,0.001083386369387675,"[0.001478825770251744, 0.9582871579149871, 0.5165025956445839, 0.3714427698084726, 1.4972593223534085, 1.4978444233280945, 1.4994531890347744, 1.495756308531166, 1.4998921184343055, 1.4986249772690874, 0.422366714280095, 1.3681939866110533, 1.4993899318156032, 0.031753460878485296]",0.03434939170571045,103.32378043766849,107.28795252866281,299.58187463427646,5.056697898136026,299.6307652739564,299.7312047479751,4978.318799548484,9957.255060732712,99.9034715261816,25.05503239411059,19.976799001230734,3999.2633099681757,0t7sgmp3f1vzv000fjpr6p0xr8
0t7t4v5na9ve3000bv3mc5rss4,76.31375899992418,0.028769443383628027,0.001044196011074493,"[0.0014567673827981242, 0.9176133466026238, 0.5138851894261186, 0.36353311279943135, 1.4978731009308222, 1.4975739245582935, 1.4992910136384778, 1.494374352990632, 1.499222386870896, 1.4984891347848501, 0.418458906398518, 1.3785289204319744, 1.4979952308427844, 0.03176542588367448]",0.025898716754904804,110.4974386990651,3025.755033557079,299.99157745270776,4993.459518862248,299.7990449544432,25.61968115138345,11.399605240295138,16.360690599386995,99.92339305099995,25.08263887022027,1.05292984882844,106.59894765143929,0t7sgmp3f1vzv000fjpr6p0xr8
0t7t52hcyxy81000b17zrzanz4,78.2565392999677,0.06851698454036795,0.0010559378198658914,"[0.0014467187556248921, 0.9338968275832358, 0.511600586967145, 0.3703641063501111, 1.4997395779200928, 1.499437291753223, 1.4948098304110773, 1.493547645167316, 1.4953182395987963, 1.4994266585433187, 0.41238232037975225, 1.3466318444136487, 1.49671962003985, 0.03180453710633434]",0.026689635423630495,101.08081344279972,4998.025266633833,5.418640281761607,4996.167195904433,299.99375607233713,299.4390498389779,10.138703035182553,13.155088933744574,99.92620449649789,57.06943994547836,19.968713163428376,3994.97324563548,0t7sgmp3f1vzv000fjpr6p0xr8
0t7t53yhtdxzx000990j3fshar,69.78822019998915,0.021312232593798455,0.0010266032494603734,"[0.0014574911272512564, 0.8014824049461964, 0.5154017364692376, 0.3730835123198851, 1.499613697361272, 1.498404997804188, 1.4982581582416066, 1.4886967489627947, 1.4952926320776152, 1.4987075083516168, 0.4476034741623726, 1.3427445161204725, 1.4999761617478162, 0.031040353487992445]",0.03731592871517464,104.91535018290631,2290.3004124685235,299.86498709503644,6.638238059531035,299.3104268149869,25.145167082499864,4996.703814161624,9994.688947314738,25.01678491363245,72.88032437379486,1.0134717340138337,101.78417379372415,0t7sgmp3f1vzv000fjpr6p0xr8
0t7t5ewf9dwxn00096bkp73sbg,78.82087119994685,0.049422578970384656,0.0011106720470108792,"[0.0014561797330531479, 0.80392873035232, 0.5186335386156853, 0.38385169567532185, 1.498388632093202, 1.4972333730677851, 1.4992522646147575, 1.490071613959327, 1.4987523329165455, 1.4984936303975196, 0.44360234119661934, 1.3232034598760758, 1.4991096761392066, 0.030937414668492647]",0.024919719389187904,4946.739860961861,4997.976345406623,299.3599242875671,15.647118180394516,298.3771673484639,27.248204895237976,10.09259395184621,65.99238336529508,99.91793372060823,99.90541227582672,19.926027000811462,113.29917136819999,0t7sgmp3f1vzv000fjpr6p0xr8
0t7t5mvyq5t57000544trn4954,67.91259060008451,0.01918042669210864,0.001084848702309428,"[0.0014572093996020677, 0.8197218404692869, 0.5155195267267685, 0.3692091688975224, 1.4976381850671097, 1.4989501232983204, 1.4970264262932054, 1.4954350823562885, 1.4995142467648432, 1.4991220789785795, 0.4477110578333045, 1.2690635475554222, 1.4976464827898681, 0.031489325625515804]",0.04910858100198604,4977.923867628955,102.22217428973264,299.66023729283734,4992.980560851423,26.43197668884117,298.7051025421103,12.92578838343608,9924.510617420696,99.92701819833526,99.97112977977709,19.997627849484214,3986.279971902329,0t7sgmp3f1vzv000fjpr6p0xr8
0t7t627ah1xj5000ws691wafj8,68.99784450000152,0.015703432900630834,0.0010566180048881605,"[0.0014705339932021035, 0.8008745718125497, 0.5250560419026746, 0.37694099595256014, 1.4988866337653228, 1.4988089466470114, 1.4984533214067595, 1.4977482316863517, 1.4984700230076553, 1.4966548163097462, 0.46164413999338666, 1.2829801260657665, 1.4988349146638267, 0.03168725549052791]",0.03601766384536313,119.92258216914527,103.78030319333493,13.334280586231595,19.026170356120893,26.355050494078085,26.016715211872437,4830.757519436179,9912.758421400049,99.72857726523208,25.016670792686032,19.94342768505008,111.0039721607316,0t7sgmp3f1vzv000fjpr6p0xr8
0t7t6aas8xy8k0002k30dmys4w,80.18090589996427,0.014614370171776022,0.0010508499650835332,"[0.0014330684739929413, 0.8156498063502795, 0.5163418103917007, 0.37299961193643494, 1.4995932299643315, 1.4989823913098435, 1.4981188511499735, 1.4880060072947359, 1.4978476538237895, 1.4989667270667735, 0.44459068727414486, 1.2663182329869889, 1.4989839008590087, 0.031598000149583624]",0.027238328316232217,102.87661930392196,104.60342878624614,6.01704680268704,4997.87943406737,27.146496244421872,299.06423351351253,16.47126007863333,27.484923590896294,25.391090360299277,25.04316078136494,1.0919842389968826,111.41021695623445,0t7sgmp3f1vzv000fjpr6p0xr8
0t7t6ge1tsvdf0002d1hy40y94,71.16000430006534,0.042221373563799354,0.0010003438450997427,"[0.0014066503028717058, 0.8100390426952733, 0.5301198633049583, 0.3716789898041931, 1.49939834231905, 1.4981823586862162, 1.499482241700711, 1.499920593405325, 1.4951822756086686, 1.4995392205842983, 0.4614118890286863, 1.2646618578058404, 1.4995458302221354, 0.03142693479095515]",0.041755119985734425,4671.459702372039,4914.418091188251,296.62158221031757,4440.799339552916,25.430849844627264,297.2292168762778,188.53542394911847,146.214683861139,25.25815285470329,30.777802570820494,1.4681554015977036,3930.245951285649,0t7sgmp3f1vzv000fjpr6p0xr8
0t7t6vcnp9ysv000tkc7rrndgw,71.76560980000068,0.024236992646910618,0.0010473362433963444,"[0.0014095165024246778, 0.8179601790045155, 0.5103129257994953, 0.3837751547891376, 1.499643726236768, 1.4999638554610937, 1.4976566620100813, 1.4976621430861163, 1.4995152738595545, 1.4994726357953079, 0.46007993577832307, 1.2932646322760526, 1.4987584534349425, 0.03149468268108939]",0.04178460160645307,4946.908213911793,133.83352503415577,5.3367632520304324,4945.714672443776,294.5248699350708,28.86598438259974,19.958336699865246,9712.29676221451,99.94557017004315,25.61175884304723,1.382081591941357,105.84163464530434,0t7sgmp3f1vzv000fjpr6p0xr8
0t7t77ar7stdn000epz6y3shzr,83.19470639992505,0.06614672893117071,0.0010304063861461472,"[0.0014314339554474427, 0.8322776164988444, 0.5206479347974386, 0.38483617004681303, 1.4993298284064664, 1.4976072371388174, 1.497376318676575, 1.4947228890892992, 1.49950547885761, 1.4997810581342554, 0.4543906922274005, 1.275574502662402, 1.495930731086756, 0.0306291410027847]",0.03257627572665585,107.61646489598212,4998.27950737335,193.3720444505316,4994.250070704388,299.8242356360348,299.0390569566978,4996.107229286029,17.483227741725045,25.132337035200223,25.045873753006234,19.986606355409783,3998.134679146685,0t7sgmp3f1vzv000fjpr6p0xr8
0t7t7jtvc1r9300066sn9gt1m4,72.32296040002257,0.031528393518020524,0.0010344422927748055,"[0.001416149110375308, 0.8203463080092601, 0.5212599013409062, 0.4034565072308532, 1.4988861001457683, 1.499452226772523, 1.4953355631437226, 1.4949438572906084, 1.4994430272500088, 1.499628025037298, 0.44583313350274745, 1.267629119993603, 1.499091576000737, 0.030744356452090463]",0.04665498572574208,100.2240646559932,4998.572295543629,199.84077763098745,6.55153281459203,299.76476884777264,25.108225817538518,13.231750327884189,9997.462886991148,25.002547518982084,99.96541851643262,1.0101449274778176,104.52104700206105,0t7sgmp3f1vzv000fjpr6p0xr8
0t7t7twtj1xsn0002xraz1b0z8,74.8046222999692,0.006097064321306578,0.0010115334391030903,"[0.001422290619048111, 0.8463761008179946, 0.5283390938450281, 0.422403604984842, 1.4998057408284509, 1.499374743507843, 1.49910261827411, 1.4911046199978606, 1.4969481049061062, 1.495000600719342, 0.46455632089734006, 1.1965325411430499, 1.4975326798192703, 0.030500097725759984]",0.020482052613768207,102.30270298597969,3071.574757291697,5.008477618406598,6.721892367935649,299.7385138188786,299.68686518634144,4996.118012451438,9993.153264504213,99.95358765969956,99.91225983363626,1.007687698599612,103.52062348201048,0t7sgmp3f1vzv000fjpr6p0xr8
0t7t7wh4e5thd000bse5w8hv10,83.97106239991263,0.03966801220519433,0.0009883268270966718,"[0.0014106026474698698, 0.8487356102284797, 0.5220632472408178, 0.40505373956369845, 1.4982422576702152, 1.4993912232066147, 1.4934508991029205, 1.496622984218332, 1.4968078676205767, 1.499093798806347, 0.45390534517096603, 1.231142356871514, 1.496540972173077, 0.03144383044919705]",0.03342060828234854,121.87461443735826,2820.830834074356,297.3371111214764,4538.526262316662,26.78510387305887,298.66034545199585,4879.971807510215,9999.724654923428,98.59700900217894,99.36455334397088,1.0146830672321103,119.18766363113825,0t7sgmp3f1vzv000fjpr6p0xr8
0t7t898ntszbd000j907wkeybm,78.71723399998154,0.038490666295445876,0.0010236367858388708,"[0.0014014295589187854, 0.8077780976590101, 0.520517091775147, 0.4159436354625529, 1.497681117225803, 1.4984826128967315, 1.4968444583534348, 1.488264014432084, 1.4979803806329506, 1.499516605714844, 0.4543066387832855, 1.2779985456634866, 1.4985503337301276, 0.030840929648384405]",0.02541910631862963,4957.325552560569,4998.027530954301,5.422568159057871,4987.03452038773,26.26301445935293,25.061194492879935,4963.435874976147,9939.880671833043,25.17462319206714,99.82363576388755,1.0859218034193112,115.75228575081981,0t7sgmp3f1vzv000fjpr6p0xr8
0t7t8av2d1wc5000rss1zrkk8c,80.27813880005851,0.04123783969406345,0.0010179201477551302,"[0.0013999498047308975, 0.8228773106157192, 0.5210907670765189, 0.4030489907152426, 1.4966808961129296, 1.4975634494875405, 1.4998045411493515, 1.4968499441670273, 1.4984345268606187, 1.4995248613874435, 0.4325164269469898, 1.2409310006737062, 1.4988888794777746, 0.03077419214564589]",0.03571655868071381,4997.710874348275,4999.4118629605255,299.9765920222677,4998.216822468611,25.468487165938733,25.4197360994853,11.017305226485501,11.516654814858775,99.99194726274736,63.565336282224415,1.0007313796862658,102.09462756354625,0t7sgmp3f1vzv000fjpr6p0xr8
0t7t8mwrrdve500003b48bcg1g,79.65370679995976,0.04166557480590035,0.0010013459481531537,"[0.001417764506447778, 0.8531429439214157, 0.5190507019306342, 0.4071020314811619, 1.4982207823002103, 1.4995616434705275, 1.4994890000809518, 1.499181266683969, 1.4981223657500864, 1.4998327786906063, 0.4368664968933921, 1.20628808837131, 1.4991814601914004, 0.02948974120653497]",0.03735821770882835,104.26549539313383,2762.638571328751,299.98058567330713,42.987663408814846,25.691586681522246,299.81759291095045,12.848339029295394,27.451321934114027,99.89036351907889,53.50344842588961,19.988275380091434,3998.776600327305,0t7sgmp3f1vzv000fjpr6p0xr8
0t7t8svr8xw67000q7vs8ydfdc,83.10625209996942,0.03191536401634595,0.0009870947379160362,"[0.0013954403258057482, 0.8688179488537268, 0.5295577011958239, 0.39997274139813277, 1.496531827465305, 1.4975380375248042, 1.498597199828152, 1.4942326203553138, 1.4972166749295184, 1.497145950883379, 0.4451448102739609, 1.2241733619374826, 1.4999022679310519, 0.02859020016423952]",0.030689587723054898,4991.363297206647,2588.5084095519796,5.113550615748226,11.771085351369427,299.7865852227339,25.9685558602117,4998.160582017664,12.085790544670676,25.031809086351537,78.15338686263158,19.99977725205403,3996.564924221109,0t7sgmp3f1vzv000fjpr6p0xr8
0t7t8vgntxsan000pk4k25jxk8,85.25036090007052,0.009571304306385791,0.001015631754319603,"[0.0013809740196101955, 0.8481660285255935, 0.525607883174547, 0.4040767980273933, 1.4997235097070547, 1.49592552986841, 1.4953797594222658, 1.4964772484684852, 1.4995191001230566, 1.498425267523263, 0.4442078676450027, 1.19054752918741, 1.4988934952093573, 0.030494768602283645]",0.030509221753913896,4992.331135497837,101.1084486433959,299.9214287071739,4988.663057357001,298.75558049526995,25.437527563073413,4996.017687246826,9996.73111178125,25.238837257698826,99.91689296551799,1.0699672219889325,3984.2162065108137,0t7sgmp3f1vzv000fjpr6p0xr8
0t7t9aycc5x9q0001wetag90xm,75.31631919997744,0.059711124271627655,0.0009574260830107611,"[0.0013890869484659146, 0.8540005368420494, 0.5173806924507145, 0.39334809825575545, 1.4992959115548516, 1.4985760883977193, 1.4993183462464907, 1.4941303830004027, 1.499391269091282, 1.4988695059341404, 0.44270913242280935, 1.2403558423513974, 1.499973944858644, 0.03025157492160402]",0.0389327353340767,101.41583401731941,4997.84018744781,138.90503122067784,4994.875518163727,25.646622089790352,25.06735674701068,4997.811949532044,9994.014259853555,99.84865745702008,68.87623316526978,1.015357833157438,110.64949061420336,0t7sgmp3f1vzv000fjpr6p0xr8
0t7t9s0nnst0d000acqf6b13qg,85.47516809997614,-0.0016525474173977595,0.0009881881675465074,"[0.001379531544878531, 0.8628736366236475, 0.5221940967833869, 0.3882333057129447, 1.4999198481445568, 1.4996180005799755, 1.498157478127223, 1.4944932179245822, 1.4992598928835998, 1.4994927427030709, 0.44845388156040344, 1.1700703500817107, 1.4998991405443522, 0.029915407601312102]",0.045957179458812066,4994.129272936475,101.53756817267977,5.2457681309447235,31.418532784124203,26.102412205002988,299.7819651800971,4977.534654700626,9979.714264434486,25.266342315498964,99.86899518658491,19.935748701053576,3981.143181391217,0t7sgmp3f1vzv000fjpr6p0xr8
0t7t9tmdphv5k000ttffcrxnr0,82.94786680000834,0.00605588308055512,0.0009642809101156558,"[0.00137495026264111, 0.8522222335364128, 0.5162057105981479, 0.3975449823865008, 1.497565640803587, 1.4972728252348282, 1.4987340540413492, 1.498241150211307, 1.4986961698174337, 1.498899116410295, 0.4408119280864675, 1.1954375918358362, 1.498787045574909, 0.029276879069666972]",0.04071896269055895,4995.809493674208,101.18925288612743,203.30781719525382,5.075878196138704,299.58667105771565,299.87066769368425,12.054690772303681,14.68993430138482,25.04362932875682,60.865648421363275,1.012756482365756,100.30365359862382,0t7sgmp3f1vzv000fjpr6p0xr8
0t7t9z19esy890001e75hmya3m,89.62137880001683,-0.005324937363016709,0.0010166580826312043,"[0.001378438832900071, 0.8530086852597567, 0.5305792853240283, 0.3976252808963485, 1.4982683003244488, 1.4974696860374306, 1.4978953383119165, 1.4920930654514888, 1.4968366882123376, 1.499933314505514, 0.44902947014577865, 1.2294754027197312, 1.4999043335488422, 0.030031962857104508]",0.027996834381737376,104.11343789927916,100.21807118763098,5.597209600837472,11.472897895304003,299.4934513770463,26.838662984055265,14.716196582303006,57.56811452723894,25.402010572473355,99.93245176326822,19.993521871231557,3988.842943766132,0t7sgmp3f1vzv000fjpr6p0xr8
0t7ta0qngsyyf000x5kvwb7dxw,88.26294909999706,0.07948623013294037,0.0009527744686102661,"[0.0013520209074200096, 0.8584304588231759, 0.5157836547689999, 0.38691529904627653, 1.4961477345055387, 1.4974203848567016, 1.496884402150103, 1.4961453102838376, 1.4979477557720868, 1.4999392509121148, 0.4436476976205824, 1.1874127336959615, 1.4956717042766847, 0.03047402063410594]",0.03316440231013496,4998.318661253249,4998.998519383642,139.46453828845551,5.639101738909531,25.324739604517077,299.94091298921137,10.430599367440792,12.013176795391605,99.98232387297494,59.95592487062604,19.99971988153082,3998.0325953530614,0t7sgmp3f1vzv000fjpr6p0xr8
0t7ta8hrc5r21000absmrmh3cc,88.58747680007946,0.018625847584574706,0.0009414476963177847,"[0.001354375796407268, 0.8480500951627522, 0.5217172695236543, 0.39303466612740523, 1.4979516961636539, 1.499193252931236, 1.4984613707538994, 1.4879047563132834, 1.498592557172434, 1.4981627306683247, 0.4441985980077412, 1.2185236442198146, 1.49798260265227, 0.029996735907590416]",0.03310225805762571,4999.635149390225,100.53638547221787,200.90136540130314,8.42735686345472,25.02711068461495,299.8733058853141,4999.659904516577,9998.038992559868,25.011455950564734,62.07401518380787,19.993033205836493,103.45439395147928,0t7sgmp3f1vzv000fjpr6p0xr8
0t7tajrw3sw7h0003f471jjkq8,88.26065940002445,0.06284879752053193,0.0009844824429352413,"[0.0013507094753012414, 0.8456134354198135, 0.5270797257176858, 0.3984509265650634, 1.4947090123788598, 1.4997731055967036, 1.4982806801643878, 1.496590742686072, 1.4972906122634515, 1.4976978277665276, 0.44415101614491714, 1.2313094475272586, 1.498778707730239, 0.02999431521261199]",0.03273722293860108,4995.606049247711,4991.5679095006735,299.52255078230377,4993.48093372107,299.87909339180777,297.9339681903291,4999.954601504407,9985.087040095985,99.88083837215783,99.9586371177964,19.94188064483732,3999.541496597135,0t7sgmp3f1vzv000fjpr6p0xr8
0t7tb4a79hysd000nybc25nw2r,89.47904310002923,0.01240112824327854,0.0009627645067358587,"[0.001357694401847763, 0.8753108136142834, 0.5173346234990273, 0.38630370366642663, 1.499502223829675, 1.4957885980812327, 1.4992418037966653, 1.4912445816081914, 1.4981072735357184, 1.49865308176182, 0.44983599420498116, 1.1497417374566954, 1.4992717930403674, 0.03020394441582236]",0.031055711887633324,102.84586798673503,102.30052462987994,127.94530514003387,4994.969190175249,299.7494343438864,299.8927678789309,4998.82053232936,9997.302574657377,25.051976238165434,25.01929967752208,1.0248950526629408,3989.312143501061,0t7sgmp3f1vzv000fjpr6p0xr8
0t7tbj2251vb10003kfz204kd8,89.91554139996879,0.13305279411834625,0.0010107697709690376,"[0.0013669515568977796, 0.8675269519801301, 0.5275820163874518, 0.4053667309537471, 1.4969509958118856, 1.4993631409577937, 1.4990145682089306, 1.4999344417355847, 1.4994143902296742, 1.495580320303821, 0.45486152852764955, 1.1910009476499215, 1.4953818792492983, 0.029853598452168076]",0.03892984169225931,4994.258534706376,4995.533903606033,5.5138313362449445,4995.414858457979,299.04676214628626,298.6933043911658,4986.036091632051,9966.736362652764,25.53684805494444,25.111567128259818,19.9357417330639,118.71849618852707,0t7sgmp3f1vzv000fjpr6p0xr8
0t7vptv9znwyz000gffpjrtvmm,138.21670620003715,0.01800077657757588,0.001309672931688781,"[0.001434409627327063, 0.30013163388096964, 0.5112314729989709, 0.4607776365324045, 1.4995904182919952, 1.4993996876165663, 1.4973761460863941, 1.4893506225787023, 1.4986385906462032, 1.4989685637267922, 0.4595191640513167, 1.4339469036885786, 1.4993193002660616, 0.031134106149268856]",0.027258847261113165,2585.546933106235,100.05406387441514,299.94669270508007,10.403537313370546,26.06249242533873,25.39571629662688,10.376058854619723,17.988779864529207,25.064286249925413,25.0325053221935,1.0084669317215957,3996.502913003005,0t7vprnmvhx37000xp0k6a0e8m
0t7vq083w5skn0003d54snwygm,115.11765209992882,0.028210157674109525,0.001292616676633023,"[0.0014160403440331149, 0.30110119432268945, 0.4951263229579853, 0.4398383836330432, 1.497756095779422, 1.4977149606177291, 1.499454850305658, 1.4927669703571298, 1.4997507473091733, 1.4996191728189983, 0.4493917048432313, 1.4573239599433658, 1.4999507896098008, 0.031549086688465816]",0.03830074098554706,2525.7831410447243,100.74423469012719,299.9949050698994,4994.56289005365,25.168562183333016,299.23568174891216,4998.319607978058,10.526532941161374,99.92718629457859,99.99616079729613,19.983949897004816,103.76323798893601,0t7vprnmvhx37000xp0k6a0e8m
0t7vqa0qthv75000e95nbcjjjw,121.0938636000501,0.0175388587421913,0.0012987936281071318,"[0.0014323164113677206, 0.30010153612669266, 0.512318582084665, 0.46162768055361353, 1.49875531370194, 1.4993060626068644, 1.4996293572607438, 1.4954026838587668, 1.4975608648685044, 1.499019272344724, 0.467731373916415, 1.4177989331130079, 1.4999387064931793, 0.03152542050369027]",0.04304288970101602,2532.201345462144,100.47252561537846,5.024771966272633,13.186180791000833,25.115457885984533,25.032809723501718,4996.764891290676,14.704447400517415,99.87379831522402,99.97226122434544,1.0124499062764831,103.13128289816893,0t7vprnmvhx37000xp0k6a0e8m
0t7vqcggt5zhx000ckmv4fdy9g,138.97637419996317,0.04780510704472095,0.001288668138852211,"[0.0014183693544157147, 0.30193996771535714, 0.5048072287080031, 0.4611325446649456, 1.4982763570871747, 1.4996937574505007, 1.4997881645141637, 1.4947848957878596, 1.498822981001556, 1.4997142817440494, 0.4616515387212836, 1.407098929309759, 1.4964664414023012, 0.03200063252277634]",0.04084931973822461,2646.7727494474634,4999.988080708393,299.96568119929066,4997.837711902414,25.67044333307298,25.031956392441852,4993.69170515962,9999.169740794447,25.052271255185364,25.00583623646976,19.98459528186281,101.13697695471375,0t7vprnmvhx37000xp0k6a0e8m
0t7vqvwdy5sw7000y5tz2v01ar,104.78882140002679,0.03683604786688026,0.0012784523210490003,"[0.0014131959496461663, 0.3007710334738588, 0.4986856418708303, 0.45121835416229544, 1.4993967885720851, 1.4977901864388536, 1.4990999366002915, 1.4936551926814532, 1.4995418799531834, 1.4999868894991522, 0.4394147679663113, 1.3623698765285785, 1.4994880989149728, 0.03223443544681069]",0.03873950460915636,2519.3965327724036,101.34974035308328,5.05871709934504,4999.515702712175,25.315225889266568,299.9261667436072,4999.012582012175,16.135649985834814,99.94620621076665,25.002165620263888,19.994995149838946,3999.775779419732,0t7vprnmvhx37000xp0k6a0e8m
0t7vr73q6nzjq000a8arrb077c,117.34820639993995,0.028766691225126605,0.0012628185034764298,"[0.0014178198419642213, 0.3006540758764593, 0.50551685787475, 0.46607642252435155, 1.4994174723973532, 1.4975993457877994, 1.4990382672068612, 1.490511215273824, 1.4975940656033195, 1.4999135341170988, 0.4584164474955225, 1.3846746860299333, 1.4998113112756895, 0.032249762176167346]",0.03536341053496014,2543.557338889423,100.49201638316939,299.9100644328089,4997.721567759218,299.8370709823537,299.84442018312967,4993.92636615497,9978.78022547782,99.99304370444726,25.049625610428034,19.987341682753033,102.41985639194506,0t7vprnmvhx37000xp0k6a0e8m
0t7vrmjhfssj7000xjndwtvn5m,109.3567576999776,0.05135237540023835,0.0012359193706185923,"[0.0014088386577202558, 0.3035131566796647, 0.5070632751569022, 0.46285819312969523, 1.4996576587257846, 1.4972215822798236, 1.4999027681998482, 1.4929913073135108, 1.4994858994698452, 1.4981335452863207, 0.4509038988074453, 1.3756995709832345, 1.4997387777257645, 0.032493365162490975]",0.03348176282327335,2589.863089257029,2783.350374272681,5.064712607420793,8.05383612627522,299.89733348881697,299.8945448200992,14.728805577129318,9995.85231635021,25.046618909658335,25.007545526677028,1.0047723242582263,100.2112778341407,0t7vprnmvhx37000xp0k6a0e8m
0t7vrxenhnxn1000hp33hfmv3w,119.30820049997419,0.031175460701240717,0.0012776184610341838,"[0.0014431185320048084, 0.3017141514016901, 0.4962907607739236, 0.45096573140784024, 1.4987346936945733, 1.4984907754146453, 1.4958052934753114, 1.4991414661535427, 1.4963968546459172, 1.4977393987649794, 0.4493032411960669, 1.4492110202426611, 1.4986687238785015, 0.03353520867065023]",0.028526850529976916,2535.7774380160386,4998.599688152531,5.0702414735006816,4996.880327691815,25.084053970920774,299.9008492994477,12.35728308908047,9990.834422816399,25.08814214912179,99.98563788600761,19.99859835685357,3996.6556181268475,0t7vprnmvhx37000xp0k6a0e8m
0t7vrzks09zp7000cp9fh2jgg4,117.55376869998872,0.06463059828358558,0.0012277269416803085,"[0.0014214237958641296, 0.31735797450533676, 0.48606405945749903, 0.42298750762419135, 1.4970107609893593, 1.4996108340509184, 1.4964185186918866, 1.48796832279914, 1.498955597124041, 1.4993365332848434, 0.44734962736356376, 1.405703376817125, 1.4997381258011928, 0.03233605680049201]",0.030315806063008995,2544.6971118447163,4999.799386475825,174.80103128006476,4999.179707448331,25.002488067304952,299.99425624864483,11.55874168360395,11.128054855290825,99.96159086629146,25.001948166764414,19.998513467970255,3999.207535969711,0t7vprnmvhx37000xp0k6a0e8m
0t7vsaqeb1sp7000319j9sgzgg,111.62574550008867,0.017356192363015235,0.0011776386869358918,"[0.0014357962992513906, 0.3919617057312833, 0.48456060277911844, 0.4237791910333349, 1.497817476883942, 1.4984123145396604, 1.4961538486602688, 1.4962564088540335, 1.4953918843239946, 1.499583275134734, 0.45342417186023853, 1.391807024294225, 1.4997147924958203, 0.03216693212757413]",0.02786999392777036,2746.273843705836,100.85619538535572,299.9996724711906,7.516334635404797,25.099275267682902,25.142023218579386,10.320507401645644,9994.980373624376,99.98035741707338,99.98122864317524,1.000687866301651,3999.753433218793,0t7vprnmvhx37000xp0k6a0e8m
0t7vsksqdhwdz000hb4syxprw4,98.17326300009154,0.017223386048189106,0.001089715913561409,"[0.0014214478279697268, 0.45761958323087365, 0.4766463042074753, 0.3954272550882202, 1.4999134868509139, 1.4989776200954765, 1.4936930112183553, 1.4939467933569033, 1.4976720783800572, 1.4997830164544919, 0.4634571592798969, 1.2685537074295108, 1.4978471158252566, 0.0320944384781391]",0.02855586821008271,2625.390169466418,101.08616009365635,186.3106225257849,6.947114515702259,299.83043945627566,299.99100555762595,4999.2289380039665,11.944857002355915,25.01521739625439,99.99413252154646,19.999075256271674,3997.37001606355,0t7vprnmvhx37000xp0k6a0e8m
0t7vsv4czdtsv000p40w7kq26w,114.68056500004604,0.05507999811062375,0.0010641754885436189,"[0.0013983598130710845, 0.4995935440159976, 0.4681339657704861, 0.37886301372826325, 1.4994556502058618, 1.4994231523904202, 1.4979212988382555, 1.498965966154671, 1.4963838705950814, 1.4959758070480629, 0.4558538928874717, 1.2448888849003397, 1.4990552770280914, 0.032238638482653195]",0.035021995861607265,2433.8798118333516,2670.252873783947,134.50533799839528,5.151747749740773,299.9681345983776,25.036377921856147,4999.902000636856,12.22181151493829,99.97414958270946,25.003588569153216,19.99864477073471,3999.8783062483303,0t7vprnmvhx37000xp0k6a0e8m
0t7vt38nyszph00005ngr8yexc,106.5035566999577,0.05195844206081093,0.001068646768676353,"[0.0014084369486060816, 0.5140285566377973, 0.46782773801238103, 0.3942713427967792, 1.4903719560310908, 1.4996105791003629, 1.4973192704758898, 1.49966429295069, 1.4992576395935986, 1.4994635748920997, 0.442015124936951, 1.2738797477721626, 1.498705252834125, 0.03309831842754854]",0.03642867097296715,2701.2227638941918,2877.573624124949,299.98344310459146,4996.981248169352,25.026686744719033,25.25270643692547,13.74743337967382,13.705076091448209,25.06700042661434,99.99002395734412,19.99704128134592,105.35013013905076,0t7vprnmvhx37000xp0k6a0e8m
0t7vtbvgchvdv0001cbrnvaakr,96.0251768999733,0.025312660399636516,0.0010579516741857323,"[0.001397588883981081, 0.5096580750546089, 0.4602013023831345, 0.3991646491357108, 1.4986204173783186, 1.499772579399377, 1.497345990843276, 1.4947388600132991, 1.498715447052307, 1.4982085580163746, 0.4506210781871093, 1.21954163982058, 1.495179008277702, 0.032693628421942775]",0.02839721967112899,2824.4561097360356,2797.0093233334196,299.84644072371873,7.168844579545849,299.86464476775785,299.85021478160405,4998.892530520218,9982.838287517368,25.1024067199897,25.011284112814806,1.011499625159103,3998.49068100852,0t7vprnmvhx37000xp0k6a0e8m
0t7vtr2h4hz1f0004ses4jc2b0,105.66659349994734,0.021016997274657806,0.0010283752050299951,"[0.0013866175693349955, 0.5199590648305141, 0.4687579387822284, 0.38506099939155003, 1.4969157657244387, 1.498797351650535, 1.4984971158225948, 1.499993779836954, 1.4998397948636994, 1.4987372560766303, 0.47051936270843553, 1.2231370452013395, 1.4964503763396253, 0.03277650892456277]",0.03245773351286232,2521.3494443817594,2410.784226154477,5.026594850979053,4998.927099584637,299.9579161501153,299.5699679009606,4994.195698435627,16.27212297038197,25.051209305645504,99.9793644233912,19.998740708137746,100.00725257229153,0t7vprnmvhx37000xp0k6a0e8m
0t7vtt2yyhvjf0009014kzcgdm,108.27819590002764,0.007804368423223948,0.0010033186891595326,"[0.001389672465024451, 0.5901994606570111, 0.46366145217237703, 0.3700210782807696, 1.4995326912453295, 1.4977909396686437, 1.4983403718509791, 1.4998726675859073, 1.4982256095651891, 1.498632740448843, 0.4593816073688278, 1.1945708456147117, 1.4995008562057088, 0.03234744679321523]",0.029847284457621217,2370.5160509214097,100.4441372499768,299.9848171802307,4999.591983469492,25.016074683766984,25.040529417276865,4998.564458228202,9997.624474598439,25.04927409854775,59.02641628372191,1.002431711594098,101.01550041132644,0t7vprnmvhx37000xp0k6a0e8m
0t7vv7c22hrcf000bp6ya12fzg,100.00232289999258,0.10128747219054018,0.0010089482196427918,"[0.0013814507555303598, 0.5700818871890565, 0.4540568736189764, 0.3677398199939983, 1.4976843205130388, 1.4997707137087157, 1.4914964096254673, 1.4990089709716623, 1.498885385765199, 1.4991872655253844, 0.4484917997920647, 1.2436872341203373, 1.4965806865820335, 0.03246217640121571]",0.03129198090594004,2614.1899660794707,2977.6615746637913,102.02027787243655,4999.747419934528,25.035266861147925,299.9369269889099,4999.465021342036,9999.716554939114,25.020790556290937,25.007184112710167,19.99925620835673,101.65073115549654,0t7vprnmvhx37000xp0k6a0e8m
0t7vvny0a1wns000rs6pjx6kzw,103.79340530000627,0.019972992637704738,0.0009740635786547867,"[0.0013664198501058267, 0.5626708114712806, 0.46742225881849436, 0.37238614778921786, 1.4987135381087453, 1.4997733216455242, 1.4969354627299871, 1.4955506868587474, 1.4969877423071887, 1.499537459320238, 0.4514756087113978, 1.2275251631342932, 1.4988976625510622, 0.03222749782275068]",0.03235278549206267,2309.963764998604,2174.235437706203,173.82927376266616,4999.781794382318,25.00686365999465,25.011409679221316,10.029732941157517,9999.94565301771,99.99859003556578,55.12338393187863,1.0001764693497779,3999.8630946682665,0t7vprnmvhx37000xp0k6a0e8m
0t7vw3m0asxmk0004nwfqayjeg,103.29098609997891,0.015174048761431757,0.0010035428276840728,"[0.0013723861710594823, 0.5916593314502098, 0.4574110037891049, 0.36204880855143196, 1.4985935072886944, 1.4975764493668928, 1.499168220098713, 1.4978615553183272, 1.4995610952417575, 1.4995647985610525, 0.4622328317341972, 1.208340612806488, 1.496802782318478, 0.03212072576702045]",0.04310887221125947,2794.5583397735536,104.31336545379656,141.13185422384674,4997.2256219287765,25.063280516813958,299.2943534815908,4999.895849944857,9987.291015962448,99.93347431400854,99.98605141018129,1.0017990747931769,102.33789830710462,0t7vprnmvhx37000xp0k6a0e8m
0t7vwhf6r1zt30003nke0a4ny0,126.39390040002763,0.0376184878754328,0.0009929812717892716,"[0.0013661265927946697, 0.5891194653893044, 0.4538044048194248, 0.35352096915258346, 1.4990653813376358, 1.499647585230363, 1.4981193690279386, 1.486607621842893, 1.499494676304147, 1.4998704757194825, 0.4477427633365889, 1.207153604032726, 1.498706582710356, 0.032094601375888765]",0.0262049810300884,2823.1211257540135,2752.0272240465974,299.9198375055909,7.529263297850545,299.92613407986244,25.025262765231624,11.141909374653865,9974.785322870714,99.97086547210023,48.60442657490988,19.998268590906065,100.52278611253045,0t7vprnmvhx37000xp0k6a0e8m
0t7vwta0bnt03000degc5dq284,114.37864410004113,0.013639621379199586,0.0009967630627767986,"[0.0013777787066540648, 0.6051855809394384, 0.4565303603481591, 0.3682106045588558, 1.4998320671656065, 1.4997291028884772, 1.4942890105158126, 1.4989256603537213, 1.4999327487481748, 1.499881339724772, 0.4636951081911614, 1.2185778076260783, 1.4994976610351376, 0.031206413587904977]",0.03667585558857242,4998.846967613319,2482.123570771589,135.82782492157722,5.246840162471502,299.91268515351663,25.075557105762183,14.161927596302686,10.459404114192377,99.93223929053924,99.92460992771997,19.979211670522773,3999.255275511896,0t7vprnmvhx37000xp0k6a0e8m
0t7vx1q0a1trs00087edjws7t0,125.05440180003643,0.050647838223456115,0.0009408698666190057,"[0.001357241411193963, 0.6068134123700191, 0.45636471098164866, 0.3535237029065683, 1.4977109347212627, 1.4975577333682795, 1.49042910839021, 1.4978099748266505, 1.4997127323174055, 1.4989799316862342, 0.4614049252775511, 1.1965162083679515, 1.4978031817286934, 0.03253253706625886]",0.031097916057090235,2424.3300083194563,2265.5436627865784,90.25001944043565,4999.898535096537,25.025624870872672,299.9626818848544,10.002711990099883,10.64810035307842,25.002747607138218,69.45194262500213,1.0002702091861928,100.13772557203285,0t7vprnmvhx37000xp0k6a0e8m
0t7vxa7bmhtqf0001yecxnjcrc,113.7260377999628,0.050000402034515584,0.0009613437024040145,"[0.0013595533215884636, 0.6310869677308868, 0.46471006561171396, 0.34029698556401666, 1.4945584615020693, 1.4992495807019162, 1.4993759079479543, 1.4993963243043877, 1.497813770885383, 1.499711961452191, 0.4583859250626022, 1.1514382835579946, 1.4986973330736304, 0.03205085945507723]",0.03366998623661722,2295.688360780404,2290.5738785039216,243.75010944636284,6.755059556404082,25.166427064994853,299.9474560545164,4994.883500199554,10.960968067297314,99.98367972410138,25.00503269010484,19.989112784482245,100.67359685955314,0t7vprnmvhx37000xp0k6a0e8m
0t7vxgtn9sx2h00096azte3vwc,119.36386119993404,0.09288289316118531,0.0009999252220922893,"[0.0013480669344935123, 0.6232619799428643, 0.4667537106647979, 0.35232872860821585, 1.498929751039302, 1.498802485254768, 1.4949412370464958, 1.4970612408326134, 1.4972257019465176, 1.4999126043995283, 0.4515603350418452, 1.181721477616192, 1.497891715969374, 0.032806188032277986]",0.032599676910891384,2705.4238408008564,4999.353312784317,5.0380772772504585,6.644603119333799,299.7494625850608,25.15763686045876,4995.971346830529,9995.770938175858,99.9638350213476,25.002241729536127,1.0003796913757768,3993.02614700768,0t7vprnmvhx37000xp0k6a0e8m
0t7vxxwgd5w4z000w7yhz1tqqw,107.00343029992655,-0.006167069288681035,0.0009765863427198482,"[0.0013572358299609316, 0.6228245346589241, 0.45639210130251645, 0.3449547357072895, 1.4982370732653372, 1.4966981221537594, 1.4953027037687554, 1.497950220949119, 1.497573024029816, 1.498294483407259, 0.45484963186318667, 1.21759053253971, 1.4990441846637352, 0.033015728033684286]",0.0270149659040769,2734.0872640578195,110.97804557039416,5.094384461552339,15.757763538165301,299.92264571262234,25.854887126665194,10.46875333211699,9988.561653737235,99.97487833173142,99.98538343001746,19.996091301627033,102.90659833552768,0t7vprnmvhx37000xp0k6a0e8m
0t7vy04casw6n0006mwcsx40t0,123.17032880010083,0.016503332252045425,0.0009687109082007738,"[0.001345690602484996, 0.629149811315293, 0.44789230250784473, 0.34029258273383034, 1.4948983614697655, 1.4994795712450697, 1.4923359491393655, 1.4995192230816266, 1.4951928461049417, 1.4985868177909953, 0.4510829545570471, 1.1936739871301776, 1.4984334316877568, 0.03257336100069774]",0.02560817488949631,4998.573263950562,101.59831068455928,209.58597582960658,4997.648894670463,299.945496677733,25.133638069102837,10.573348913883358,10.617181498626014,99.98306399072436,57.219229230898826,19.999690288932115,3997.9502872023786,0t7vprnmvhx37000xp0k6a0e8m
0t7vya96r5xgh000zw8h5s2z0w,111.15046829998028,0.05070461572505497,0.001006697793044107,"[0.0013614486015864555, 0.605164247061515, 0.45359512062283686, 0.3457457011610672, 1.4976265420047778, 1.498763607157378, 1.491731825154345, 1.4956149563464547, 1.4996373261625584, 1.4993074618497242, 0.46330423769873824, 1.202308392921819, 1.4979332012849385, 0.03313278783347387]",0.043145623778867395,3176.0092567512042,4999.187654996923,147.71689480405269,11.275122757749175,25.07064512629416,25.2397742289267,22.53956382596983,15.492547105948873,99.96205493467751,25.050142544647,1.015135222367895,105.49296298557867,0t7vprnmvhx37000xp0k6a0e8m
0t7vyg9mxnwr1000jfj7s529wr,115.93035589996725,0.01174517673512148,0.000973284109960895,"[0.001338934986030521, 0.6476994861441905, 0.45102358167104956, 0.3311042251312829, 1.498012031908367, 1.4998023531880382, 1.4923004247260419, 1.4994517849090743, 1.4991473296842541, 1.4968363138801806, 0.4535568060246477, 1.1395530666843463, 1.4999156714418018, 0.033394930745914084]",0.024998055173432343,101.21221905041018,103.17901262363317,89.00913901663395,5.846680401880266,299.9967649545398,25.053487138097044,4998.6838660986705,9998.840853044387,25.043173042115217,55.967164430652055,19.998231448141986,3999.716677637545,0t7vprnmvhx37000xp0k6a0e8m
0t7vytcjvntwh000d0gax78jk8,105.31440230004955,0.032497408616185025,0.0010295002811092178,"[0.0013309833725221737, 0.6596752326268627, 0.45782352177277497, 0.3356136334383504, 1.4989588408100043, 1.497375059748164, 1.4930856740478053, 1.4988102143400397, 1.4999761099478541, 1.4982147396307195, 0.45878262369513606, 1.1737704121991697, 1.4974672594628393, 0.03227586956813458]",0.02442970448551364,115.41138969540474,4999.125954692707,299.90040603495765,7.056843060317921,299.1564604747552,297.9953238666543,10.335638583663703,28.939510519065923,25.12116907440802,99.98017437812457,1.0232958429706944,3995.4080884353575,0t7vprnmvhx37000xp0k6a0e8m
0t7vz0wfddwf5000w07wfwkg28,127.33454100007657,0.0573666929754172,0.0009567550147447072,"[0.0013306485153450412, 0.666706894153054, 0.4625810320361279, 0.34517792125835733, 1.4995696205786664, 1.4999382180914596, 1.4986066813396386, 1.4960480420750812, 1.4998273263557134, 1.4992013103840554, 0.45379491972837044, 1.1433797831604786, 1.4986596429926706, 0.03212735650596504]",0.02368439053880861,3036.9285030870687,4997.287979247772,299.7348200280734,8.214420719481053,299.24794093432257,25.643356517779562,26.675180314310857,11.735617845818123,25.11746495629177,61.111390746695825,19.977706882052164,3993.576632346463,0t7vprnmvhx37000xp0k6a0e8m
0t7vz8jh59vjv000pv5waca5k4,131.13504930003546,0.03894636961297534,0.0009499622188510273,"[0.0013528162752156, 0.6564160651859039, 0.46044286487598285, 0.34794008085990913, 1.4970881416870188, 1.4981647243364713, 1.4993319187630907, 1.4993165013485488, 1.4946060563030517, 1.4976516453743653, 0.4528458197938744, 1.165302008264799, 1.4993525654875466, 0.032583759918880406]",0.029349929517218862,103.51026105308148,1301.0343069417947,212.68794090002203,6.435903568791011,25.049860708858123,25.338403008183697,4996.562914576289,9988.885132826363,99.971733792508,99.92971931885705,19.99416159338387,101.14103223479172,0t7vprnmvhx37000xp0k6a0e8m
0t7vzhs7q9trs000y23aya7aec,116.44694339996204,0.04691809261802849,0.0009668243849811163,"[0.001315567730027653, 0.6679948858956404, 0.46275930130288795, 0.3341557477567707, 1.4981884388678595, 1.4996742155466156, 1.499484598333285, 1.4998043375714791, 1.496607524993611, 1.4989505030481376, 0.46230880768745286, 1.1308199621286845, 1.4990690063473093, 0.03170126118587753]",0.04123929861238368,4999.879425056036,2782.9558286205047,193.01784268281082,4997.783986546104,299.99202902032084,25.458553037873255,4994.16757448829,9996.115874512523,25.12218747361803,99.98680846491212,19.992958558385688,3999.4364459553867,0t7vprnmvhx37000xp0k6a0e8m
0t7w02pxt9w15000y38gp793hg,106.06351259991061,0.07659235389762573,0.0009537038720129385,"[0.0013351688500567865, 0.6617934347347627, 0.45549186739170994, 0.3396597550946472, 1.4996790049733786, 1.4974139960125399, 1.4957769049731808, 1.4970608891299895, 1.4999852654894705, 1.4981947972518057, 0.456201628172643, 1.0985621603166842, 1.4991100732982219, 0.032214341793680226]",0.03497719647592714,4997.665299459399,2798.430327667684,5.042508528449026,4999.898738975163,299.4366920772366,299.85266761015953,4981.80700421979,9964.55912657087,99.91560999986268,63.93317548774899,19.9749302800747,106.49280120801984,0t7vprnmvhx37000xp0k6a0e8m
0t7w053bfxx67000q3kzj5j9kw,132.26170599996112,0.023217765156268787,0.0009488583647610343,"[0.0013281797222274294, 0.6580898970973235, 0.4335208515119402, 0.3464453276399523, 1.4997070649018465, 1.4998698097112788, 1.4983199757285677, 1.4836579599219746, 1.4995899709371168, 1.4998524921539107, 0.46350611017838556, 1.01898512335172, 1.497069715454753, 0.03223376870392741]",0.028357338532438877,120.77341235120414,2298.3227192256195,200.50668660265322,39.075908488094065,296.52514678741,299.26861072410196,11.776735587122369,57.85029735839364,98.91227987821775,99.63265329125397,1.032986596903286,3944.1472607109527,0t7vprnmvhx37000xp0k6a0e8m
0t7w0aek29t0n000ntze6f3b80,118.69698639994022,0.11369950586946266,0.0009959511919486075,"[0.001331778129651219, 0.6683009217211336, 0.4441253167128312, 0.3382461522197503, 1.4977840509421614, 1.4984899912704157, 1.4979470300211004, 1.49604356086418, 1.4990166649510113, 1.499239442117407, 0.45473652604848674, 1.0257065042666853, 1.4953813979009083, 0.03215102821984375]",0.034041315636069956,4997.851012841812,3010.7043991238247,5.090876756299091,4995.854464624362,298.7209196785409,299.7554224553228,10.635713983312876,13.129998408416911,25.100688710559723,25.0144322805965,19.99110695859277,3997.429997406214,0t7vprnmvhx37000xp0k6a0e8m
0t7w0p0ybnt1n00001y1ycf73r,129.33503850002307,0.051679159371567106,0.0009678497494760746,"[0.0013600714317838838, 0.6374882150912737, 0.4466220030058965, 0.33434955473209227, 1.4981463485479898, 1.4989939997921293, 1.4979497055025188, 1.4986360556865683, 1.4965422401805786, 1.499707517395874, 0.4600478668747527, 1.0816912598160884, 1.4970803105039967, 0.03277188220521818]",0.0288868820017569,2555.119573133733,2196.4074337355723,70.3354705201851,6.067986441509359,25.079188146667597,299.9443267157114,11.82902527495791,10.543646697847292,99.99866977459452,25.00921516182927,1.0044318377389772,3999.0141696373116,0t7vprnmvhx37000xp0k6a0e8m
0t7w0w7vm5ymv000kkk99q715g,117.4598744000541,0.08689271417310074,0.0010013148590306642,"[0.0013670513382062488, 0.6666910366889673, 0.444167593317137, 0.33327032613497753, 1.498569271270182, 1.4984112232000535, 1.498390848954911, 1.4998049626105932, 1.499621817584889, 1.4981016675672456, 0.4624044876581685, 1.1117936091558893, 1.4985359385912584, 0.03264530246875737]",0.03601356784195226,4994.388013775627,4994.737225024876,94.18528046982198,4982.5038431453395,299.8647811729579,29.14668450486457,4988.099282514386,106.151458972299,99.8732025258039,25.044020827113282,1.002571842507827,119.68153495659307,0t7vprnmvhx37000xp0k6a0e8m
0t7w1915qdvfk0009xqx9cn0cm,128.48310680000577,0.0752640009943827,0.001033076445870637,"[0.0013556000257077608, 0.6751751782953136, 0.4350923575434403, 0.3248460098999373, 1.4985789506471936, 1.49898456010876, 1.499877512772975, 1.4989349484691934, 1.4956657995270266, 1.495066056822567, 0.45482358616372226, 1.0285305390893704, 1.4994088092878473, 0.03212246004638182]",0.030791441548782435,4998.449553536233,4996.827248890292,212.28971999091118,4999.747436384536,26.07617893255235,25.76356161089349,4998.210204808591,79.03592282236234,99.75918717863112,99.91370100637644,19.974134001473725,126.13713839341214,0t7vprnmvhx37000xp0k6a0e8m
0t7w1njzdnrw3000j4a1gwpepw,113.15755610004999,0.011003390458097402,0.0009763024230861056,"[0.0013339792775263828, 0.6780040758282471, 0.42726084980792145, 0.31664965775459375, 1.4966706337740097, 1.4985686095585358, 1.4973071757866898, 1.4990865053369633, 1.499554895527371, 1.4992716995167727, 0.4632622965951298, 1.0075474846027976, 1.4965959370430197, 0.03242301014215829]",0.03610165465759197,100.82340323970944,3160.6137600363286,76.45434403591437,5.159697044163061,299.666856846243,25.762144399509825,10.284235629241412,9995.694927608505,25.14924050522742,99.99246865922521,19.998612333848445,101.28809199207141,0t7vprnmvhx37000xp0k6a0e8m
0t7w1xk7y9z3q0007ch1pkfgbc,117.30894580006134,0.021999740836936656,0.001005242720385183,"[0.0013400209631153279, 0.6833212376675615, 0.4444350093531665, 0.3222669739721419, 1.4997267018975158, 1.498324679339982, 1.4941283884773409, 1.4877406385160883, 1.4979441561282836, 1.499981026190511, 0.4546293380601894, 1.0556000201743767, 1.4994512074540953, 0.03223878201269087]",0.042434402540241896,4998.852589644487,101.45492644506193,85.98313546855806,8.340654298483003,296.65999067313373,299.5816557679057,4983.001781570344,9996.83363132379,25.39922087532434,25.018277985753866,1.0504261799839347,103.07953922985037,0t7vprnmvhx37000xp0k6a0e8m
0t7w28k3kns5f000n4q7xv168r,137.7577282000566,0.027854166082792373,0.0009540231402421956,"[0.001323856234575052, 0.6682076762649806, 0.4511389350994098, 0.32278914762030875, 1.4980621874085818, 1.499386012295234, 1.4970060330605628, 1.4997512870860825, 1.4995218773368522, 1.4989342494832936, 0.47358204692873834, 1.0515100732777904, 1.4981060517555367, 0.03231212429511515]",0.023465618022519112,4991.835476838516,2510.6120537573643,192.4994805117663,4999.972445132724,25.461625816208887,25.298992067433247,17.300787260355634,15.817713988296719,25.163350769723337,99.98870284248483,1.0149569861509151,104.89639903305702,0t7vprnmvhx37000xp0k6a0e8m
0t7w2j9pnhwmd000xh00yqx7n4,119.43231629999354,0.015809265390296458,0.0009644984107977218,"[0.0013292550126135574, 0.6922731442684996, 0.44584873036211203, 0.33432139556509755, 1.4978928454941314, 1.499714759072753, 1.493787380052689, 1.4934542806791673, 1.4981677915570413, 1.4991695695162521, 0.46332020374948574, 1.0337579442439386, 1.4985292090116047, 0.03184932626844869]",0.04850816924874662,109.39054158065328,127.0951447602715,67.71736288826277,4993.487531702179,299.96153254083515,299.78492433366694,4994.122615076229,124.12560548438027,99.82891759467036,99.27813561248931,19.95251152384939,3972.4684656243835,0t7vprnmvhx37000xp0k6a0e8m
0t7w2wzjjsxgx00054npakpsy4,139.67792279995047,0.03416304561979929,0.0010025167682125133,"[0.0013327558887529026, 0.687826771297811, 0.441793406521621, 0.32993310068799264, 1.495990473828621, 1.496172623189471, 1.4951837078595098, 1.4974366213078922, 1.4993178273333378, 1.499351667178363, 0.46733307710449606, 1.0415110465735307, 1.495692085333059, 0.03189906941304198]",0.0353267589121958,4976.389078689937,102.31305214834155,6.03903639551536,4997.712469029183,26.471609162101426,25.902773281419844,17.279717030723432,9847.89685002969,25.654188356180192,25.36739178627316,19.997646496584466,3995.175045130346,0t7vprnmvhx37000xp0k6a0e8m
0t7w3b8v6svf90006e3qmdfppw,130.38130369991995,0.0635127467817675,0.000934741869755769,"[0.0013052386801204602, 0.6778992474473743, 0.4338625424844713, 0.32130129465221624, 1.498233780588857, 1.4997218331750672, 1.4986792541308729, 1.4986113758995536, 1.4986051395489606, 1.4993902525870144, 0.45573960908430383, 1.0281142894250404, 1.4986984033280948, 0.032606477788588384]",0.03555182379284639,100.3059384549899,3231.141863039146,109.02909075522415,4999.5845718589,25.02331154345698,299.9989325729476,4999.513767339906,9999.95437490331,99.99687948107521,63.56114377292291,19.999482155059773,3999.9800612706244,0t7vprnmvhx37000xp0k6a0e8m
0t7w3ty891tgk000663sjsr3dm,134.23457889992278,0.03149216353887119,0.0009359176800537425,"[0.001315601022384677, 0.6882598250562717, 0.44320589722059517, 0.3200890369506927, 1.4968560515954055, 1.4961990774141418, 1.496434404682161, 1.4964548291380233, 1.499060379048419, 1.4991961968502192, 0.4726483561137216, 1.0484505141472218, 1.4984504172920148, 0.03205135111888337]",0.026095301517879515,100.34748248805518,2816.6633747348365,5.020935771507325,8.233001144451041,299.72913075133687,25.14996255174444,4999.583517160129,10.245277062252617,99.97031485593047,60.923146683184484,1.0191152642899521,3995.254160631958,0t7vprnmvhx37000xp0k6a0e8m
0t7w42gzchtdq0005z65zxd1jg,126.70431830000598,0.05457112114320648,0.0009713356046877967,"[0.001309611958567776, 0.7000997227327335, 0.44014669012278423, 0.33214179168760527, 1.4956884311807186, 1.4983075199716926, 1.4906334716584246, 1.494574873409145, 1.4968680854119567, 1.4997549544263449, 0.47658805181950537, 1.0442008824908389, 1.4980624002591638, 0.031712295779635635]",0.03935362767760224,103.28439255792239,4998.448331068034,202.44424658032074,6.865011411991144,25.011780535053187,299.8518670377088,12.886821202374202,14.079337635603714,25.086945455505724,99.97501616794833,19.997978258485663,111.41127275729443,0t7vprnmvhx37000xp0k6a0e8m
0t7w46pjb9rcn000475e1s6shm,136.13181960000657,0.021386589128437848,0.0009745972326993029,"[0.0013244654671342726, 0.7038092345468133, 0.44536730781733513, 0.323406819791745, 1.4980345905052597, 1.4959251861926999, 1.4866817896257136, 1.4981586363102557, 1.4980585220901275, 1.4994883013003415, 0.4767425561909514, 1.0642962520831727, 1.4985987839916803, 0.03214761460858058]",0.03491672763973284,102.0511104649766,105.4163536971184,183.3898771318341,4939.655530004727,25.936726222063363,293.6699352178326,45.651077154316816,9973.679598977826,25.15328874422213,25.617277697801104,19.92019436296743,102.0653522541536,0t7vprnmvhx37000xp0k6a0e8m
0t7w4hsycnv59000wv4zpr5py8,145.08483710000291,0.07821678940887453,0.000972481666925472,"[0.0013018541525134444, 0.6764010811568295, 0.4337113627867536, 0.32795382991464295, 1.4960714085699023, 1.4999188587063568, 1.4986994307175934, 1.4954725465700245, 1.499097567515017, 1.4998924844112849, 0.4779036051402647, 1.0306111750306468, 1.499180912664381, 0.03187557320806639]",0.030884458900508234,4998.904064228945,4997.778365387672,5.04711814327545,12.999724979806903,299.7412012568177,25.023821359307394,12.559462999264765,9989.335007113543,25.02543809274122,58.19458137875921,1.0042850470685172,106.90215168237906,0t7vprnmvhx37000xp0k6a0e8m
0t7w4wscs5wcs0000xtn59wqng,138.85703859990463,0.005053400657977634,0.00098753649781047,"[0.0013286490834898482, 0.6325733357426953, 0.4334618528587063, 0.308196699930654, 1.4995313188139698, 1.4982539174587384, 1.4961268047860392, 1.497073262630308, 1.49952187953182, 1.49930314307539, 0.46108450128074974, 1.0799403500455504, 1.4976820322771012, 0.03300107753298043]",0.032675509506294116,103.31405950298391,102.11349242525277,233.77981243480943,22.288388955744548,299.42371072223136,299.57285568430603,4980.993126745095,10.749421947428981,99.9275800569057,25.024215395318215,1.0200438048593639,101.64068096549059,0t7vprnmvhx37000xp0k6a0e8m
0t7w51zzzswyh000cm9x935dj4,138.58767110004555,0.07990573221638825,0.0009494960436050935,"[0.0013138454606606773, 0.6227683424385285, 0.44611194413400174, 0.3060509331201773, 1.4984703968437338, 1.4982457273432064, 1.4997510304573503, 1.4996192892443485, 1.4978466200279907, 1.4999526477827, 0.4583394164088786, 1.0591894859805342, 1.4996785252402929, 0.03202867725974118]",0.032366044660265166,4996.64742566141,4997.877635879476,228.3732274099335,4999.182716757278,25.309926211197773,299.9439624195405,4985.047123966304,9988.969104767342,25.082667763649745,57.4729602492951,19.998563462765638,3994.4659799225356,0t7vprnmvhx37000xp0k6a0e8m
0t7w5mayg5xy30004bmfmj9hkr,138.8392667999724,0.029313294108222806,0.0009573471829957484,"[0.0013098138589526659, 0.6310558791879037, 0.4272442882359595, 0.3020592136539423, 1.4962667373794554, 1.4968477629260288, 1.4982201932388293, 1.4981934253652636, 1.4990679875755124, 1.4978531282826217, 0.45206146630765937, 1.0940370284982779, 1.4989544238434047, 0.03244496234882911]",0.03581875777856732,104.7078637602975,2879.3430240234143,222.13464840101457,4983.684592290129,25.184314489833138,299.36530132969943,11.330025700915153,10.390197715481458,25.056485794555915,25.007737863898107,1.0027955142930247,3998.462252528485,0t7vprnmvhx37000xp0k6a0e8m
0t7w5xxpnnxh9000wn51pabmym,129.02501759992447,0.046542161124877766,0.0009183478043900242,"[0.001285852145450489, 0.6295748266449612, 0.4275256461230073, 0.3082069631482227, 1.4987695246503363, 1.4981203006796666, 1.4998070832845605, 1.4982812259933238, 1.4989740145241792, 1.4987544312048988, 0.4538734867636211, 1.0692697838682057, 1.4985763827317664, 0.03219210763111065]",0.04350845293905966,2878.006768368642,2304.420063547068,211.504413736621,4999.413108677847,299.9581048181503,25.04096207682575,4998.980866499236,9997.41874325397,25.02134820330588,25.003914797677275,19.99750523320213,100.62091027187668,0t7vprnmvhx37000xp0k6a0e8m
0t7w6d2921yc1000sjvawyt0aw,151.2709999999497,0.07006049405795847,0.0009463425074951826,"[0.0013031247875768467, 0.6469319253804056, 0.4374230629845336, 0.303854802742624, 1.4997470511835735, 1.4996420365201737, 1.499908651995776, 1.4965601770863968, 1.4994861512974125, 1.499212215382038, 0.4644470223331379, 1.0481195182459966, 1.4976309714537075, 0.031954585016810755]",0.035335526642656975,2074.806244067725,4999.224791498674,226.54110181188878,4997.591692094021,299.960163623492,25.602435118236947,16.048459279082234,9999.611737648085,99.97409789899142,99.96455612998614,19.9987500039904,3994.916716662268,0t7vprnmvhx37000xp0k6a0e8m
0t7w6wh56nxhf0003we6dyhssw,151.73597490007523,0.08247757932848454,0.0009325109698295762,"[0.001317987754002381, 0.645423541910654, 0.4384029791213122, 0.3103202982172629, 1.4982803303935104, 1.4998598164554569, 1.4988897904142306, 1.4960085989629497, 1.4999649830784547, 1.4992483008948645, 0.4599740215060451, 1.028948152644516, 1.4986597387683782, 0.03250921556176717]",0.040921537838649234,3323.87020957062,4999.643934804385,148.86966537922228,4996.387294907439,25.100260360079776,299.9430888097858,11.786424381360316,9991.36940926206,25.022788085864747,62.581201746032924,19.997390607818826,100.80578973173078,0t7vprnmvhx37000xp0k6a0e8m
0t7w7as30ssqv00070zxj4zn20,140.05522340000607,0.016270927416474196,0.0009649925365568561,"[0.00132061662333606, 0.639733431763243, 0.4341755759885187, 0.31998126129172355, 1.4976403628482347, 1.49890334884498, 1.499637647553086, 1.493529978266295, 1.4994738393388736, 1.4997819587235215, 0.4510958820937381, 1.0316193416643638, 1.4985721307043862, 0.03309863623557782]",0.04851907913765415,4992.866980686792,104.06007075839582,86.74052288800536,5.051822351106041,25.008044231832784,299.8332126552005,17.114288510630455,19.798193176459833,99.9408149169429,65.41233192132786,19.999502776333475,100.26492860805516,0t7vprnmvhx37000xp0k6a0e8m
0t7w7g3cjntk3000464vdmbyy4,148.73582270008046,0.050199871569894375,0.0009303540956505754,"[0.0012966751209709526, 0.6420367277672843, 0.42605779492158663, 0.30933962204339505, 1.4998642160064009, 1.4992994554707955, 1.496791380240683, 1.4975288760114347, 1.4981395128237207, 1.4998608349361913, 0.4528769840331717, 1.0530054424311608, 1.497351257329085, 0.033004351076195204]",0.03798139589043017,4999.961881392863,2717.756770515698,196.88803402181293,5.287945222769469,299.95035528218415,299.84413387358137,4999.877943395176,9995.406052255474,99.97352825231222,57.99234577347304,19.99944756564369,3997.6707050447944,0t7vprnmvhx37000xp0k6a0e8m
0t7w7xvzs1sgb000jx17ystang,152.62029330001678,0.006485765204647484,0.0009342415723549172,"[0.001296247543313249, 0.6596528007569263, 0.4421483247458832, 0.31917562530766286, 1.499987507619822, 1.4986566283881972, 1.4975781150952838, 1.4985943382019786, 1.4984552396936177, 1.4993633147109442, 0.4642326403901372, 1.0040803368262097, 1.4985124879259848, 0.03248091205747751]",0.034777685795868186,4998.665453301673,2021.9666403099357,65.86379218904955,4999.924256137027,299.97386269231157,25.08631103251494,4999.220459966666,9999.894930245759,99.90851986853104,99.99734930513233,1.001322524513331,3999.9878290848433,0t7vprnmvhx37000xp0k6a0e8m
0t7w8f98t1whd000h02z2e75rw,152.9616662999615,0.03623341476471239,0.0009711389339415586,"[0.0013095487186779095, 0.6571868066664469, 0.43688107109373575, 0.3170384455323677, 1.4996983635440262, 1.4985267816356933, 1.4989711885813561, 1.4903240676749778, 1.4991034482864996, 1.4990826748476662, 0.45294120811836347, 0.9961023732530196, 1.4977088629349469, 0.032554331772066236]",0.03282407226639584,107.01913678329666,4997.809823144502,104.8129374078714,13.950970884277183,299.92975902330835,299.709632237222,11.308955895801953,101.76758982687481,25.192023985099507,25.159027866474496,1.028598114192728,100.04859478127842,0t7vprnmvhx37000xp0k6a0e8m
0t7w8m9e21wdx0006hmxbgh984,161.4055183000164,0.03639071686973705,0.0009524032907050124,"[0.0013129392729880202, 0.6709933373151715, 0.4341630872334249, 0.31256214125720017, 1.499682083398102, 1.4996956963565102, 1.4984118768104127, 1.4981693601352681, 1.4976896697088695, 1.4972545146071448, 0.4593625665834132, 1.0046173472895454, 1.4999111841526425, 0.033248103383405087]",0.03479807174257785,102.3741729065548,2241.73758171333,75.56471595258441,9.45829090948077,299.6678789644015,299.8419000133865,12.078286229980598,18.908641456579282,99.88416460434357,25.017901366855565,19.98289324561913,104.04634722897346,0t7vprnmvhx37000xp0k6a0e8m
0t7w8rf7shyt10003zw92b2j2g,160.86482210003305,0.06382578234039177,0.0009546607239667959,"[0.0013000643749952467, 0.6668312316062078, 0.426830638444283, 0.3099498547890548, 1.4983691882884866, 1.4995186288423792, 1.4998717765367136, 1.49681495807587, 1.4988595862521372, 1.4989244504476147, 0.44674315832115574, 0.9780069595652577, 1.4995882276649515, 0.03174662725693987]",0.028158650508262963,102.29855074374838,2808.699377633589,299.9560930368771,4999.00623385615,299.9675254686285,299.8815864343159,4998.342744253701,20.44361330270585,99.91584558268725,60.295937594805785,19.982207756387805,100.58346808041246,0t7vprnmvhx37000xp0k6a0e8m
0t7w92w69hten000b7rzk5g284,156.4411011999473,0.016975978082123755,0.0009398741195140772,"[0.0013109664794170028, 0.6625753398550229, 0.4378852409189522, 0.31987293379708415, 1.499002819387501, 1.4989330255654503, 1.4981797001731678, 1.4973240151373637, 1.4993041135105212, 1.499476459359261, 0.46700522593431937, 0.9828285897530813, 1.4950570491345374, 0.03284481479629739]",0.02870862944115931,4998.373714683603,2019.8514067721012,224.18457760865016,11.172062429238554,25.09009115571643,299.87212793010264,4998.65296075459,9999.257539344748,25.026737911235823,99.99525753983778,1.0094067410677918,3996.274733531057,0t7vprnmvhx37000xp0k6a0e8m
0t7w9gea0xwhh000xkh6b58eg4,156.57196269999258,0.06610870641819003,0.0009449546505645183,"[0.0012877038341907177, 0.673004667626682, 0.42826390922729457, 0.3150034738594334, 1.4990085456297955, 1.498915428588054, 1.4949031394154026, 1.494613792613751, 1.4995621097285028, 1.4975948177497331, 0.4510412946674472, 0.9679608232111597, 1.49589490920365, 0.03264406122995764]",0.0344906111875028,4995.889434080889,4993.923276736157,87.19172623682778,4990.669287688773,27.166279846144185,26.394667431736565,40.505769399415904,15.179849522900321,25.23687448243685,67.95016790176686,1.020291621267548,3992.8179702172006,0t7vprnmvhx37000xp0k6a0e8m
0t7w9x7x9dry1000992qgtwmd0,157.9109604000114,0.05717402995796957,0.0009312306898895202,"[0.0013068833851747827, 0.6828794563860856, 0.4401461277247838, 0.31226847118940027, 1.4985519724778051, 1.499450431505347, 1.4997721761469418, 1.4897616267101208, 1.496604820491461, 1.499997114800152, 0.472023876717698, 0.9892507461776986, 1.496982267556422, 0.03256451456845377]",0.02384845586110912,100.60562265266195,2542.7462833307577,78.33823807897672,4999.272344638018,299.8740810603949,25.12871831939599,4999.019541093828,20.67873606745554,25.054933221200766,25.01999327320359,19.983351803805835,104.07900176873237,0t7vprnmvhx37000xp0k6a0e8m
0t7wa7v6esvz9000jc8639qddm,173.7781194000272,0.0030234711858525345,0.0009464081083110036,"[0.0013054599919195761, 0.6967698363301406, 0.4361686229262417, 0.3096749322212373, 1.4990751796216917, 1.4993627989375762, 1.4997158985815287, 1.496408550057732, 1.4994757893519375, 1.4990549163337095, 0.4624256504271179, 0.9719995612394128, 1.4981984729950137, 0.032536621731466375]",0.03602180097870746,103.63774995302566,101.08005961164436,198.5851588466518,11.96390546226367,25.02855907098584,299.9670105856545,14.593013722718258,9999.783177232093,25.027793277450957,72.99906943296581,1.0047279956079846,100.04752259031424,0t7vprnmvhx37000xp0k6a0e8m
0t7wafaqextmk0009181g6vq1c,160.28031239996199,0.12600390718360527,0.0010016305475335288,"[0.001289453737477124, 0.677954045446067, 0.43302607890984224, 0.3096615245592891, 1.4960200222434699, 1.499262904512194, 1.4982345887446629, 1.4965859777907213, 1.4998105326351854, 1.4997028364864426, 0.4691063969499749, 0.963146266822271, 1.4996699261763318, 0.03254617691875282]",0.026688763489017837,4980.710684031271,4988.471887109519,5.0781209043101345,33.64337872648915,27.82674337648535,26.655197109141163,4950.645426905885,9999.7738043453,25.625878247933287,25.259552018436764,19.961667565824865,3993.5832109662924,0t7vprnmvhx37000xp0k6a0e8m
0t7way26mxym7000nmd16rsq74,157.5347092000302,0.028015807241869736,0.000951001500763261,"[0.0013006997583543747, 0.6915050079866788, 0.4392870407913982, 0.31519189560293404, 1.4952560118148877, 1.4989894368265853, 1.4961289102347777, 1.4952732359118595, 1.4990478623235333, 1.4978029120614433, 0.46610639870431325, 0.9665654208574909, 1.4972928553396383, 0.03302628717421602]",0.031137063006523698,4999.717501314655,2951.110758549116,299.97918145701715,4998.627264354237,299.9005119809121,299.84116504237306,4999.416942415521,12.607853023541285,25.000445950605254,64.54680980560755,1.0082623638097459,101.15206367767905,0t7vprnmvhx37000xp0k6a0e8m
0t7wbartyxxzh000dmv1v1atxw,177.83832410001196,0.07035945970727832,0.0009453757780644393,"[0.0012973878185469911, 0.6783444991548202, 0.4447911329342017, 0.3043100649663646, 1.4988575177183707, 1.4998516110334523, 1.4984071375106716, 1.4997276316021855, 1.4995917927670102, 1.499334801835964, 0.47668902782165534, 0.9659346368115749, 1.4978732405840312, 0.03276091579022036]",0.034926435053460596,117.28757989850041,4993.499757332432,92.70050304939332,4988.236235404757,25.469145525199135,25.627152460179776,41.6860954559989,9958.747118160929,25.13716773799838,25.031107355853703,19.991661222735754,3999.2846403131734,0t7vprnmvhx37000xp0k6a0e8m
0t7wbseavhx2s000aqxtbga7s4,150.88267389999237,0.003461770693629674,0.000935923433526485,"[0.0013036306609616466, 0.6606887247631102, 0.4420108033288252, 0.31096210240057476, 1.4982056313652592, 1.4979053657293182, 1.4986880182011502, 1.4976492634939471, 1.4990661041490412, 1.4953882884668437, 0.475125705837646, 0.974601093467587, 1.497889458026127, 0.032668434807942195]",0.03612716325840655,2230.0818966172546,100.48992099322265,234.7832263887538,4998.534930793644,299.95015074207777,25.05586221426976,10.846595293499483,13.7868092723615,25.00050433126813,99.99917463955059,1.0051623112211912,100.30780438388582,0t7vprnmvhx37000xp0k6a0e8m
0t7wc1r2x9taf0004kr0vqp2d0,159.56453640002292,0.028108116592570807,0.0009415051294530441,"[0.0013065843676722672, 0.6795114128094905, 0.42835716166038923, 0.31884620831396804, 1.4985683542462214, 1.496754948684773, 1.4979136211662665, 1.4835941563716766, 1.4999522820055953, 1.499481570675567, 0.47987384698535507, 0.9717406694125226, 1.498570950556764, 0.03245224276835296]",0.03560034571456277,101.01126640131992,1789.0339613244505,80.8240800216115,4998.707096399587,25.015632857372115,25.013108363369923,4999.593201857763,9995.209847643522,99.96089241151452,25.0133855698448,1.0042720862093457,3999.9869863760696,0t7vprnmvhx37000xp0k6a0e8m
0t7wch9bf5tz9000w0wk0cazp8,162.14488789997995,0.038262353090646246,0.0009762507906462312,"[0.0013035460252215983, 0.6964787582707791, 0.43771524342663576, 0.3112775870966973, 1.497828552904323, 1.4991346531465721, 1.4990659380571727, 1.4907890133158905, 1.4973861383611176, 1.498588739965217, 0.49128597702003285, 0.98762992970733, 1.4987392293262232, 0.03181886437901377]",0.027951097950879654,4998.528381806571,4995.059775804232,100.18715679652473,15.153285797746756,25.30011265492697,299.462297898829,12.48349116042871,18.912529861451684,99.92395208257508,99.98445187657936,1.0016483274957084,102.14045142473931,0t7vprnmvhx37000xp0k6a0e8m
0t7wcrxf89xhn0007dw8sv3jm0,173.52047669992317,0.011498660594222079,0.0009427874926642481,"[0.0012976022148681668, 0.6877919012171088, 0.4418546663708678, 0.31470723999019923, 1.4980747060510564, 1.4985129087202018, 1.4953479693451255, 1.4963788811569927, 1.498971734109836, 1.4991964095909904, 0.4915517913038335, 0.9700906916214589, 1.4973113652779215, 0.03284340831745504]",0.023165623935240465,4989.010435165423,100.66918288253851,98.31362838264741,4997.5445422966695,25.259508746091022,25.31555701960019,4998.823687988228,11.605191823936742,25.040070676624754,99.97075205344841,19.996273488564913,102.24749321449572,0t7vprnmvhx37000xp0k6a0e8m
0t7wd44dd5rh7000s095vwbcc0,151.85815879993606,0.0066856585915865685,0.0009088906626941721,"[0.001299452868738775, 0.6877306516839283, 0.4371893610979713, 0.3134456293446294, 1.498558776315944, 1.4991819193448643, 1.4993466569938918, 1.4913232155386953, 1.499481457283634, 1.4997179567444956, 0.48683392554563054, 1.0288066147409802, 1.4985810714279864, 0.03190277982258473]",0.030506178272410808,2186.770653085432,1780.9339609903832,5.011542132029113,6.606745829794443,299.5525429281442,299.9066503035774,10.729294189885534,10.673017532210535,99.9833756958373,99.99349471440092,1.019832478660803,3999.77572045105,0t7vprnmvhx37000xp0k6a0e8m
0t7wd7864hy7q000tpraeb8k74,178.93308880005497,0.016276638364782568,0.0009413649497908749,"[0.0013011822945485363, 0.6806117073860092, 0.43490089506791324, 0.31532521638423705, 1.4982002465186912, 1.4990981409545623, 1.4985888836124495, 1.4981129749040167, 1.4983119119285129, 1.49929402651905, 0.49241825108805737, 0.992978389837056, 1.4986822116328997, 0.03197563628307218]",0.0450089405963469,106.12822776863787,101.33634010453078,299.89439124750726,9.045314899897031,299.8417885054236,299.7264242927753,18.78996762425185,34.426390617160024,25.007543097000735,63.14994795798486,19.99909006219759,102.92927214065253,0t7vprnmvhx37000xp0k6a0e8m
0t7wdawhq9vk9000s9v1bfyyj4,167.14826150005683,0.033306512304974376,0.000955692852629172,"[0.0012904539580508023, 0.6681031809686646, 0.444421548036963, 0.31916634685196643, 1.4987524299298471, 1.4995295159256803, 1.4941676697361292, 1.4929408358767025, 1.4992038916733752, 1.496170148542289, 0.48334061855183225, 0.9868795602911572, 1.497821933200114, 0.03246436436386113]",0.023212027052623752,102.81589051872508,4998.190589331496,84.81283008448386,18.03955754172083,299.37722524146596,25.527486335485058,4993.944353085881,14.898295359130925,99.9730004242641,99.9859395112461,1.0048501642093155,3998.3344085011195,0t7vprnmvhx37000xp0k6a0e8m
0t7wdm3m55r7k0005bw9m4rghg,175.60062519996427,0.04339664376901818,0.0009303302413484596,"[0.001276918557773954, 0.687539716041207, 0.44175450286320095, 0.3143436479661943, 1.4976766839250542, 1.497857133505957, 1.499696727389328, 1.4959967518094277, 1.4993812434227674, 1.4997930906279917, 0.4929405857327587, 1.0043705689719336, 1.4985718449833985, 0.03191442506334975]",0.03318057479890444,100.00843109894281,4997.383453613082,299.77788091313033,4997.735939638683,25.351537613588164,25.093157007653822,4996.316665803689,10.1215972816951,25.145096467378416,65.26827121932425,1.0040017720568128,3993.5143246372854,0t7vprnmvhx37000xp0k6a0e8m
0t7we0wv89zfk0009e59q9q2q8,155.59111209993716,0.0008193230320186103,0.0009307789020292959,"[0.0012847768813676677, 0.685955790485545, 0.44041137460135343, 0.31254332270326457, 1.4989437960360597, 1.4997522298038777, 1.4989723687755387, 1.4994364016139259, 1.4996009993544108, 1.4990063777275675, 0.48422368345990124, 1.0210749645662527, 1.4994984971103933, 0.03185067500245628]",0.0336438794376578,100.06150040148123,103.15610481249925,93.63506621701471,4999.298159873462,25.135545596056787,25.195335675015187,12.367193389107113,19.622904420710633,25.039072661856444,99.80681527023089,1.0109993448513919,3999.3612217212353,0t7vprnmvhx37000xp0k6a0e8m
0t7we9smb1zvf0000xbk5ehf98,153.14501390000805,0.03666508656352237,0.0009283479431919198,"[0.0012745432999161643, 0.6910255131983326, 0.4483963239603619, 0.31815641387737004, 1.4997650203696464, 1.4984790916878603, 1.4970012237915975, 1.4869109730235217, 1.499773339050312, 1.499745834508214, 0.49596922528709214, 0.9996089147367765, 1.4992123028187547, 0.03274753613123045]",0.036299281670243745,2334.2020730139875,4997.746158154373,299.99045795344443,6.1274972723746215,25.43924928132065,28.61343076966452,55.61293978237813,9943.671122059613,99.91452117233655,25.08760241330442,1.1112889639715287,3980.3077513332687,0t7vprnmvhx37000xp0k6a0e8m
0t7wentrpnvk5000r0pbqpcqvm,174.0840623000404,0.018238157493995495,0.0009030957493520833,"[0.0012892966876932102, 0.7016907114013973, 0.4428657651356024, 0.3194367003072357, 1.4990269895183534, 1.4982390882440848, 1.4993535890722653, 1.4998682573865705, 1.4995921168006783, 1.4996840419080302, 0.502824505284883, 1.0035164179228258, 1.4993807415782774, 0.031338294334115196]",0.03444649451422202,102.00915007574555,2613.216769805831,139.90669966252565,5.382583778766901,299.82287269206506,25.167166015510546,15.180948308555239,9994.42986434249,25.002089624826237,25.002975118056465,1.0036143427042248,101.66603196773625,0t7vprnmvhx37000xp0k6a0e8m
0t7weya8vxsh3000gdefwap4j0,161.2654834999703,0.02918175953451925,0.0009073467667362017,"[0.0012601072779449066, 0.6622262361682767, 0.44254414150113575, 0.3274151591924458, 1.499935633269219, 1.4992136102857283, 1.4968058043650452, 1.499514049212707, 1.4976396570663335, 1.4972896068184482, 0.48249330501126264, 1.0020216527545995, 1.4939203983581906, 0.03211729099322065]",0.03249619568120197,3248.0178548921435,101.23479840128662,5.384206345609255,4997.777470747111,299.51949633278707,25.356833230983103,4993.38246141329,12.288015742768374,25.04685892539302,25.17536133696255,1.0032396523309952,3997.036023325064,0t7vprnmvhx37000xp0k6a0e8m
0t7wfaqbg1tt9000n8qch36exm,174.88780779996887,0.06272536247493195,0.0008703520263301027,"[0.001263006527846576, 0.6755656627431819, 0.4307471580155352, 0.3214455683967723, 1.4989961076439453, 1.4979704707041823, 1.4982565357662225, 1.4951205936764351, 1.499651768861014, 1.4979656248688609, 0.4850817631514497, 1.0167003983267482, 1.4983473805037957, 0.032150779856226566]",0.03202428061077033,4999.749165958333,2879.0819324526274,88.80102809215659,6.688012640082068,299.910419447072,299.9676267832142,10.412853972538054,15.025533744650913,25.00757614809868,66.27443457375617,19.99924607722528,102.0392095626236,0t7vprnmvhx37000xp0k6a0e8m
0t7wfdxc3nz9z000mx8mhe4zfr,184.17154250002932,0.06864605904140822,0.0009090674728425955,"[0.0012672210192539654, 0.6684720419032029, 0.42691656580419723, 0.30445392939219174, 1.4994748501844142, 1.4991643423806023, 1.4972541936998718, 1.497413092429606, 1.4987316027893134, 1.4982312127512167, 0.4905231983589263, 1.008461817003051, 1.4992123339475198, 0.03242090787529146]",0.027268528481520532,113.11809195865104,4998.89815359437,47.35187550122002,4992.490827516272,299.7015798808915,299.9287688520483,4993.450824871575,9974.179401291038,25.045010696883065,25.219011690130653,1.0280986645667827,3996.8046976743994,0t7vprnmvhx37000xp0k6a0e8m
0t7wfyzx7dzpq000bwsxakqqsr,179.6964015000267,0.06615322676445765,0.0009352746182107911,"[0.0013016792258165738, 0.7095863553137526, 0.4270583181320474, 0.31441162637343534, 1.4969153482060178, 1.499796388543758, 1.4987022059072672, 1.4966939424510133, 1.4999763775456716, 1.4991422556525769, 0.48761317703733115, 1.030799782757831, 1.4967373912604354, 0.033253471162489806]",0.03324122568150043,4993.061130865482,2400.5248432499866,113.42123833319867,4996.00200068216,299.2768617974733,299.83795373261825,12.440389473748034,9981.22079826334,99.94503627620472,25.017481698214606,19.948536526290113,3998.0300385913047,0t7vprnmvhx37000xp0k6a0e8m
0t7wgewz51w5z000pcndzv29eg,172.49687050003558,0.07268774026017927,0.0009593383709164885,"[0.0013050794414146347, 0.694120884259793, 0.4204346825360943, 0.3231207408691802, 1.4973414065079167, 1.498655625658264, 1.4966310510871248, 1.4905269546535185, 1.4993356960881967, 1.4993555060090906, 0.47496203408382626, 0.9803601290335099, 1.4954145405617492, 0.03264089641306364]",0.03382940809314886,123.60672443939679,4992.441872625579,197.6689357646343,11.407263414208508,297.9973037980914,25.669440067262002,4964.478102174837,9987.751205342427,99.77258394408537,25.12109687170983,19.98599038163802,103.51507137315994,0t7vprnmvhx37000xp0k6a0e8m
0t7wgwe091wbz000pbwc4qnah0,175.2121596999932,0.019542353123923162,0.00089426377083433,"[0.001295679266290116, 0.6830512055485058, 0.4078460005647203, 0.3274746667249082, 1.4973496515761886, 1.4973498683725932, 1.4975410588410933, 1.495852962836324, 1.4992572704079477, 1.4988940921724567, 0.4827478515353965, 1.0113686996722677, 1.4985407915517839, 0.03285221023447092]",0.0342204082318829,105.15573382714284,1389.9869380853945,82.20184655295533,5.673079381935272,25.15784323130892,25.053739514511932,4999.195609826311,11.075442982605745,99.94168150770518,99.99940338714725,19.990475225988227,100.28821539132596,0t7vprnmvhx37000xp0k6a0e8m
0t7wh2kgn5ynv000xff0bpf4rg,169.08277880004607,0.019096640436709916,0.0009357723598630734,"[0.0013041151416745972, 0.6826126118531984, 0.42418686641722947, 0.3316446161005847, 1.499863683985623, 1.4978082259052012, 1.4970859246195525, 1.4927145685632563, 1.4968366242798123, 1.4974872290355064, 0.48689348141658856, 1.0231133333693823, 1.4983910760694452, 0.031358028775756844]",0.028111387897031933,4999.571429375355,2722.0158781048376,299.8084385790575,11.26755508995963,299.78681166256365,25.033365479498475,15.792657979388508,20.447531685950096,25.271586450124538,25.041801903496683,1.0299486071268227,107.49210356899454,0t7vprnmvhx37000xp0k6a0e8m
0t7wh9v725y2q000try2zwrxv0,205.3667434999952,0.05181246671707034,0.0009055601804495568,"[0.0013000094731469916, 0.7089834071999275, 0.420677986144267, 0.33630973164224576, 1.4980646819595815, 1.4978754183186584, 1.4957970577695625, 1.4993247446960971, 1.4999813215267648, 1.4997405495265759, 0.4851152431119627, 1.001932344096256, 1.4982287452912164, 0.03199442682879865]",0.02688297939483841,100.65418047399866,3083.6396490479992,201.50856806814093,4996.373877281311,293.35905877101095,25.032054142568466,4997.112865509405,9276.374091382493,99.89381055724157,99.94755462769805,1.0056637600327454,3997.0803418791897,0t7vprnmvhx37000xp0k6a0e8m
0t7wht281hs8d0000n7vh3e9s0,191.2502139999997,0.05191430300360905,0.0009501456838196138,"[0.0013056900155649712, 0.6855153053245551, 0.43396753343091865, 0.3328451645902041, 1.496226495303545, 1.4985747706688022, 1.4972990875384533, 1.4964209303784268, 1.4982914934207372, 1.4983438710393249, 0.48835644430902453, 1.007674916856942, 1.4964429908752614, 0.032581519418901014]",0.03542473636525574,4997.579418891762,4999.221904356791,150.87622762950193,7.574684977660168,299.46473400626695,299.70857761995626,4999.252887134209,9951.817380101033,99.96061478065945,99.99655235820629,19.997796719569923,100.69880537591722,0t7vprnmvhx37000xp0k6a0e8m
0t7wj7qbx1y4100010pd267jbg,186.90340119996108,0.0319753935149609,0.0009088165593546694,"[0.0012932583083545973, 0.6789661748228879, 0.4165250286512843, 0.3230058400605852, 1.4972918120902508, 1.4999647401725573, 1.4993373431266632, 1.4878824323094688, 1.497743688353542, 1.4997714430131328, 0.4853056379619322, 0.9875213862537451, 1.4982049926819523, 0.032835589078939326]",0.030504357997890773,102.08061423232499,2731.0930861426064,5.056462310228982,4997.3032226077,299.9963974766772,25.300590420084948,10.78352542209986,9988.188388362352,25.00011550226742,51.21676408875966,19.99279016689039,100.73897539003981,0t7vprnmvhx37000xp0k6a0e8m
0t7wjmstj5zt9000p7pf17rbzg,203.14948880008887,0.022364390102942083,0.0009340606176688489,"[0.0012905009309164342, 0.6953011892087426, 0.4158400338113995, 0.3226246503145067, 1.4965120488762713, 1.4990473574030418, 1.4985174855147387, 1.4968486960886795, 1.499883289617888, 1.4994684892574532, 0.4773169528947372, 0.9709150784162925, 1.4987374242181266, 0.034067511210224694]",0.03210927268337565,115.9522047089467,100.45658910510953,299.9121421755908,4990.214424986702,25.265590818508365,299.77591693138316,12.526642783520815,27.623885713622787,25.042232292000794,99.90686899353331,19.967557394066663,3990.6502134207826,0t7vprnmvhx37000xp0k6a0e8m
0t7wjxz9rnt4s000v6g39npvgg,170.20314859994687,0.029502951957593868,0.0009108570713153784,"[0.0012740753294806714, 0.6849466824464906, 0.4242023247850201, 0.325260690511621, 1.4974359558035562, 1.498131359919646, 1.4996092977322912, 1.4987830843462502, 1.497850576303658, 1.4982998069597628, 0.48828574166099487, 1.0026105691516662, 1.4977702270158901, 0.03332187451920951]",0.03835736126657036,103.59108588599122,4997.80494635169,98.95888098228257,71.83435282194202,25.345378052089938,298.15631520021975,15.234040894614354,9996.961654135746,99.95604666633704,99.92839453256146,1.0133688566318528,124.34970952153266,0t7vprnmvhx37000xp0k6a0e8m
0t7wk79vp9rv5000kz9chfqym0,152.01190179993864,0.01697273305424468,0.0008986734293412497,"[0.0012840935734603764, 0.7254012042450882, 0.41469663755886144, 0.32983085507967125, 1.4980633285027785, 1.499010640597834, 1.4939267420471722, 1.4928081732229033, 1.4993640608191452, 1.4967888131126645, 0.4861449276984098, 0.9767773193613505, 1.4961526056514587, 0.033666918231918086]",0.03460392648276401,4999.262918672697,2810.0212071970645,299.9343640662292,5.241935138181807,25.030293313606627,299.98727697817145,16.01957115994545,9997.321158684797,99.94313504349084,64.87002318868237,1.0111994930420698,100.31038476289979,0t7vprnmvhx37000xp0k6a0e8m
0t7wkhxsssz6x0004ymkdnn7j0,170.18366840004455,-0.004849679159997178,0.0009141778532008308,"[0.0012794448745056392, 0.7100284969208361, 0.4177380977744998, 0.3289240388739747, 1.4989622690236013, 1.4970456095807196, 1.4975561516742504, 1.4814465431755013, 1.4994405575746748, 1.4981292196070868, 0.4873113261365807, 1.0147527218444043, 1.498761044646131, 0.03204006493601841]",0.039859975935756506,4998.480940827633,2391.186762833154,5.242248105588526,4999.61765844245,25.802237418581782,25.32197328576824,4996.243936894069,9992.938100500714,99.86766714032292,99.92566615632535,19.937844619548386,107.43245942505018,0t7vprnmvhx37000xp0k6a0e8m
0t7wknf3tnw17000zcfjmxxn0m,206.13498129998334,0.023649232233371283,0.0009124025892629275,"[0.001266144250450768, 0.6948858273550591, 0.42189934919722266, 0.32855055602783645, 1.4993878075223965, 1.4985598416417514, 1.4995182589848555, 1.4912890737179052, 1.4974568244425637, 1.4976003900784858, 0.4936238572353001, 0.9551999384190698, 1.4967430530580395, 0.03300248389255413]",0.027217867394596723,4994.641518675865,4994.698811994847,5.284708721359987,4993.550620485384,299.45425096792763,298.76200442470355,47.94208828205368,9922.838063713642,99.7879923791181,99.55479702497404,1.032977398931721,3987.833193992944,0t7vprnmvhx37000xp0k6a0e8m
0t7wksd0ksxmh000bm8em5pppg,231.26848740002606,0.07431512351130798,0.0009040660389943925,"[0.0012766813648878786, 0.714661079211959, 0.41543340360308845, 0.3255687171705315, 1.4949603120926676, 1.498028407987403, 1.499861171501367, 1.495137706717287, 1.4950117691917844, 1.49997776759646, 0.47683532596498124, 0.9881101057816298, 1.4985718637735437, 0.03232662766926442]",0.035781686583180886,4997.734738600824,3237.4933089832007,107.1654417177747,8.295462215873206,25.03191312395204,299.93226660591955,4998.98332680707,9994.299520292127,99.99888398485999,25.02645969066121,1.0103743806951793,3999.061385571402,0t7vprnmvhx37000xp0k6a0e8m
0t7wm8d6z9zgk000rv2cphsbcg,218.4730124999769,0.03345346271510799,0.0009220065348358887,"[0.0012831818696987726, 0.7196633346451942, 0.42630077142441714, 0.32110919650887193, 1.4950141719870624, 1.4977229106405285, 1.4914143503885837, 1.497190969878456, 1.4989592195188834, 1.499886319956427, 0.4820859949170389, 1.0220385120174231, 1.4991498559072558, 0.03312554340229888]",0.028298675732712896,4994.9263428358145,4999.602414435633,214.7838990695105,17.32978661653878,25.989410277657814,26.342295290428016,19.21906988888298,9942.962879738103,99.51413200465306,99.9854735321907,1.014501429725587,3993.9929531771295,0t7vprnmvhx37000xp0k6a0e8m
0t7wmp1r4dt9d0009e71t7r0wr,212.60022299992852,0.013598446872918883,0.0008576094285333253,"[0.0012541693605778864, 0.6821086534639853, 0.4203996545857142, 0.32812384698993824, 1.4948487439207276, 1.4999975026628813, 1.4987684990882317, 1.4954570204688702, 1.4995321254266738, 1.4964403442713838, 0.4711290847994232, 0.9706581149477163, 1.4951895828970132, 0.03349834231648133]",0.030669024157767146,2681.353800844965,100.5157228154524,222.8854646393104,5.198670827625588,25.283283174355233,25.52010179669213,4981.612715115875,28.484994010601866,99.98184293571933,60.04937403344721,19.970808916992123,3998.541242090097,0t7vprnmvhx37000xp0k6a0e8m
0t7wmyn66srhx000rm0ad1pr1r,195.18114959995728,0.1462011273308637,0.0009109392878882972,"[0.0012543785611499256, 0.7060691348843204, 0.4245462030614878, 0.32668405521969257, 1.4986577143066873, 1.4992553763481076, 1.4988729794954727, 1.485202848039518, 1.4993344402782725, 1.4981137011618477, 0.48473451324656164, 0.9795722416883094, 1.499647292410402, 0.032248457364652885]",0.03493028039082671,4996.440126083782,4985.172025844125,5.022581885811333,4989.735551751023,25.066493065179184,299.96446755808427,4987.245212114175,17.352649671121057,99.88600767392307,25.107160258857856,19.97720967027565,3932.460823332738,0t7vprnmvhx37000xp0k6a0e8m
0t7wndygr5ve1000vg8bhrvrbr,195.3687994000502,0.10556262503726292,0.000885692730981988,"[0.0012637582762195163, 0.719796573581279, 0.41696712007110504, 0.32119217216792373, 1.4987368191976542, 1.4996340619625075, 1.499371525985814, 1.4882543627914477, 1.498844065416412, 1.4992241645728233, 0.4814100629429538, 0.9877369364518217, 1.4918512892668696, 0.032482971535188226]",0.034766313462972855,4966.5754722316815,2405.0971639649556,5.276775167437537,4999.82284091369,299.8814795099188,299.7926867427384,4995.7593902250555,10.3231586101809,99.87942051513988,25.147637807672375,1.0048774179431532,110.9384830787242,0t7vprnmvhx37000xp0k6a0e8m
0t7wntrnr5s79000709dttrpam,197.2997915999731,0.03673416715996029,0.0008784754171371102,"[0.0012587252794644468, 0.7000523316923163, 0.41934400569187646, 0.3221012392824888, 1.4998567113402377, 1.4984973100573702, 1.4979135039706564, 1.4984171224981164, 1.4993727187768338, 1.4994901989293639, 0.47912628488044395, 1.0258188065732936, 1.4967063519917039, 0.03274369391242542]",0.026988536334123736,153.89273997866616,4983.080294916793,96.03681265037808,9.83010927646174,296.60419292971176,297.86719192438005,4996.953139163641,176.51870904911732,28.123686235211977,99.84746891392503,19.728180225502204,3989.179246134294,0t7vprnmvhx37000xp0k6a0e8m
0t7wp4tcjds1b00035n1qvkrm0,225.0450356999645,0.010229571338718813,0.0008998843816488564,"[0.0012581765555613952, 0.7019665129299881, 0.429954497838812, 0.31557034592570765, 1.4978589792214825, 1.4999094305705896, 1.4991297178316119, 1.4948474191597663, 1.4999443377665305, 1.4997288010059453, 0.480176183080723, 1.0215659313424912, 1.4997745200360884, 0.03166026452263675]",0.024448952802574968,4999.688052446445,100.35788539192656,188.10774618373756,4999.379326413538,299.9205801586003,25.088062617620174,4996.8052547057605,9986.875807550825,99.96578963936183,25.096174237412434,1.0022726266853859,101.67388801247998,0t7vprnmvhx37000xp0k6a0e8m
