,rmse_100x_0,rmse_100x_1,rmse_100x_2,rmse_100x_3,rmse_100x_4,rmse_100x_5,rmse_100x_6,rmse_100x_7,rmse_100x_8,rmse_100x_9,rmse_100x_10,rmse_100x_11,rmse_100x_12,rmse_100x_13,rmse_100x_14,rmse_100x_15,rmse_100x_16,rmse_100x_17,rmse_100x_18,rmse_100x_19,rmse_100x_20,rmse_100x_21,rmse_100x_22,rmse_100x_23,rmse_100x_24,rmse_100x_25,rmse_100x_26,rmse_100x_27,rmse_100x_28,rmse_100x_29,rmse_100x_30,rmse_100x_31,rmse_100x_32,rmse_100x_33,rmse_100x_34,rmse_100x_35,rmse_100x_36,rmse_100x_37,rmse_100x_38,rmse_100x_39,rmse_100x_40,rmse_100x_41,rmse_100x_42,rmse_100x_43,rmse_100x_44,rmse_100x_45,rmse_100x_46,rmse_100x_47,rmse_100x_48,rmse_100x_49,rmse_100x_50,rmse_100x_51,rmse_100x_52,rmse_100x_53,rmse_100x_54,rmse_100x_55,rmse_100x_56,rmse_100x_57,rmse_100x_58,rmse_100x_59,rmse_100x_60,rmse_100x_61,rmse_100x_62,rmse_100x_63,rmse_100x_64,rmse_100x_65,rmse_100x_66,rmse_100x_67,rmse_100x_68,rmse_100x_69,rmse_100x_70,rmse_100x_71,rmse_100x_72,rmse_100x_73,rmse_100x_74,rmse_100x_75,rmse_100x_76,rmse_100x_77,rmse_100x_78,rmse_100x_79,rmse_100x_80,rmse_100x_81,rmse_100x_82,rmse_100x_83,rmse_100x_84,rmse_100x_85,rmse_100x_86,rmse_100x_87,rmse_100x_88,rmse_100x_89,rmse_100x_90,rmse_100x_91,rmse_100x_92,rmse_100x_93,rmse_100x_94,rmse_100x_95,rmse_100x_96,rmse_100x_97,rmse_100x_98,rmse_100x_99
6,0.030249571946782922,0.026703628349110248,0.018385093277170028,0.03780197311868455,0.023163144932525404,0.012124586785812968,0.01588672562015129,0.03756095125382743,0.02309250949363045,0.040750473295057175,0.015796597898055407,0.02479525160492893,0.03024719620795534,0.01839199872119732,0.027027683677310232,0.026991651302370436,0.015866045781095416,0.012119462129800944,0.024855658655246412,0.0375689582891149,0.01584684649358175,0.02302585841035178,0.027034752005304412,0.012144505972157306,0.02349390801883665,0.030184123386420788,0.027087329220256515,0.015833674247979344,0.039635888248339655,0.02474061228825215,0.02358696152466838,0.040896628805947174,0.02315241200799016,0.02313205170527099,0.03957212829759503,0.0302298385953051,0.039546186120265975,0.015830968870865082,0.02707159657088122,0.026675304516612302,0.0270259582976916,0.03960271028381447,0.030156355445234224,0.040757801533410416,0.03762747327508216,0.04082701874328373,0.02303274064586106,0.03896189855086801,0.026844948311565114,0.03961393667398764,0.03961680005356538,0.02678861133166754,0.027128756597112582,0.012115794706453296,0.03023792944793105,0.015821322029881728,0.02680129216326713,0.03884008496317873,0.012142122504589159,0.01587817189914756,0.027037942556756636,0.040797557443122204,0.01595810143672795,0.02697430624052074,0.04082321830558935,0.026986201393117665,0.039597435595882725,0.04073666648101099,0.026562792819019135,0.012122267109797644,0.015844912434389465,0.026630914497738065,0.015880191042756907,0.022223632743951307,0.026930122606409774,0.023105965387015256,0.03953645929922733,0.0158820878004139,0.02311864836162698,0.02230042614146366,0.03752336293842942,0.023264991140338604,0.03960674798063033,0.02332610377093651,0.0229629666606505,0.015874187014229033,0.02340155397371127,0.030198209209044678,0.0395490276092545,0.030209365537210923,0.023361511534160197,0.03023164499358338,0.022316088236254757,0.03751829223144491,0.02490111307688801,0.012156623205158453,0.022880219680869892,0.026657205897580548,0.026749996329099576,0.024810936881911733
7,0.08035789293034988,0.07454237084643693,0.0386490756153408,0.026870168562221398,0.0989373353167896,0.017114801072089285,0.03998899767278401,0.027529919493793426,0.033982733366496896,0.02354458810951427,0.079980676726056,0.02936385684255913,0.07988818873569774,0.03576983250198496,0.014517738988221587,0.10505774801836484,0.11194895593764982,0.014652280876774733,0.08866738757790703,0.023825494313202498,0.03862762177309095,0.07462862872587304,0.09908853683250671,0.080071718714169,0.017153067889835748,0.10508894928985804,0.10472282500591769,0.02827938880621255,0.10510043218644087,0.03399155604391976,0.08885798103116957,0.09907791956461698,0.03398656610915707,0.07992709934524637,0.09557147027399684,0.07989409031135282,0.023663700674672983,0.02391505111124385,0.02695101841985617,0.03575961359183251,0.04005393198156684,0.08163951076056343,0.10506216679755491,0.027577185557942935,0.0954498589675137,0.03577718808866511,0.028190813934501315,0.07994440230106004,0.09545279750612622,0.027554933707350834,0.07984681653709007,0.08030198763753692,0.09533881162350095,0.08029057756670391,0.08098560992109202,0.09876668900688086,0.03323711919925931,0.08018927495760654,0.014331820204835007,0.026818185793333664,0.08035142875499056,0.10442706680423737,0.028161027872837897,0.10462193229406039,0.014514794345815136,0.03574125068108122,0.08150188687397547,0.02045577959342747,0.03406202561383266,0.08035568275036338,0.09892791117694419,0.02689465517658721,0.08875864904226058,0.028026982151631272,0.09538759108597396,0.028111757184255806,0.04005852586235652,0.08027993402785133,0.09527118111021152,0.08864716858827662,0.09912847344102411,0.028280555810632723,0.017121620999149084,0.07983070006150354,0.10504159287263638,0.02380490380305717,0.10505658803300956,0.01445317254244901,0.026862302555021367,0.08028944542136357,0.026789177220792455,0.08860726654362513,0.09893299589153902,0.029430874416592184,0.038686428298488965,0.02819833414560313,0.08881527636781163,0.09528739446378565,0.02940279786869512,0.03394700309131526
8,0.022524978828141518,0.10073720593751773,0.03319292922169341,0.08173980302339702,0.02515370421329564,0.08166412089404834,0.08026262788409887,0.08059440394855343,0.0801915676928602,0.08045352279028477,0.022354206064449152,0.02042548534919962,0.0938862026681016,0.08878713332057737,0.032866695936581224,0.08017732898055087,0.10080642680426376,0.01919191045938312,0.10073918708602798,0.080173936802942,0.10067539758423294,0.03322348281555865,0.0805759846786028,0.025019754350521395,0.08035513004331532,0.017093173278736724,0.09392609292809877,0.022483418005319594,0.10471571239165596,0.08034651875074568,0.016794076675309726,0.10071022234048961,0.032750928660651636,0.0330006197920035,0.0282838758403921,0.028308893188312156,0.03325369611892731,0.021076488590687354,0.01681722199834267,0.03590599775742862,0.033065629468247384,0.02488910015046467,0.024961034026079163,0.025248244376926066,0.08165159986484026,0.08024744593899694,0.031015079384197158,0.08060631914275064,0.017077240647198302,0.012959878153230306,0.012959795392933883,0.11497634150868302,0.08043903652366077,0.10063953096077845,0.028274146345090297,0.02238583499762071,0.10069321848582266,0.08169419861765019,0.08012542484714842,0.02254727425758527,0.10076846006705324,0.03575044148336551,0.09717812580621644,0.028268599122299315,0.08053413980615778,0.11476799231724576,0.0805438989738543,0.01291807317419309,0.03310088854564774,0.08044500511461647,0.08046331687778617,0.08860650177429134,0.03274485442139978,0.031035777122401687,0.03588943387313997,0.025007123103448214,0.017065981181839024,0.10070458120498062,0.033056551499093534,0.08037809712683532,0.01927969356612734,0.021063787889496918,0.08039059302382726,0.012943563243226895,0.10380874054504968,0.11485376212276212,0.020396353602675468,0.017149221794233917,0.02830677729652959,0.02247521697634023,0.025246796363911028,0.02102055224656178,0.033196394255787055,0.024901288283529947,0.08072173965790794,0.09735191230086795,0.08061268685254572,0.022451229857905392,0.029756780167489054,0.10062208239305478
9,0.047373856136688534,0.03706157907454647,0.03600379403084326,0.03927052303194188,0.03916453373449337,0.07678324606675878,0.011678380959384315,0.03915101151868409,0.07695069389435556,0.03698338575452168,0.03979640465231601,0.036936073297495875,0.022328812780529204,0.09866677428202476,0.09868312981332515,0.037384661710492074,0.076866292454005,0.028843411569624132,0.09865648940521021,0.0390922690856689,0.03599987980507623,0.04273459512125754,0.029438027545382477,0.028096481010292367,0.031531689753090036,0.04729567423163413,0.0314966204792308,0.011563416741330088,0.08035101066057668,0.03145312270412786,0.04480832147811808,0.043046483424139664,0.02222759511484655,0.04468147357840279,0.006990221948366585,0.03927739386863096,0.019201606902904005,0.043248682520620814,0.02820273958837808,0.08028391756436846,0.025474832662229767,0.03286360966486193,0.01115551713607842,0.04302102378824807,0.07667424043496171,0.011143063357534065,0.13726188957411942,0.03313234739421799,0.08332439967504889,0.07653669797246906,0.023638159681772738,0.039861727648742656,0.08582055881382815,0.04560631314627614,0.04469429208495071,0.019151691376833237,0.0359911643141604,0.011361200726883949,0.011429137172335173,0.04162868326557852,0.09593279151752226,0.13736121951367092,0.03282565317803365,0.022310104672223604,0.08350861839077812,0.014718725723443606,0.08336167203864754,0.08294130827181405,0.137337866125856,0.03972625247924181,0.028236012955689272,0.031459638623434386,0.037241991645900786,0.014761062797024866,0.023609200435705947,0.030848672421733364,0.022287444464771624,0.029622268006914688,0.0830235577855528,0.022247645483063714,0.02808382125029428,0.031477818775894825,0.02822083105836185,0.02870914533355084,0.011887750174721427,0.137153152146336,0.036961699163022575,0.011127277076944334,0.01124676789945901,0.0191778126798696,0.04459466562246869,0.030844961504203468,0.03171157957233329,0.01112572030194518,0.04008758103136143,0.045250178103480906,0.02228080614761174,0.09617724014040938,0.03920519958349628,0.07709625429214405
10,0.03127309819416182,0.04567242106954952,0.04547401238507236,0.05311032866654443,0.044286442766146385,0.0463921713734424,0.005085653119024811,0.06119417217527958,0.014792314470422865,0.04160377232927873,0.07718947510982167,0.03127493165260816,0.09130359417960898,0.013911864407232572,0.053322028642305674,0.03551249622149315,0.014751974764117423,0.012174261271537026,0.07124034441858014,0.02088361220421193,0.05683634604978758,0.026958919783794166,0.04327914742505354,0.07744451837744615,0.01992754438625475,0.010861732004572803,0.04631073773233664,0.052195672524392306,0.05685508370643001,0.05326352550977989,0.06962708503712894,0.0554091431330394,0.0779751018728506,0.026915383351792953,0.07916794870739925,0.04332567233209313,0.01475010842329626,0.04638582951610981,0.019677048486239145,0.019211354039608265,0.035368161933409935,0.06894194087554066,0.041598900801619744,0.07892164719145094,0.010784582154290095,0.043333474459952746,0.046395239157475524,0.004792968837649107,0.061686873026237085,0.02699581929858608,0.041624174749535656,0.05732399657037415,0.07748658463963624,0.043052848872520554,0.035416790012539744,0.06907968490922134,0.0030506321749894415,0.027765628381914976,0.08812735044351784,0.0697979666247485,0.011034081244753456,0.07817903521487735,0.05760310623389483,0.03127393113318415,0.0908634624971277,0.03127446987545231,0.026997370912300325,0.044371732995965245,0.11152678988110422,0.03532822262997456,0.05673180300583294,0.07752599258618627,0.04433913141941985,0.07084692284989799,0.0031006452315423473,0.07876172570577233,0.05373943552909992,0.05382340241508165,0.014808491788194898,0.08786465316769389,0.07109719071988077,0.003531719902323811,0.03531812773237907,0.0416370440978407,0.002888552614591558,0.07107884978870746,0.04633090101188175,0.1116708557581942,0.05692066736903463,0.08817745648847669,0.053986605920915705,0.05382364022484203,0.043037725551187435,0.018910716182244543,0.11171962087696333,0.004650337700639802,0.04580947700568601,0.04579044617088651,0.07743751462910403,0.03127902547273578
11,0.05776237405832868,0.027665230004636537,0.04574251522094976,0.04720546239373218,0.018507371552450844,0.014312129322991567,0.08475851886835777,0.03394663570525009,0.04797797357168308,0.043383124685977555,0.028257487567973444,0.05598660625582392,0.07173052064761438,0.03904421690809018,0.012786630010288607,0.038198009283842774,0.0432103947304798,0.06876730110326607,0.05830844757380416,0.03726607901825506,0.05391977172319205,0.09325148348887301,0.01253690423465827,0.033986168252611505,0.039901283609625485,0.038623994877393056,0.0550816260952673,0.022296366837952924,0.05123841454139543,0.05585452605890076,0.022435925537821397,0.043311812561212165,0.04722897732772716,0.05176586410066411,0.03361314402273209,0.04196809358573334,0.05829361643987481,0.04745802145679796,0.055194241794958646,0.05274460832515503,0.045232284387636566,0.0460674668022106,0.04627919837766223,0.02827758589249353,0.04877410356050497,0.052489193244319686,0.04726613016802938,0.05025272617638533,0.010339366372408875,0.05198325918747073,0.06328768965630568,0.056677267556580556,0.05044364380381139,0.09331776647170335,0.03618537055084221,0.05259041868660637,0.03292546722391865,0.03283325122742509,0.03208222461422028,0.0206559029334596,0.033514993757990906,0.07104303316390559,0.06367947095769344,0.07276857052207493,0.05595296101681961,0.03826277631923614,0.017805909697492756,0.03827799903270497,0.043811771460405255,0.042109408448856404,0.04713083552623375,0.07973230462364574,0.010171714175358452,0.040788575027071027,0.04582517813832471,0.03703799057225709,0.06312409419584156,0.04028015616305015,0.02225451901773892,0.02222236390331215,0.045945253748689734,0.02223093282822886,0.05028771205640924,0.047962601707913693,0.05051148093214166,0.033665532258464526,0.01800025927966408,0.04590044708545498,0.04473453599198641,0.03964906561106218,0.04726359678551928,0.04720462963035987,0.03787979883705849,0.021852708257295482,0.05513811892598217,0.04607752867204234,0.036614246014893055,0.05786536825517507,0.047324443532319176,0.01735764679781266
12,0.029001031932646738,0.03295942257316963,0.02539817884543765,0.052356303381116756,0.10535213726278117,0.0403229365002129,0.029636738777975888,0.037169019378802085,0.03088827055350952,0.04096613384612963,0.041216942185027625,0.036730666293979426,0.044552094458619955,0.010786790480311038,0.0224099273608191,0.02980686210537796,0.04696766630822598,0.10798226146538455,0.05457690421382252,0.01623204638321711,0.028645350598473666,0.04749995685708912,0.04282892078355589,0.03956835761377063,0.05468673385291547,0.05274423558477505,0.05348164987905788,0.040736100805042204,0.029583695199843885,0.03532518155709837,0.027938853803553102,0.02893308290208556,0.059733970327159165,0.048567821968040374,0.024312792708089885,0.040163854946515344,0.04414462583566023,0.02197918919364404,0.056899906207876244,0.036660936794694496,0.047539167371655165,0.021982004087460223,0.034009530796684395,0.047584610004813566,0.03163652225843317,0.040337165683830035,0.038294627010100876,0.022393688650470832,0.03743240218183181,0.040890349164898414,0.044700530091197295,0.04756626407277276,0.03749160483085004,0.06138963266173869,0.04819305783002144,0.061182101231319466,0.033173206302114774,0.03988176154422972,0.01002693728838273,0.038358027005519255,0.037578453535681525,0.057106165483196115,0.03533190035190094,0.05899414131260804,0.043703751595755194,0.03329946782061255,0.04010974529671144,0.03133841918465174,0.02031194108615255,0.0371574355205115,0.053263683908028506,0.04575361579004772,0.035951350170968004,0.05591779327209629,0.02243176056705473,0.04710081946021719,0.05715282415162936,0.05972449730008685,0.032385600291416204,0.031477647333686826,0.03755271071903285,0.037508385527676394,0.038513966866151265,0.037505316686512184,0.06327586486262558,0.03536457037397622,0.044932790822568756,0.035325389214369014,0.06097344369308216,0.04809511788695628,0.059775196215726606,0.03583656680492052,0.060792101849513,0.029832167741361194,0.051182995629681524,0.025091727950292395,0.04018288351169137,0.03379792530538526,0.05116962343953018,0.0283518075349961
13,0.036122491903177595,0.010850576552381135,0.03318971702032891,0.04113798850729345,0.036077150226426165,0.02580997283411702,0.033051228100140044,0.021340876459474852,0.03804143344691202,0.04476040720143408,0.026551932471216587,0.025078881121762393,0.034284189323199196,0.036307186411019335,0.03333014202255012,0.022095626547143064,0.02581548215200027,0.04702986941480648,0.032610136101621744,0.03305526443977776,0.04137643664800215,0.01981269749093351,0.04700731708692476,0.014251757155730044,0.03124269509713065,0.03947460743625907,0.03620381442719699,0.04270879744165427,0.019862284337413178,0.04408484537707895,0.043187929668133576,0.0386230301969684,0.04825657859055096,0.048380909614333584,0.030768476608603233,0.04328048839320665,0.04706065581966926,0.03986026924069391,0.04123227775874783,0.04690484905983962,0.0437513066049167,0.032373031981958816,0.011228868983495748,0.03317370896357298,0.03871409879715285,0.05300739527910874,0.0486765869768759,0.03223351135104599,0.031493423918694446,0.05820407966406498,0.023861560906055398,0.03438647184619015,0.050054821091048515,0.036299538455793326,0.03101360916071922,0.02854122342120571,0.0471988449080098,0.029748060194594594,0.04410248677774116,0.04417274232444017,0.04284315214693652,0.03302984748500994,0.04832161048226175,0.03876540986140131,0.05970067761739944,0.042733419385776364,0.06309928835575812,0.04140979221774493,0.0535175813217538,0.059750613810030044,0.060778371959939285,0.035307602144797175,0.014382841566484745,0.0475090775605256,0.03000342652021935,0.06203487211018848,0.023063903473397505,0.04835830835626891,0.009624618388134441,0.04099136143685284,0.0142290568284686,0.04628044921339531,0.019706993805558,0.04573382999361297,0.029799401172204452,0.042689732718824945,0.03752609087939299,0.04635777934876798,0.019668049611542133,0.032663521735299204,0.01756000712063044,0.030243214517024275,0.05684770868122594,0.033081133356646975,0.022284913247411782,0.03160221542764418,0.030640290551863063,0.04487926778596513,0.014720234110987964,0.05954806453722299
14,0.03881909129813309,0.04527137953789333,0.03871277300303629,0.02973390371527374,0.04273738447022377,0.024757904381063126,0.04522025891820455,0.03682524466211185,0.04344753065429333,0.03627652403007188,0.04871452281987381,0.02769308187649237,0.02671280535726136,0.044768622255304376,0.04745838023652022,0.036564617386268546,0.04537113183772945,0.03332055573324819,0.01804319543908702,0.02278059228995195,0.041276413334353786,0.030718061758448507,0.03272571232955243,0.016273493775705236,0.04012083854824895,0.029184042763253447,0.028076654012101045,0.029241177072129945,0.0214997594363919,0.04617842695856652,0.024627784557420426,0.03158487955987184,0.035536390409566763,0.051862512161909895,0.023605959322468794,0.022911997902623594,0.05131123526201656,0.0335458176653922,0.038273218559849664,0.04801901357986945,0.020940502067917324,0.03915185920678606,0.04712558323475193,0.014484666395251537,0.018065326012369647,0.01873355980035912,0.04574330499305153,0.04445483471509492,0.03981678498818269,0.039620206674983706,0.04164404088437392,0.05807673098520538,0.06512428467987456,0.044700565885277745,0.036481754187854244,0.039701700781277674,0.01815714074351723,0.031571245258178476,0.03873052855795534,0.02520573893614975,0.019526896857579853,0.03450883270497636,0.03875856542257459,0.02242693775538059,0.015112194249657644,0.014111316854104392,0.02061345854160157,0.014388856117357345,0.03820373861628147,0.0592169979783392,0.05054069507245455,0.03887921661522857,0.02977154354784901,0.03932121332307411,0.04349563935043048,0.04124693015974735,0.0321771356066594,0.04496948963344675,0.04719641756197588,0.04684622214836349,0.01574310331344377,0.027573980455686733,0.03055103851743653,0.047384076590874985,0.04018760929396547,0.027938383885897106,0.03578153559496204,0.041163802890089744,0.03153455228577136,0.03927246114300644,0.050595065266128815,0.04179795907330328,0.028424249977900204,0.0479701183036141,0.04345127462045271,0.036692435203544795,0.03349220118629542,0.014315658693742263,0.021225027203073368,0.03795289487536995
15,0.04638512764281498,0.02031742371135676,0.031473610773083846,0.03710383267935596,0.029404881952746074,0.036332541772078904,0.015626914260404304,0.04848725940178451,0.018082160488552896,0.01719442607887629,0.03857289930534666,0.03264556204055234,0.05262106933011293,0.03627747520722951,0.03096216675136843,0.03549489452743749,0.035624704021365625,0.049636390464415245,0.0515197256978859,0.01900827418690592,0.03671753326014685,0.04568335164416616,0.02985144849100406,0.03367268052087404,0.04740245385087222,0.013004084164354644,0.01780279091821644,0.04127465153100435,0.021426065053124763,0.025329992445446103,0.023387748703870795,0.022209614118780564,0.041791966849914174,0.03154621721472791,0.04447624949597993,0.04842701340135466,0.04666550260147092,0.022551361235947524,0.035260500767894415,0.040301947773864734,0.046195090724901654,0.04845415499812388,0.034547584290092276,0.03787763691079298,0.03181659781589807,0.03464571362555665,0.03464506905032262,0.04145757375491187,0.02760757426217613,0.04581563578560317,0.0253850756079082,0.03563462346175804,0.033070028447243105,0.015642001672855732,0.0485098376794513,0.013420534544134173,0.049497335638804346,0.0418604358303932,0.03898553731991455,0.04393073779620518,0.029386595896954935,0.04240116587551354,0.03633386490590167,0.05344012509119475,0.02316244527601616,0.04875302123974412,0.04878083482428307,0.02752412015992505,0.03416816969253694,0.03854187232752608,0.04509349489517437,0.048854971650858975,0.045120768328957186,0.044331325911599107,0.017387899685359354,0.02328954199596976,0.043411021901955366,0.03166869872426467,0.03178964914933442,0.021492096037719,0.029902576076923683,0.045044341454276465,0.04044390753698157,0.040784645912849096,0.03265539295251355,0.007886926049214508,0.04986726387862122,0.032697193029991745,0.04315105413356263,0.0598169289974852,0.030003997121348564,0.022183635008964902,0.03759308767142413,0.030076060067297634,0.04746894531723497,0.05329805631959778,0.04609930894578685,0.04157452193214142,0.010292391062379308,0.03301347592594927
16,0.04012922734041636,0.03239793392176299,0.019834939044537665,0.03472232807348939,0.015001569348416632,0.027624069499159687,0.048380995408191754,0.021127029009622107,0.03308065669380957,0.029291844211604915,0.043587946069600335,0.03098061076409102,0.037400715731318895,0.03668535098188383,0.037495687165423515,0.05138245420268854,0.03207650570482767,0.01307405580254891,0.0356608625830926,0.04539751622298225,0.024396442930474077,0.024277362406254666,0.04305529683397981,0.04597939417062944,0.03869897450827823,0.048295473400097814,0.01672204616979459,0.04272717317965609,0.03239344141831904,0.030988365212647626,0.033868512601161395,0.04128783820224739,0.05332814101224297,0.0385209538301223,0.03678353564242369,0.048176983191733316,0.04515141606792671,0.06306435835037093,0.027943575090421138,0.03686692452780922,0.015433141289951246,0.026196997672908888,0.02554584218185557,0.018412863612538015,0.019243084550233297,0.019249257216337436,0.0333484589427869,0.043099203500286336,0.04359948286953176,0.03853924268654383,0.0353613054571456,0.026614176507526073,0.03549243060504524,0.014452326229087134,0.041347922250953406,0.042362587917413146,0.030438384123049212,0.053640757558211835,0.027134075832528873,0.040616917444153626,0.026197171220452033,0.02489514526808968,0.04092263932625607,0.04129743902655363,0.031054912301619837,0.04292351277341342,0.028860633383841323,0.03435060172944533,0.04960609553553812,0.03571076107181984,0.04144921115455013,0.016850238762458735,0.034477462238456984,0.0267273969937082,0.026734534942901574,0.04738185155206947,0.04688773179547933,0.013166677096959565,0.029123805588170203,0.05736974818323892,0.019890239941207352,0.025754017277590073,0.018645242037614605,0.026953342480784785,0.0298716889676865,0.025668558805462854,0.048603355901695934,0.028658932002257696,0.015326162348006671,0.015068932249415433,0.029778662074873938,0.04486734872737707,0.039358998421088635,0.01814853701872797,0.04724787510123522,0.03892131109621796,0.015627797070566656,0.029745173144572586,0.024348609077215273,0.03310867909634959
17,0.0278108972265347,0.035519667655147656,0.020049542755303105,0.04476745056332529,0.04433782480183739,0.03601199675417118,0.03029156535105284,0.03073151232531803,0.02371232701225404,0.027552735536308676,0.032597460263759474,0.037032132504962546,0.018178816156765355,0.04053792861590043,0.01485548913674284,0.04548343830903135,0.026791339388177002,0.037399114777343735,0.020624224442474654,0.037134208597090775,0.029938230182392913,0.022658233973385556,0.029117190618934443,0.044995938008710414,0.03357477064698546,0.013957541066271574,0.04150225690248489,0.028563967671680412,0.016808332491502077,0.06226322992875317,0.0174143876528635,0.055764071148115685,0.06956311708232647,0.035675623706914114,0.04644892399101572,0.030812505633319602,0.04186001524334106,0.026870260443911217,0.027419256613098263,0.0535744840152776,0.02422529771787406,0.05471170407669641,0.025850324115214596,0.03416264817473739,0.022697333949773767,0.04824066100324387,0.0405495933307004,0.05234021418986789,0.058801600362570476,0.024846252675082055,0.012254383759542803,0.055207662833147465,0.03028961993916431,0.0199958171918438,0.026690546933056326,0.029314011047590672,0.032515317013776336,0.027457235419537835,0.04363617523281204,0.06002773042899828,0.04183889817303482,0.03756604758843208,0.03301947100255747,0.03876423245664605,0.02560336140075915,0.020793581620396476,0.026929343522675963,0.028907078606767167,0.04302125934024846,0.03699785893955187,0.030738488980270425,0.031450675628377896,0.01846885703185783,0.03580821218621087,0.029106049504061243,0.026747214970150823,0.03329757437223874,0.035059837019751974,0.03591370319857464,0.01329932938809585,0.043931630013836966,0.04615029882128442,0.026864525653812917,0.026803818929989433,0.03182925885371049,0.04794704929866919,0.013582194145871617,0.030227058993397136,0.03185863886178234,0.03905352450522953,0.028776595023448353,0.037997178780572974,0.02910320632748475,0.043796822639236205,0.0340951067591705,0.037360120328197105,0.024616084516617873,0.010385188721300726,0.037054125983081124,0.009983144196392731
18,0.04731726204118398,0.028230003312904192,0.03537566858934034,0.033591854860401386,0.030042901902154726,0.02969216448488092,0.05947554559656718,0.018494288341423297,0.042786327149699266,0.02178639342765095,0.04389735591090881,0.050356739051546834,0.04455448526112659,0.02308565040509743,0.06175383302914073,0.016092886612684258,0.036592875658317446,0.031519651137142446,0.03805034838167473,0.03713284169461286,0.045304081663389485,0.022539467337352043,0.028849957831506012,0.03195078527227165,0.022418967127013346,0.03756458971337534,0.028770928570680632,0.03931070559135624,0.03159991973215051,0.04815028534202391,0.03208342263058728,0.04479694074685029,0.04551918989580882,0.045719714320572556,0.033676805072625104,0.09536945389181778,0.03288609197864193,0.03042251044343662,0.05544520605512561,0.10014434371221874,0.04708085516261009,0.028617864354126627,0.051072846626127155,0.040860575746369844,0.04575011619108086,0.014288351597270762,0.039951636175983636,0.03620275735568615,0.03656133500225615,0.022065789606161307,0.04247243130542558,0.03797729576983027,0.05993872143811029,0.04365419820666515,0.03724387872736158,0.04514464233147336,0.04297634147663112,0.03774683198620807,0.03389231361984783,0.0492816305459437,0.04728466849951465,0.04499315734130459,0.03983275097092197,0.042797445827502056,0.04480771222844167,0.037091927154728956,0.05199712090997688,0.04686283203283996,0.04514463760018226,0.03080255619679865,0.03468375742572074,0.041964374552365416,0.056056470846375876,0.0433644629372431,0.03700890404105064,0.0330106054885572,0.04926360999395788,0.05047212603651891,0.039074277907849515,0.028216923380409736,0.03248233708544229,0.04180626444022079,0.03528291126629189,0.04746942504551405,0.0716434424145424,0.039500826205860824,0.06177204996709666,0.06578089434775894,0.023796669578107936,0.043535040540810706,0.0380980537960511,0.03250813639192442,0.05386254269084152,0.023061719595665716,0.05581339741010191,0.04312253939831172,0.04404767553346451,0.0509016805353935,0.09521156135006927,0.037103888453355056
19,0.0321099049965449,0.035375134296859845,0.04036022013886951,0.02306611055357173,0.04179429171398759,0.0387539872490396,0.03154262437832115,0.03893072630439391,0.029692065066489474,0.020910263817608153,0.02967003737175168,0.054390353557919886,0.033685463449899526,0.01504739783654375,0.041088835414322775,0.03516631151132742,0.03431332948262025,0.029175136784177474,0.03134264890626672,0.03452091769941743,0.018799662933972002,0.023503055133897395,0.024037835883137536,0.03513041115016194,0.033949491664384504,0.0396043725718421,0.041993065852449746,0.024236124282884308,0.040869925443598784,0.043322243834751396,0.02551251843234064,0.04915149957477515,0.041348798322778414,0.04194197707115117,0.03725242256655653,0.023831355963229845,0.0563273693338829,0.03499608093507474,0.05034047809321969,0.035505235726813036,0.04521175884236703,0.04262427822522294,0.038018050887904255,0.021647598726530225,0.030521398874903644,0.02616365795052336,0.034031998059368906,0.02979853297846676,0.027306964718317332,0.05058364449968351,0.04162047560253192,0.0374746582391467,0.034081221515843085,0.029661952633830504,0.02612228989019856,0.021008166263099197,0.030323767606769903,0.05625543091386609,0.044196436659982,0.031581717917631535,0.027626713686966776,0.04968920489261041,0.023258208849400094,0.03990360585178783,0.047283756555617014,0.044660944855418154,0.03431598260921856,0.040880976257855806,0.029672872996136784,0.05127310021987731,0.031000654244061343,0.034564063895697814,0.0454834175786787,0.05508711239972081,0.050019686577184,0.022004070076280077,0.04214726125904574,0.04523640763422353,0.035230276422595096,0.028447197833095156,0.056284548572394774,0.045335722639954765,0.039590213000022384,0.034528645041440494,0.029054079050623186,0.026356886784464476,0.04040816829748157,0.026355719399105644,0.03509116792464632,0.040485862428650196,0.045007141770171184,0.022255487124779986,0.04124757625205605,0.027163125089560026,0.03848585310045286,0.03328126560585869,0.02508008517807985,0.039304746623680865,0.028488451541859337,0.05029654768513024
20,0.03208325524732862,0.015887800593802844,0.039683061182029675,0.036506946846275916,0.022943610854990727,0.03203688778452754,0.020901113464793043,0.02195289156670596,0.028546719784587917,0.03192006885994568,0.03827556984085936,0.06391384555654543,0.0289739790988254,0.037655626694111585,0.020308181474359883,0.05095329683109873,0.024113680246762487,0.036663519974211765,0.045064060129268946,0.04289530899969178,0.03593931812372425,0.02751499986831775,0.035485147518189396,0.026730962033265564,0.022762214570060925,0.02570145512003149,0.0352246121995502,0.05676871535898414,0.03154416984542877,0.025228359436249702,0.03750461977999484,0.018058669462247896,0.028569019068501837,0.028183366258807397,0.030511292617865074,0.05110618434168747,0.032702339166724895,0.013484055179417573,0.04687597074407704,0.02622325470906682,0.030081944922226916,0.02564805606166229,0.03179578882218031,0.03895997568289982,0.03380525437019518,0.024440643647439975,0.045943314808939144,0.01906104146269586,0.038820114306022745,0.03363468386973563,0.05455208538655151,0.03209809371416551,0.04043327864333881,0.05334094854782632,0.026632107223740938,0.04052200106044676,0.045487817087877504,0.03538097904106497,0.04645712774835267,0.0496234571215951,0.0319996199079187,0.043837826540516676,0.029399032955159804,0.048600583313516445,0.027731903027914243,0.05524870654518059,0.04863373130901967,0.03920947809634989,0.04631055021008487,0.023032988767717096,0.05828360824606219,0.04092955300730358,0.05437114872740418,0.025323807523837012,0.03640545479157187,0.04808765310369168,0.037616013996509344,0.03166189788831947,0.0370998408251407,0.028198868522210086,0.04603521475463639,0.05401663701082807,0.044961236033540075,0.017453525670956108,0.030441002145047243,0.03316810209761709,0.024087674236233328,0.027106850087068275,0.03715957641001364,0.03701844934435873,0.04841699845129067,0.021582117226963363,0.04758939232063455,0.044340581979365544,0.0415999213330674,0.05593259939288507,0.04466013007428287,0.050497751992367876,0.030045229832899027,0.05035490766435552
21,0.04071531657994136,0.03147215883310622,0.09277770114586883,0.04278823029663649,0.04209303649343947,0.037144315497048136,0.01959972117043312,0.03120600673611725,0.03210597455532138,0.03439405357729778,0.016521356589669405,0.0431310478456308,0.039329299416025455,0.023912227280079513,0.03177331939103722,0.030223118738899456,0.048558922117043324,0.03545797674576603,0.03232440131552656,0.030699517117722112,0.04367044896920554,0.029777572609186908,0.034088348451621966,0.031027177328995986,0.019524266091653992,0.05983166666025621,0.048545370991973424,0.033713243768909135,0.04141372832090296,0.039620563590785196,0.09174101927386544,0.03144183475672325,0.041238930884948156,0.030122745070856168,0.031819424427206616,0.04411003907469409,0.033157599401068695,0.0435835975237268,0.050636903991281776,0.04222326939658806,0.023924073720783333,0.039630991611278144,0.04426489823587115,0.026787587253132805,0.04291864142136675,0.05108029660746703,0.023203174290400475,0.032521826304676815,0.03227628453796667,0.034160229089158695,0.038670884325511586,0.03348742638259274,0.03298978963028746,0.03472586542139667,0.03937681504447438,0.03037897122589176,0.026851323164894584,0.03708831849696737,0.02646017063555132,0.038920294989904736,0.03239191116686549,0.04172094375931317,0.04919670754894978,0.030303178687710985,0.04266655605260778,0.027881151112125732,0.025784641639682655,0.055671633910928366,0.04608721298524351,0.04731766332798679,0.02489886410405905,0.037658603656219265,0.05423102864819717,0.04721875885577362,0.029524518985027736,0.05411480595343291,0.03920313617868862,0.029229729562060786,0.02404952399799777,0.04600574591385167,0.031218506467113962,0.041029439273566816,0.09330841943856846,0.043404147494838674,0.0392537359144651,0.030713188202805847,0.03939713193780876,0.03924512492812123,0.03755030603812343,0.041496609124461944,0.03942571899756225,0.016222598574201205,0.03653671281978706,0.02772207675946947,0.029197319656344766,0.056178674652017896,0.05087757696403729,0.02531515598832904,0.032923864887421654,0.048533934664240524
22,0.03117075045279655,0.01973477002778739,0.04723924927581243,0.02426216784770276,0.03508992342015584,0.04819402949169562,0.02155380209544862,0.044524438065651935,0.034910680516746576,0.04513271396689671,0.039912558284600934,0.02814028932875624,0.030798797891978175,0.03494164570536376,0.048250246070744796,0.05269743476098435,0.04136844971176816,0.028794982704789418,0.029296828943117966,0.03623302334870158,0.06526252803161738,0.035304308828033336,0.06544339388703489,0.02685623363569505,0.02420909326606889,0.03513719984513614,0.0437831871197713,0.027850454403093576,0.044109763547076054,0.022790134619344638,0.046088284971282284,0.03420489228569081,0.03524666559784157,0.03788356302939224,0.02593794868777625,0.0384064873661926,0.030411035138041272,0.03301996004858575,0.04018112289176922,0.0272264027261877,0.034832158196073486,0.03812554016936742,0.03349621420115758,0.03489793934851523,0.02965997253705129,0.02781069939234509,0.023330803982960006,0.03834140375105973,0.03666339651030929,0.04658247851563481,0.027079656085636315,0.025541804888044636,0.023078317223298214,0.03727629851862554,0.033896649921686256,0.02179708812897525,0.02035262746524505,0.03306169448132115,0.04947797149128654,0.0345297417844209,0.021741011026532198,0.02661730761383235,0.045188811965060284,0.04537935736713824,0.026232544775948892,0.052643930452833235,0.06798099812161057,0.0429988500021685,0.03735571672161438,0.031113795628175216,0.03752926001496569,0.03470891577104648,0.024227798996401866,0.024754355277715013,0.03813181855028806,0.0252405163518912,0.042912525296760894,0.02396233752781559,0.032615654689513864,0.032339225341516106,0.034452928694796235,0.042169856220646514,0.03829306541742861,0.04030910985791131,0.05920058740526003,0.047992617752135626,0.032908408176787945,0.040811104499872644,0.03618281640779077,0.02772595529974858,0.030271957370625078,0.028402857891159938,0.019111862613067018,0.04046789726789826,0.04806772320100667,0.02290718191408449,0.025557300314340878,0.030221820763366547,0.037573681049594375,0.040250935238571546
23,0.01956337253754673,0.03396661172318866,0.032037860726672765,0.022061358971597163,0.0385371309879841,0.04768355266033915,0.027219223818774136,0.03347165830794198,0.03430975016560539,0.028354334843232847,0.03487989332682844,0.045536443302282216,0.0449847130976209,0.03170180108258553,0.026108894309742444,0.02411968066262526,0.039453355520804353,0.04289627934150834,0.04422316965186533,0.02137122063166899,0.04348032940488916,0.028983573098196068,0.036204639212104685,0.0392255020160651,0.030061416452105496,0.02606848355740673,0.03035467018100997,0.02644630790525289,0.037374207234270235,0.0345755278344569,0.03687764396024767,0.013700541821684887,0.014842544928272347,0.043583215825156424,0.046849900814681114,0.03421108571894805,0.035639270080931006,0.03319630240083953,0.0466544720962626,0.040754314543930636,0.027902437351865834,0.03564983884207884,0.048268947008016094,0.02622358114465894,0.02972077087683322,0.03993519674863877,0.03139220951989726,0.03368405581094926,0.021978217212323157,0.044867080601258415,0.03704558558416015,0.05404396689016855,0.027391593296033457,0.042054799698687764,0.05656094991547512,0.04108068362538501,0.040423458329866914,0.029583867397052387,0.040210579016911385,0.05176616871885124,0.03348696771591921,0.03657330685432161,0.04268202232683196,0.031195496842121747,0.021517209554235365,0.050967349862656545,0.015980040662248486,0.04191828046285746,0.03475374357152365,0.06284700308119925,0.038161055632045825,0.022639399401177273,0.0288778722874574,0.032854024229558014,0.03259217068542082,0.031124106577111434,0.028688861961238644,0.05448233318654435,0.049925772209876554,0.0321324288433361,0.05451802815231957,0.03728526071264204,0.028260156899182723,0.018652546818033435,0.026795347878475956,0.03897516509532999,0.03737061351917982,0.02668058031648928,0.03172248599163753,0.03554957377619037,0.05252253959262834,0.040669761120766666,0.027144767803394195,0.027077066832112383,0.03070086596776351,0.03660933591634294,0.04750878148453462,0.015140161033304919,0.03880238292526501,0.062390925320052124
24,0.03644679650094046,0.043724857920113484,0.03782093690528321,0.04257910351574345,0.0344952644584151,0.032398138877878346,0.030133195168667783,0.014341022178790004,0.03605525012888465,0.04246817577831128,0.03153675720495369,0.030913980035253537,0.09278731599679105,0.085252267498515,0.03415857893307913,0.037057907131475346,0.02796139515107269,0.03453464016060859,0.023540350092674023,0.0497506384186511,0.06614591992925847,0.02719336159499852,0.037525426693288205,0.03156745601451159,0.060998277918273544,0.020568729122851136,0.02660062952927488,0.04921011417468744,0.030421496529926453,0.0564506451249225,0.022816926892080217,0.016086623288340717,0.018954170768947353,0.03305813767298224,0.06029528328540462,0.035680027671754426,0.01660211550108847,0.03204865417186573,0.03987120478917119,0.05845901358969167,0.04098986165677364,0.0348910892388466,0.05160941752124412,0.020025258491976818,0.026809652653036434,0.02082705233505503,0.027672858562342084,0.034004455667915746,0.03641683788366908,0.03517183392291254,0.024562766418145327,0.03193727939257635,0.03156668168521163,0.06031086511806536,0.024482062620136295,0.048513688968034284,0.03554954905877582,0.03960700720242511,0.03319123430382544,0.08278111870539438,0.033457099507860175,0.04255812872323429,0.026704211503402703,0.041560699789360056,0.051703265797570626,0.02305448980616618,0.0390051373494048,0.04151476421981872,0.039756130379758496,0.04397508979077846,0.03519989004432081,0.04182121120544481,0.03783616540999127,0.04174247648241712,0.041749520464273104,0.03338088827495308,0.03025356365583869,0.03787174846481139,0.022461845053293968,0.03391657176901833,0.04101054429443091,0.05003455226707181,0.03434113269253278,0.0342303711070779,0.03792934053367312,0.03921246143433278,0.029632543054539724,0.04259221750043157,0.03429098861980004,0.02335800230488595,0.02791196087761862,0.01254959797067395,0.035059502270637644,0.04061604325536416,0.026935905952290718,0.03091948445449801,0.030552625102129874,0.032662129472477604,0.0653204996045334,0.03760452513603108
25,0.03126938705044139,0.030427108406223792,0.03278375573626274,0.032656461977637836,0.038062263987850994,0.038602021312858587,0.05245065505664505,0.02091492831286038,0.03189248959586684,0.03234700497478564,0.05768859629186413,0.03185189513552277,0.04752919428233398,0.018219017637333444,0.021963268371336758,0.03346083130155172,0.03752488612194894,0.023773676765621244,0.02981137106113597,0.04099912238700309,0.03794680472508097,0.028504528041803902,0.04391527583283827,0.023291679362442624,0.0260198386991417,0.03047588850452028,0.026777765312892388,0.0307582836935649,0.09553346912625184,0.027956009643920296,0.02744237833385784,0.02135384459725383,0.04193039167647581,0.04769260242177556,0.02691809850172512,0.03192910669472646,0.016377345929244353,0.024845250769344022,0.014865239014417315,0.026102518006847694,0.03315775420891583,0.029746165446330606,0.013390719665729649,0.043651805640313866,0.03455998168365906,0.03823741219373752,0.023635212575300917,0.036979155632062014,0.029642669150964574,0.0414806382577656,0.027068772081350504,0.031230282835878156,0.04667178812481606,0.035600773194410865,0.02024765869345624,0.03513315863022944,0.0249081920920778,0.02654091059476249,0.05735839800613978,0.02900596144532702,0.028141913178463415,0.04522923689199775,0.038886918844816834,0.027953669233483264,0.049401815975498975,0.0425636979034424,0.015090016628191429,0.043430414509925415,0.04598720981106783,0.028744490000377137,0.03347366400954301,0.036146379702074315,0.04661393755772594,0.02269815913560647,0.03555586065061356,0.027759612498325353,0.033805658008383886,0.02938903724648892,0.057439262126267834,0.03768876384118732,0.03524274459468093,0.033681998259930394,0.023813397850649714,0.04007740481693591,0.03512933936674248,0.031964439098150985,0.02299989757638857,0.034758414863225194,0.016370877817020024,0.02636506884407039,0.030800543458971423,0.02994587574019731,0.027421220293628774,0.030586052798553268,0.039764795686657355,0.031165791029050306,0.031005798572943086,0.037968629916298666,0.050203198358314896,0.030162996664477346
26,0.021985717963970662,0.038892518799780076,0.04968508584132617,0.03211304796797463,0.0296308695825243,0.02805619881066102,0.03646007124182956,0.03571000154870013,0.03827321607181391,0.02687781383827008,0.022111098016306122,0.029302907801733495,0.040199265697193405,0.03761178974163489,0.04208909749840433,0.034544793939604676,0.028747512662697594,0.03351697875610088,0.04107443966155589,0.03267773632888378,0.023474828998545114,0.06626292223738676,0.03243651261164002,0.03692095377669419,0.025223905728087383,0.03635546957739697,0.02599213396256701,0.022635580607352972,0.03926220723076916,0.035358693479385944,0.02899973554558529,0.04204668480509153,0.03319871004724433,0.03952788051560217,0.04273427953679716,0.0382270629674331,0.040147628795405475,0.027704681408986492,0.04570615975781749,0.02057744357991783,0.03416110347001839,0.043240359106159976,0.02759065721327845,0.04612102282609913,0.039658622020236234,0.037032046859962364,0.03982986704558961,0.0298512154097446,0.06310222487938336,0.01857666006515686,0.028046814449374895,0.028974091814903086,0.04070804541627463,0.04285370853914318,0.029337227409811876,0.04534217360064014,0.041089403265607366,0.03145742243782501,0.032398949973784404,0.03475365293938937,0.048184749980621444,0.03876350000098591,0.028290796964090863,0.03163921482210802,0.033729924146584,0.029987027306214678,0.024996653330478385,0.0409217595635445,0.031212036335428864,0.03209442596808921,0.03294628724282914,0.0323614025348234,0.0323057401891672,0.030953776160893037,0.02707522100048158,0.027677013349998045,0.028436567019234364,0.03649418487943895,0.033999136222684155,0.03934512166782468,0.03243823151149612,0.032431916720842016,0.03168443423409192,0.04240413084497836,0.03231429143771878,0.041250402822148716,0.037338293714541684,0.020359308244952842,0.03578862434245233,0.02766933169800971,0.10400356263570167,0.03516556421534423,0.02121361913797662,0.01849956220904188,0.02831027712943891,0.05113375417410328,0.02594042915365893,0.031062599672826006,0.047329953591455406,0.048218356793114106
27,0.03000965812607475,0.041127399099283944,0.03175037158588094,0.038156413682230716,0.033292058115473526,0.030705245079056958,0.03134283256127511,0.041108463028802576,0.043241229772388035,0.03325722849630574,0.02114675000144392,0.0391948946600636,0.0317375369800228,0.023066155461864454,0.0371792961190533,0.05573771375821979,0.024857273896699644,0.0390076761924791,0.031699012381379135,0.039787582331948734,0.05320322303005501,0.03809936333044045,0.03200922487018858,0.03779760432719806,0.028606477749725044,0.052529265571181906,0.029048258981250075,0.03355195171406406,0.03683852271728079,0.026063378650980008,0.040324968946229334,0.032024052306667654,0.017677361774768443,0.04173674077452507,0.04506231627156767,0.028431757189040164,0.04210844251860604,0.031098492537744403,0.032620972829110924,0.01685823761048828,0.02898248285314199,0.03397627101344957,0.03447950123822245,0.03284967016225245,0.029984719694209138,0.05200636426076605,0.0354322129027029,0.038034913040007334,0.016982026193129388,0.02838789000203778,0.03582055982979952,0.03313474621400947,0.027635609399900382,0.03626329730508386,0.037834311601682886,0.06499399639020607,0.03774991362262214,0.03275673994976441,0.033685401408194086,0.05082218910926989,0.05614334143384169,0.03522244514491824,0.010545148817240908,0.0345953530688051,0.03221717723039835,0.03973269788113229,0.04061892446373574,0.037567048534211604,0.030904972310250137,0.062493821778613304,0.05444751932387664,0.027303098126858237,0.03741546581268222,0.036927340983166836,0.03607509206735736,0.030306372413032846,0.029896841985140536,0.041327755275100284,0.02184929278392498,0.029848258675985714,0.07073156987700409,0.030314125690776874,0.01929747690310444,0.03419336879688708,0.050818881012731285,0.019917314893400154,0.03057868143842403,0.03944743134717415,0.035714525891503084,0.030702162979353603,0.03612949892793811,0.018675547730684392,0.0187304564958181,0.056884290209532604,0.02725998590509433,0.04016502206638346,0.01836933770919673,0.029205009033866355,0.03920633460651125,0.019584679649159602
28,0.03900945377843026,0.05280537566376635,0.022278771800794527,0.027892207173854114,0.03534038797384201,0.02815405319118312,0.019169106951367847,0.0401465277221055,0.0212353283977969,0.02295403517546988,0.03309043181277048,0.027409389926848927,0.026603194278218948,0.020849704172774066,0.03966767822875802,0.031164833328293305,0.028027849428620532,0.02915756930331405,0.06005346416152765,0.024593066801153814,0.028185385532726318,0.023717749051728968,0.028835716372553825,0.03328810155745548,0.031520152882027426,0.03483254338218811,0.03149528508581987,0.03855185865045971,0.05437475199232446,0.02270721957297385,0.03682575128804649,0.01759175112250341,0.03751135344770254,0.0274071106850836,0.025408321384728125,0.029180947473310535,0.03385705587014948,0.04538713203220795,0.029416751756216754,0.0332957120584243,0.03014307463319602,0.04066265932916999,0.04216990760064052,0.033356118933523166,0.059186170554326206,0.03373743355547329,0.03746008858569322,0.03287436487064738,0.024525609570303007,0.031091784380185193,0.03234082261169692,0.03842661513145739,0.027673628908603802,0.03738790390208164,0.01860242250231786,0.03150645090252648,0.030487243870867136,0.027024949201464442,0.025145649838863776,0.03614486123099093,0.028394372050919867,0.029171948299415888,0.048540414747502154,0.042763873715179264,0.03018070223089078,0.03192949955890688,0.03049815545124002,0.015179332695258497,0.029542935866083784,0.060185805692872595,0.03541620815992873,0.026040115688970644,0.03115979282484945,0.04495720576645463,0.022674972926618298,0.039250257082772654,0.030395361562633266,0.029719303120466622,0.031056688927671914,0.03294780904585625,0.06191973804742039,0.034743175355598295,0.027045636391927613,0.03242128594576767,0.03567773370684038,0.03298938836754956,0.039375894864758634,0.032042438972301905,0.0223336168958781,0.026776640973387066,0.04072677679413784,0.027015577981653792,0.03991266269807501,0.036927316838047494,0.03567529927618354,0.04730163954687389,0.037491604316487154,0.018057355262023612,0.028629884134471893,0.03152837677704849
29,0.01750127042176685,0.03663889849944177,0.03332980063646264,0.03569681842478798,0.018539249092362122,0.028722996977328007,0.027494145253041162,0.01744632071541873,0.03066873598786512,0.015614296511736786,0.04284040586876529,0.015963404672700982,0.01260403725457005,0.018843437146716702,0.03353521307525596,0.025261956442564213,0.037888275809939774,0.028424466477303796,0.039758910156720305,0.030113343132756272,0.028057648790885664,0.020842664187401883,0.026550507026982677,0.03765864821152665,0.02742587069001564,0.02149785929802261,0.03098700855122066,0.03867500141088155,0.028430182901096293,0.027188927127199346,0.02819013335579127,0.03103579748609923,0.03438226300845913,0.030246211254700568,0.03106606887362386,0.03257890350298762,0.029950362081764208,0.02325917127750371,0.02687852888965793,0.0347614805887371,0.0502159310636015,0.02432159730368768,0.038715161851797755,0.031112544231087783,0.03645335534476672,0.03254146231359635,0.021926129745977584,0.03622043349960735,0.0346726966660709,0.040155683092449906,0.01980488021533868,0.032604284167994435,0.03173013425577318,0.028799087981981022,0.03134086010214521,0.030177043252797315,0.03781579794704125,0.038376000922425206,0.030336579313415272,0.03072364355583175,0.02392697509467615,0.03733087485262237,0.034047477184812984,0.030560030592921995,0.03889124106460523,0.026728936158486215,0.022027107236347928,0.02197034637518991,0.01938688391812801,0.033011894073692954,0.024734164428583442,0.04738534194420824,0.03588173565524153,0.029619474017326067,0.028707810093192655,0.020949021780254148,0.033194421769010926,0.013483831880082266,0.035795172762376204,0.032752534140089946,0.03454924742894029,0.020245839818691793,0.01631502379872458,0.02362924383143344,0.03336772144413859,0.03543923508019251,0.03725686073700062,0.032836090806685175,0.02843814459332111,0.03040487284660142,0.028194096211624522,0.028645453901670115,0.03385650278663467,0.03412620624910817,0.026911447682002265,0.0277799319920015,0.02665687516042085,0.0347168551347324,0.0321396096892871,0.02714292070278624
30,0.029477720880174543,0.024549505884506908,0.019973702643007685,0.033816794056750636,0.012386034835486722,0.05202857445983203,0.027651545425739447,0.02053392518525746,0.036733526678728666,0.03623977763340313,0.0179473123035143,0.019015706559856994,0.030226716318029596,0.020319165665697896,0.02755114797490877,0.020895349583866945,0.019276901175973835,0.03281411770406551,0.020637188376424323,0.018069236489582446,0.02969286856708096,0.020706135479791964,0.027786047786065003,0.0246638620484479,0.02302494254130473,0.030344988111574874,0.03516161050207256,0.024882710754259425,0.04058491217860796,0.05409542426642561,0.022667296562939386,0.030192881098034034,0.03407624168776842,0.016318464230337903,0.030292603635547304,0.02296934261106656,0.03487715982071744,0.028381533442236484,0.030279561990413248,0.03114969969897725,0.031166216848850244,0.024132909127174973,0.032403523305266836,0.035776099097991274,0.013000465931545222,0.03127936082345638,0.028169882781925053,0.04166241281215834,0.031137914012940016,0.0289220542508239,0.033378132364359554,0.036829095358577126,0.033742937884230544,0.027674884116526285,0.03215590653813687,0.03890098045100732,0.028462566372847605,0.03322446742682076,0.028322799759370545,0.02698960272225736,0.030809524437571897,0.0222331811472682,0.02746024902978381,0.030570559837646578,0.030840356539249502,0.01893849376279678,0.03299674092061441,0.026296605323935962,0.024998869869474798,0.03251336054588114,0.031381178447661424,0.02686284175638907,0.030036838894864647,0.04211499686844637,0.02394449179480406,0.0287604355546789,0.028001023364893664,0.02220636094169899,0.0327576117911835,0.022817156151913317,0.021571288787871883,0.032136446039487634,0.03159000855564689,0.025946859110827947,0.0326879331435625,0.0245077081045262,0.03092711366238282,0.022288617524166443,0.041447131642015814,0.03879723355021752,0.04707547840072844,0.013620567384845574,0.022266597456009674,0.03607615867847228,0.02586548227940704,0.022889087819874945,0.04048566054665991,0.016508025922336102,0.0369013398106757,0.027676780997801458
31,0.035597743358186176,0.027683362938861526,0.04418930431889327,0.0218298048151672,0.04042879267175808,0.04077776165946291,0.030618817906162568,0.02499314136548723,0.033000947626690445,0.02530945981185514,0.021453030689359602,0.02593985437305752,0.019575225121425566,0.023474169030078963,0.031530911028953064,0.021917953213077504,0.014055790679626182,0.036570051127467425,0.024862765237384975,0.029439767255323754,0.022094106981977082,0.030045051330540386,0.032607375776478716,0.017940242921436044,0.030979494291422296,0.030917540243013814,0.03117206070241121,0.03477107640314742,0.0279468392028403,0.0318483777872734,0.009408626361196883,0.01915261036968822,0.029152004016301993,0.025219668685322386,0.03128092693719752,0.026480460855858534,0.01910164194849982,0.022421079399895037,0.03755701487940903,0.029445793712110386,0.023812720391989832,0.02403118337963478,0.03291187389520904,0.02982100017040665,0.037679636059963606,0.031295334643280694,0.031022746237322,0.038196848699931535,0.030962631225790183,0.0357393411778421,0.020401957197542404,0.02137199931287674,0.031036575921245108,0.021605050529416404,0.0306696709028743,0.022528127052215612,0.03339577883224671,0.029494558645769067,0.029017719858173828,0.0327253273032842,0.0318484227111069,0.030928174204644814,0.030953157701393338,0.03582785115153736,0.03535758101971216,0.02764175015229552,0.03440920431866479,0.02553996970984803,0.03281930810567452,0.02954563205095252,0.02680661194028465,0.040090123796056525,0.03320702890779759,0.03941208086046039,0.02460512553887958,0.026766723760327783,0.027913712402464975,0.02439355799648248,0.02718320793585563,0.022098892762679408,0.029201577785644174,0.03268654126342268,0.02514158129650626,0.032877468620213054,0.030530954323139774,0.022782579490143777,0.030449170786353872,0.02371494161737929,0.03511710411761153,0.028770651276708022,0.025644830583524365,0.04421406854672931,0.034390247758365154,0.030139955995171618,0.02234959262927426,0.03317426680770405,0.03196811632425199,0.028836644089261586,0.0315180079890826,0.025647152486556715
32,0.028563000716841036,0.026884539706681282,0.024539625336252376,0.031502835654562654,0.02444742835452429,0.02985177466717045,0.032344527117483944,0.02916487554783318,0.026134528864362263,0.031007601610147924,0.03199770989745691,0.036718689261747386,0.03045630260964608,0.028189170033934792,0.03302658387677206,0.020432999028301962,0.03131354696452981,0.036016771367957084,0.02290198610752513,0.027972298657604828,0.021591635641287462,0.02340400407947269,0.030019879652161817,0.02547212000510376,0.027382421076200484,0.01280581537306501,0.014325059102761105,0.019583359777992877,0.028986145710987073,0.017255979798193547,0.030259925139449622,0.025226012451527786,0.03344092200327097,0.02693922366069195,0.02865656330296205,0.02657801411395137,0.021078283300902095,0.016375386100921843,0.022848381766852912,0.0328543989409638,0.0322748431860435,0.022449472557965658,0.01620607172606276,0.0344293369477523,0.032103424679103466,0.035682054148206126,0.023491573904541978,0.035921176794218634,0.024037276937164606,0.02762374857742589,0.025194202579002827,0.036906505499594934,0.028858716374929077,0.030176339802910197,0.03836526889664776,0.0347731991277591,0.033652606040144126,0.04470364028561635,0.025225104215875618,0.0268871135166088,0.024381041520420314,0.03177671838258589,0.02515543385696642,0.027989902444552198,0.032131953167166334,0.022120487580538525,0.023284593165519937,0.03666639687417121,0.017409749190386545,0.016099104194652138,0.025854359304143197,0.02354725548426263,0.03194857995175173,0.03718529135441332,0.02730579007674823,0.026642444931124686,0.025197452932582257,0.028288392879303056,0.033516742974819026,0.03221847033032844,0.030672479856204932,0.030241599004159934,0.02101303957897424,0.024138329704616646,0.03210954208878712,0.021875580548780135,0.030542012386187,0.03566630961533327,0.02526154896242985,0.02222581243833113,0.011257126718901786,0.027755927943753846,0.024910580865698518,0.0331375791987722,0.0217398795389454,0.025103641181542992,0.029019645542815317,0.02876111004860247,0.03208128072375637,0.027218634497136757
33,0.028961244165327426,0.02226058207451706,0.03284768892427129,0.027955474427984534,0.029876658918063584,0.03889527430033418,0.025260608744691482,0.01940365130936158,0.02827831704028859,0.02038302181596578,0.05749948456971307,0.019314709341109484,0.024710531747681373,0.04793001840257373,0.019014121322356917,0.02935898156839023,0.022738659577620012,0.028824256516101047,0.04379889776739735,0.02562421147179923,0.024769001516469775,0.024254438435690192,0.03326295325639502,0.03594112847155664,0.03665144109717406,0.015027606641457998,0.03372270915041658,0.027656862850187723,0.02534401796476907,0.029071686320397614,0.02154748556700444,0.025446215195005447,0.03800041580218551,0.033772655235479766,0.03400534656761331,0.029523457845460205,0.022727447870937733,0.023233490171066296,0.031216864666600595,0.03629186520461347,0.03232134291048076,0.026324344374195615,0.035619559235138126,0.028448145257930983,0.02726835785912165,0.029332951562650676,0.02415922953762865,0.03868335203189072,0.022490242578973346,0.02337803587568901,0.029030685539260016,0.03137732799283375,0.032391697969805726,0.023665539768157117,0.036171731379224095,0.027884092744581517,0.026929807441370805,0.04366077243423989,0.03569476294229813,0.037599295987226146,0.022261410626283118,0.03408564333406077,0.020122783003604153,0.021507628891889317,0.026701272282067288,0.04109002393200922,0.021660465232006845,0.032196291487085686,0.03373483158773714,0.034549494195098014,0.031172644129854803,0.028227905914341905,0.02542893595599658,0.02251636456850739,0.02958857743989876,0.020954833866980126,0.02878793244949231,0.02865558491024379,0.03085058744294672,0.021033282886201227,0.031140296132818053,0.024616391884193962,0.018801729955970282,0.02437874934423213,0.03749569302185903,0.02717931495937001,0.039725791240351624,0.03947405168149413,0.05182378652557356,0.02812426679489776,0.023679908478033408,0.017439323982395893,0.021771456251577722,0.03290959249100728,0.027302583246190323,0.016934316563691744,0.037610341567592465,0.021164266783225347,0.03035916901339218,0.024288678941255016
34,0.023127941963176885,0.025620343520181058,0.0212320551031563,0.020061800440307215,0.03181916328497742,0.019733340384318586,0.03306680322030083,0.023338735843414657,0.02506557246933175,0.02170601720820459,0.038818986973421565,0.02052147578635769,0.02053503827903023,0.018805080755194704,0.024152586903761705,0.03470639857743129,0.019984082965663556,0.028197955450590194,0.02161241419295189,0.023539264660155004,0.027418133306971643,0.02201768267933051,0.030650622921069574,0.024651214472442354,0.030811988744409363,0.031101257002512192,0.035269325291219455,0.025872339867723592,0.018429532189491372,0.027350192525398893,0.03275158943684759,0.03915018647775939,0.026663985580825254,0.0365051983588157,0.01590064761729333,0.02820298242897113,0.03094811443331013,0.02169684169648909,0.0556998475902247,0.030651360717781163,0.0348625504829137,0.033550845185335784,0.028106439572427297,0.03341015328453772,0.03316090529913863,0.016894935183055685,0.025370226817430834,0.03990464118261111,0.025473018097628437,0.02959534413629324,0.025393941582627793,0.027926326728336472,0.04884466618443705,0.03202207456666947,0.025774098314677835,0.03152063805113189,0.013524284360492222,0.022816823104418228,0.0213626974958007,0.02727161596799385,0.02985434905605614,0.03576732454983695,0.035903074059621044,0.06047816969578742,0.03538293555580339,0.028844670124274784,0.039431663716964355,0.032597056640230375,0.025038676514395477,0.041400155367685584,0.03088292309161352,0.046805254498541136,0.029900797573762922,0.03990314809504294,0.02816029225725336,0.02385983022238953,0.02055393161531097,0.03795479472522351,0.02117998142052193,0.03099117164057051,0.017412857667282438,0.02635503211162893,0.032532359223338365,0.03161562333286517,0.029324697885715945,0.033106597789433596,0.02208086552128834,0.023388878650738645,0.029483559464560504,0.025467927709084157,0.02220422254421856,0.04254782740413016,0.029745786056657068,0.024266847276633065,0.029266246800184418,0.04088055360241173,0.03004422847011823,0.03370808677616599,0.02379666067698432,0.02813275391524696
35,0.02410467887220331,0.028262526837806674,0.02402191054331224,0.029480970542306105,0.030207203435902906,0.03179542390931959,0.03370768185154651,0.014109732100720801,0.025790746654795832,0.02206382930745755,0.029079899031560136,0.031621418558792885,0.030727869423322632,0.020349066042358338,0.019407012558617747,0.03697174416973689,0.03250487621362275,0.028615725198588095,0.03405967906662902,0.028501240103486186,0.02336249956382631,0.028032778534297406,0.03446775847503373,0.020510335910753876,0.032410375638533336,0.020498758245316974,0.022467102277921133,0.029657513534938097,0.029297374954858152,0.02605403060680237,0.0170843118505033,0.025228016854759585,0.02870813075759053,0.03829230602673243,0.023721506943232124,0.03170241524456694,0.028766198337658457,0.023114643552709164,0.03169396765417544,0.04050329689266642,0.03225649095668855,0.031779390682603444,0.020643136706323135,0.03356596653750501,0.026654828760349004,0.023307594147977274,0.024582282146332596,0.04226453307594321,0.022852907296920466,0.021316012629586868,0.022774934577538496,0.02410202520261766,0.02407251569784936,0.035031998577882556,0.0313392943118683,0.02442404140186247,0.019244748433876777,0.018369644742075558,0.026899083197261146,0.030122760823302615,0.025191887555511227,0.033587479421684906,0.030081066073976852,0.022155108880180106,0.028611844447438826,0.02002982180800758,0.03998925402687026,0.03721597740610711,0.025982107657721354,0.02873908085586028,0.034097799255768495,0.01989364260445803,0.03284535723265254,0.023597719205605147,0.022951530871832396,0.025174864315360396,0.025283581684388674,0.02878110039416863,0.045079928721217216,0.01901540081621518,0.0226299830288019,0.02692572102615701,0.022285362141092,0.0279955593700313,0.03478249331083117,0.03612550961753561,0.025444725603174696,0.02949418887375814,0.027590272219512636,0.022283885962611934,0.02289573656794035,0.0274541899882816,0.037949125924983985,0.034356652469477715,0.025120531813160693,0.034040849965507616,0.03208127789301952,0.045102993498062544,0.02002557443905071,0.023381358501531765
36,0.022862584950118017,0.022404344229335956,0.021816776490525717,0.022939237822094134,0.027509033626316192,0.028171880921044022,0.02521177687365515,0.020496933554243035,0.02288296163859417,0.024592594793298634,0.02563241185778512,0.019424572321797444,0.03738341884937327,0.019919686740839156,0.025359268338334368,0.026539759831609416,0.045978004842142546,0.030489407742208166,0.03351240669510445,0.025599698486934934,0.04496105611209805,0.02358107710595198,0.03379131615350684,0.0276329471012357,0.024594837265539387,0.03780805501978397,0.026844739684205962,0.026203867788760233,0.01944788283986819,0.0342360596760384,0.025104375287999605,0.035949424428549155,0.02014406028722386,0.030461458245559635,0.02869958914284174,0.01772705712144981,0.04276826843876215,0.020948734352021194,0.03264301819447901,0.020641742475880992,0.025497049305060623,0.039997867686488504,0.02757484099102982,0.02316278804490897,0.026042432581838647,0.025565735683255583,0.02879131075922081,0.02582809651574242,0.030625589005118276,0.026224123709798597,0.02935568284742448,0.022355041013823025,0.03234109878613207,0.024958458909143767,0.03632317263068076,0.02973928483655895,0.025590371474946416,0.021634727601500835,0.029051169063207587,0.01612442260742041,0.02814388139187166,0.03294690367029016,0.016750615576390956,0.0231319672888768,0.023059290585746874,0.023729494706818826,0.03465829264241453,0.031057750979607845,0.03206306740570615,0.0270919142544207,0.025707222994062057,0.028726540975587102,0.03045908085933178,0.02835333863244622,0.027780961919216026,0.035476640620026346,0.026577224776408403,0.0253872289129008,0.03959343288164271,0.02612389707821356,0.021040649000588715,0.023349367957417076,0.022691098483591375,0.03489778434918235,0.02057353041637609,0.026566666190939003,0.025391908591976008,0.02467960467931542,0.028953305086827405,0.037751056973788256,0.027958664789084674,0.02060201182945928,0.021944180630907504,0.02671268411826039,0.0317482924831081,0.023413461775929692,0.026294522320033945,0.020842091579322784,0.025861392743865005,0.031776357428339785
37,0.026306426108122227,0.028458598348970406,0.02149926997023975,0.017414897880040827,0.025251949455987167,0.02351617647171798,0.031137508532454446,0.024213727860788004,0.027048638467124304,0.026447575285135888,0.027427125179721137,0.023308730493171167,0.02110037503150125,0.028710445063499356,0.021629846905377514,0.0249738662125197,0.026733403673726005,0.03356423304085177,0.021246997849007684,0.047012901004463266,0.02507499410338365,0.01956189610985262,0.02689558080052452,0.030140913810221277,0.03178593895716367,0.019660877986877885,0.02752387625017564,0.030271331664758348,0.01569899373806006,0.025551215672122877,0.027804877917680645,0.027600787597604533,0.024696171712853925,0.019228581673709243,0.024442073350702243,0.02584180963771283,0.02979736358714811,0.034008806035538394,0.02680341421972959,0.02636697417050105,0.02213603704336974,0.03634806305868571,0.014628308762948246,0.02540419743899783,0.027643076729723725,0.03130481647782513,0.02332833252868527,0.0244360442361699,0.02338464500110743,0.0230314518600978,0.021837912944127152,0.01858346944766071,0.028785156733867643,0.02867806962006197,0.03533100936097923,0.024107822876905296,0.036313168045122884,0.020938483297281155,0.03007640865594382,0.027942814193173973,0.023021368379647387,0.02587925150569691,0.0372546009127642,0.026134194004340756,0.026054247215675758,0.026734163734224308,0.02505371280466259,0.020790462549041388,0.021963325655487455,0.02106610342010956,0.029876500881836465,0.02345295978337426,0.05295349744278495,0.01967366568675452,0.03146614758535325,0.020626828164127458,0.027495472509166247,0.024460074014808285,0.022870635285719983,0.025134467068998315,0.028503792026607196,0.023566143648638856,0.017914486330512305,0.018087339818533006,0.030221759089998367,0.02729199212845317,0.02213913963661201,0.024560050191557107,0.023981636250256164,0.030740285269224895,0.03077914440752873,0.020353406533704117,0.03676659042388635,0.027815525452707556,0.02830630822506659,0.01996738293921714,0.03261631430420821,0.02459484276127563,0.029298388438530665,0.020314448325178616
38,0.01935676758879676,0.02769343574552834,0.03466032948942689,0.03412108295836657,0.022579004158426355,0.01901760865153369,0.026452008945934767,0.024868411477994803,0.023178680718073802,0.017955162010583156,0.0258791223089755,0.021109955812390863,0.025223946106850026,0.02611467936481176,0.039835112680174714,0.016412850261115945,0.017341861292485192,0.02700918997101556,0.022912879903823898,0.02812595421631787,0.027584410690765414,0.02817330101372364,0.022404467008529015,0.01621396553622955,0.035362164365394654,0.02170412307794403,0.024886220006638808,0.03096221122857946,0.025353075148824143,0.024160536890105958,0.02374385286910031,0.020218438762519077,0.0077706052964131075,0.023863890889963286,0.030829940796584118,0.023601500406205202,0.038895549039982186,0.029270355416584244,0.021503838771247445,0.02569273793119541,0.0325914573619881,0.022080181389113305,0.02322660890558743,0.029126357841800767,0.034972950205004634,0.019954860188870622,0.022589680418811302,0.030769735468686783,0.022631000639478732,0.01510231118410957,0.028646012335153806,0.025316044862191876,0.01936455758859503,0.01959242067010366,0.02821237282250365,0.0221450701826558,0.028532674487837053,0.02359870714555517,0.026886645351132644,0.01624856753249976,0.020098698965713133,0.055005746286069725,0.026113776651861882,0.023540641950474846,0.02254734810233275,0.025372631799346516,0.02923219060375676,0.025003964595170507,0.020353109086795412,0.02227964728590983,0.04755715646450206,0.053194798220115344,0.027202842802764415,0.030311405086669622,0.017489578779590998,0.012820755308889435,0.017341703596675122,0.026533477396339877,0.03561047847251246,0.020265277219991842,0.022524077463171373,0.02562904701720879,0.022376249405635165,0.023576045933084357,0.020408459556518436,0.02372247071730767,0.029168571296310782,0.02393816418898745,0.026841885693948953,0.02262413243295524,0.027807847571505562,0.01512768925224746,0.01849848770754463,0.022824288391573175,0.02647062837023445,0.03219628718717421,0.019408783763523067,0.017928464129116445,0.026156087965321175,0.03454331394809511
39,0.021433665932192387,0.015582451447811096,0.021261327999322448,0.023511750100378547,0.022925022610170435,0.027087907831364864,0.027976416503392137,0.031515541468858974,0.021158765870217477,0.01912106923556588,0.032874230549100686,0.017244750569756336,0.027207032704888966,0.02496967768097728,0.020330800911783846,0.02037179269333373,0.021931170285197487,0.03197448825059105,0.03438234576442745,0.02265889886973888,0.018609290538010623,0.02057711730483368,0.028037535343020604,0.02056615657898244,0.025960359070930868,0.019271899304819862,0.022518351389175812,0.0263323384918821,0.039682277344302644,0.021362475695777365,0.029051553620720226,0.03149970900177855,0.028226051428013994,0.026434663926899676,0.034410255645912845,0.03510988900188283,0.023561183434025957,0.024002391989495005,0.02485705764630921,0.021060656347837867,0.028306893183782704,0.02723940730541585,0.01931842373912361,0.029929848094540072,0.03609538767348307,0.014433554099767747,0.03492914298701899,0.020423345745661306,0.028042010922018076,0.029288772567889303,0.02676717736659105,0.02916741407415287,0.02246000960353568,0.0217053667303546,0.041875794668972253,0.02675769807156294,0.031537882932387885,0.02620740303501429,0.029097409946717948,0.03715409082820704,0.022506293909181404,0.020878891584037322,0.01532138091711749,0.020546150643788532,0.021458420581167727,0.045738609965251,0.024579326984288375,0.01906326587018274,0.02241735054929572,0.014906094600634728,0.022790952602939698,0.022522080267535112,0.022570862731936543,0.025541447910507407,0.013159048085315862,0.02278249139832739,0.01683900144202231,0.024531692531484964,0.043888556247251964,0.01969905551507545,0.024954066231655796,0.021033026236653634,0.01753132624575551,0.023649460755002003,0.033943103086193326,0.02959569563380421,0.019364337184588,0.02374501113948045,0.022792580263257915,0.02195370883550977,0.028956535220953258,0.03315849677757463,0.03110296498784925,0.01836675300979491,0.04290002491298042,0.03453023708861446,0.0270736275151771,0.027032401961232345,0.020785022228219013,0.03087588309064954
40,0.013177893479781782,0.024731344882359015,0.02684501244998352,0.024657749284646206,0.025680439555564347,0.02743486435099448,0.02276925562880381,0.018990670586099385,0.026747081579728552,0.02349564373212546,0.022188327193728062,0.023113667288226808,0.04430735218893176,0.01902643496966786,0.01898726669079623,0.01892950417053712,0.03168730552026684,0.026439320640732355,0.02717196710942145,0.018405213725594977,0.020419568917052423,0.02191172030818746,0.02617854601191298,0.0225499658025236,0.022838744387642988,0.035615637982909225,0.010208074542460999,0.03543557091790222,0.030450325267311854,0.035282266029914654,0.023023325704135213,0.016581220571521196,0.021194123337517082,0.027723377300176214,0.02097143037035309,0.023536103401661002,0.024447926310690794,0.022512215919733007,0.022079655359679422,0.030024010301796494,0.01798467104358551,0.025550499456296775,0.021872060550166314,0.02287359580760625,0.023346922005631345,0.023734653437006474,0.01993423437835946,0.02356161395002179,0.022222361898393328,0.030982044077078143,0.02087254912841061,0.02117100502410793,0.0296795105701784,0.02201588573321212,0.01501369905988603,0.027916489927823418,0.01948344137219621,0.032162036938210285,0.02390167409458606,0.020123052675338104,0.020360991615904024,0.024850562017549645,0.02972289411304147,0.021464686717416033,0.03090101192770703,0.0196229618783032,0.01863352466356262,0.0344995001108965,0.024468379754221583,0.028375807921833578,0.036259252040488126,0.03490433614226037,0.02271725351441965,0.01780692338384579,0.025247410550573654,0.020552269104958117,0.022650494513303376,0.027272328563053314,0.020732605390375143,0.02350086400583531,0.02310060299156246,0.025688519612823445,0.023394767225145816,0.022947718675686568,0.030055068871223358,0.023639905467371276,0.01851087403172767,0.02489010046769813,0.026982721380157625,0.019806459116338715,0.028801920149161376,0.021504325095447818,0.023390840703552254,0.021069468874405146,0.027957616665320692,0.019020194783028754,0.02735302980218031,0.02578181563186507,0.02168267712518563,0.025550987050533446
41,0.032826556257573004,0.02822982871043736,0.030201260346538854,0.026595168252191236,0.03780866073668749,0.032401890554756514,0.01895176627200995,0.02426573052507501,0.026178695839408423,0.03239549860783624,0.021415526793683304,0.021234972736964428,0.02112217724096927,0.0252171270695784,0.023438151337478005,0.027390610335238423,0.02474374381419498,0.018262152863726774,0.02231867258632601,0.03057443300542518,0.03379868159485896,0.027783188274112598,0.02583837454230637,0.02534501534158778,0.037266335835611224,0.0215588117655947,0.02649023692243906,0.020921827593185865,0.02143888117106178,0.020632476604322932,0.02935126078295957,0.027742716841139388,0.020404980939762996,0.038722092011017666,0.034084963689468575,0.02469287920364504,0.02163396005925899,0.023885554145996017,0.025444875520942278,0.02408504736673405,0.014413276769359998,0.028100546438892555,0.020934709058163296,0.024232808032764966,0.023543106492832026,0.030374154630001888,0.02379158937107343,0.026160291413340267,0.02953174786599302,0.02186733426591379,0.028417056663577387,0.023908235933117795,0.021457141387340863,0.03702695679607565,0.02108250645473291,0.028103342494283683,0.02932860366888175,0.03318487709914112,0.014515416064017083,0.02364530505626586,0.017924488199230825,0.022278335280499318,0.028464863270042048,0.029058833957455083,0.0278694965599747,0.022600296400422503,0.021364949753970033,0.02335711231217277,0.017891447780935533,0.033201061617238826,0.03229447762571188,0.028645282841444512,0.024881780029561446,0.031720800835236984,0.024038117512654812,0.025171513106824146,0.03125605130725138,0.023977038983665325,0.0243766224045354,0.0505071277975599,0.030722445363325725,0.025697639955266114,0.03233172554125527,0.021230702280216434,0.02606868924124733,0.014546132156902505,0.025186878492205904,0.021710482143198113,0.03027454625989634,0.01812908149452418,0.032554673968582894,0.018923396474785505,0.023059842277008812,0.02731730826771171,0.022251137705225205,0.028600112849431807,0.04059488110744838,0.02580348505529308,0.0312674168396928,0.01879628188996354
42,0.023317927974057837,0.029979236542596554,0.022406248505677226,0.026564787219645194,0.02303875967091144,0.021412169002533284,0.026039834701126974,0.021109441721448463,0.024666772248327768,0.02061518395428653,0.032539835345636405,0.01870864264004777,0.017864742841763325,0.02614450014912049,0.031910148569342954,0.025725357009607572,0.02979360962166246,0.022802311640508964,0.026184658614775962,0.027834415868214977,0.030688729134968215,0.024949015789799918,0.016516216402227855,0.019276060059940026,0.02405103557166502,0.02464093671210678,0.018855320889336006,0.03378104243919285,0.020999688528853686,0.02662625240912384,0.01269328688326335,0.033539158246706224,0.019352933871637456,0.024532775390183996,0.02069692201915659,0.023168245195737413,0.027384405268195553,0.027265527940883494,0.013971737934304757,0.03587019585824099,0.029234587719035473,0.02675303733486306,0.024724724131074922,0.033877340359506056,0.025105638239942225,0.01635220102616184,0.025083302533859018,0.024464911895359317,0.02227311277344962,0.015109981880309598,0.019204909577468322,0.017525176024512562,0.02204882246170087,0.021175064002802547,0.03068506762930007,0.021462689490816565,0.023189561065907693,0.033908510231479706,0.02271509699828283,0.017422892496545613,0.02115364544023791,0.026271293525187277,0.01747601519290763,0.02693055032152048,0.01688921640132375,0.023026515221823515,0.0356347602251849,0.028237128450695526,0.023019325448021166,0.02729539759800484,0.025419158307147784,0.024110661794688692,0.02173508579360435,0.03024128672686284,0.02454484426579473,0.024189502513576194,0.020752471524196646,0.025031229588311856,0.025542898240541168,0.021826815327405494,0.028871924832369292,0.018375699012133023,0.028251614521768637,0.02397652710419732,0.02069316463392958,0.03324289864664855,0.021973918088824276,0.02719479909243557,0.02875703771986648,0.026940065807357298,0.021821487833788553,0.014562652712932507,0.018415773034085536,0.029455078229879778,0.02411795106282844,0.030314402298610623,0.027674745325161086,0.027640976937703492,0.019776729539209264,0.027053162874399635
43,0.023929362077461803,0.024648651535134125,0.025403958250290445,0.029305747285514522,0.031103012897302853,0.02231454414434205,0.02571148702991831,0.02560201222005254,0.036519853254904276,0.02726944931124464,0.026619319198102294,0.027210960938363806,0.01747825873744866,0.021887348086610085,0.019768449057388934,0.015518495842670746,0.03164969419214312,0.02564249722584731,0.02783078402250206,0.023287525116393034,0.02838377717017289,0.019040749445319943,0.025059421470760467,0.024429200918130178,0.024629461200106437,0.02383219799425803,0.028529112636184087,0.02373245999584719,0.026076473525977795,0.024583675014524686,0.03469172959217149,0.026087451902598698,0.02088845357209617,0.026114016807254406,0.023388858072455672,0.018497806743850726,0.029380926374161332,0.017671497980090645,0.02519374400642573,0.031694146373722816,0.022762652991713542,0.018585683616059053,0.02174718024211793,0.025238901710907407,0.024198712559371068,0.030545158617367302,0.016489741833504122,0.012506425172593077,0.026676944726081828,0.029125282301917764,0.022933442241896154,0.020744837648532296,0.019781260423895757,0.021380130140812158,0.023937835614427794,0.02983157713649945,0.027319398583511987,0.026610764587820426,0.020928989475177538,0.025573485914691926,0.02757916055153691,0.018342439001325563,0.02800455880286593,0.02524973366779781,0.02323897372142668,0.03168548336207905,0.02459324606196732,0.02056284404169024,0.02522745526564375,0.02682194211030795,0.02152345489396202,0.03330942828982939,0.017678034715136022,0.022600661644855836,0.022245210869802485,0.018081698398992093,0.027427498226104307,0.022775763757011964,0.03081604678476573,0.020639909415867932,0.028718504114021246,0.031261398991424875,0.017733479259732114,0.023638737288369398,0.023839917784682498,0.019227564600404364,0.022156189378560523,0.022047036827725727,0.028238819563094087,0.023324729040829054,0.016849774687145026,0.022851908827757072,0.026744475214428232,0.021519177036969678,0.03019642512495981,0.02687950454095257,0.03359793234396759,0.02834613379127421,0.02822196646840161,0.0256191327492965
44,0.0266272583300803,0.023227137586966064,0.02249927880403175,0.020304565403385075,0.036906917832851605,0.02913990349934051,0.01652704134093506,0.02307187466340355,0.03046822582093865,0.021720594948689723,0.018443769038036552,0.021995179247357714,0.02658474282290798,0.03386294791068084,0.023454903622579723,0.030162185316745294,0.026495748256938137,0.030943641695812093,0.02887217945099275,0.028099965470937082,0.024086921487762147,0.027384803643462425,0.03425996814591103,0.021275059459014544,0.029728812240255195,0.026823201480081955,0.02987359637109113,0.026191420808411237,0.03296893170007192,0.02555205436725734,0.02003328235394816,0.022658279213060854,0.03040584201644735,0.02243477483950826,0.0295743006394957,0.027727366222706187,0.03747995663723961,0.02860810310815895,0.02075773958758038,0.026695756664776464,0.03137763154994483,0.029910159429294224,0.025186588900912563,0.020880482546238747,0.025303952665363286,0.02610202459363406,0.018501974888419894,0.029703549196967258,0.0370571162426488,0.023229768792867343,0.02408567752125411,0.021688723092920976,0.019638224094577723,0.024198706592820488,0.025408302045316578,0.032540971792261855,0.02453390766434051,0.03419325477220588,0.02118077337811028,0.030327750724725877,0.020472318236358755,0.028222249952473626,0.029058536631474806,0.02671842054878682,0.027027377766706783,0.027093462354930667,0.025974975007369352,0.03224326401294101,0.02969406387854668,0.022657206438869214,0.025908449141234705,0.026403978900568705,0.018676327860177328,0.019267663506268375,0.02414048430219505,0.020679939316188712,0.03095967979223817,0.018409561914143616,0.021095981256695536,0.026064128388881752,0.033850705149957104,0.02814450788081134,0.030299700004636484,0.03237521425503172,0.030834088324101155,0.018077318427442264,0.027100869149868166,0.02299483916202225,0.02715304453427939,0.030521699111776088,0.028368588046633406,0.031741058920003236,0.028005831187584845,0.027290103780529495,0.027258004412965147,0.029537571936024562,0.026133044433171278,0.036782424516862,0.02423298125841881,0.03371938365321043
45,0.02128216554244109,0.03184350013129764,0.024623786514532377,0.027843983567874566,0.030734362532300025,0.02988136492850496,0.027222944675011743,0.025804906039194875,0.019980643901181566,0.02347706139059007,0.010277521251607021,0.026449491509806203,0.028284167522098953,0.024674615183831447,0.019642542795608925,0.027636247763215133,0.023281577290235198,0.022785305894857225,0.03630190310797284,0.031340494280029677,0.03659162000337913,0.0261230476429173,0.027418926899897056,0.028270129126917454,0.034421427705102606,0.025976227388397,0.018057457957743165,0.033759977718212916,0.02896852596022536,0.027456346722764834,0.021515113792429263,0.02331266832604715,0.02181709739027957,0.03059728204100504,0.02865275382923641,0.030938082102071187,0.025648387164358525,0.02725112422901206,0.03043882381001808,0.03289617920628443,0.027580533466067206,0.0227739953990784,0.037259426453537366,0.028705780467808265,0.02312546888075737,0.02981028088036572,0.023256666453389783,0.02483512889027982,0.024272818563679625,0.025441102319940515,0.039197136670227006,0.02720570099696502,0.05331954620537791,0.039012230743864236,0.027896641888079235,0.02838320777084098,0.02944026821789942,0.028546666016559825,0.018167192116198837,0.024644521205380045,0.028352605318653253,0.024551246235950053,0.026593688821029776,0.02617975044743303,0.023454323486072206,0.038375659389973074,0.022375675948734967,0.021126660155201784,0.024325159298640302,0.025364231233083498,0.03968183787336861,0.034544180971567626,0.025451542560830712,0.0417895377531192,0.021334409917618945,0.023787628569569397,0.03223814182274465,0.020219314339189793,0.027754308245495015,0.03069434251634382,0.020525873830739654,0.026228872920066294,0.032238003423798595,0.02152277075302813,0.02926538534904863,0.03080895574717442,0.022476326578647392,0.025422289649076186,0.024259661791745893,0.026269757876049342,0.032333419829156176,0.02905852897411387,0.021300698536105216,0.03145733531791028,0.02458603829079942,0.020142415261435453,0.030065924657971668,0.031408339092179584,0.027188312689172225,0.02812216322532389
46,0.024318093279698985,0.02441314794961715,0.02422498059272843,0.026896299461152868,0.022518586398699518,0.034119489925110484,0.0322668559139031,0.027269566934821052,0.030168696359889658,0.01856581706267501,0.02871000659794696,0.02952505604402143,0.021652471052945193,0.0265121199091226,0.027569889766713544,0.027051177836955934,0.03966014102707697,0.023756731261249275,0.021669687471732185,0.0213850939995393,0.021156800638755375,0.0240920519981659,0.02852521518942646,0.021698597183479672,0.024583342044533777,0.03069485025126831,0.023754486616666383,0.025005823239617583,0.01772186101336962,0.02877393332728742,0.028142334826572205,0.027557395378626472,0.03145827897547291,0.022462674740984012,0.019958115665182793,0.02290104798501836,0.02629358022737948,0.02656579834545646,0.025675398285475506,0.015561875481580032,0.024672352126665777,0.02977692583556006,0.027148252208214946,0.027819205849602225,0.02867622433666571,0.02917234072158846,0.02069932868853283,0.028281121895366298,0.017122940503712103,0.026237944955735247,0.023019520318736292,0.025490261447870567,0.028126315480043174,0.026802852622325787,0.02056755213673561,0.025736156364333247,0.03248979084505379,0.030788075564741824,0.039397359028560175,0.03527570456379908,0.02086752095280325,0.023020612965019636,0.02014682163188365,0.025223167033105398,0.024804794346896693,0.01993986545733724,0.031958804720659435,0.02003364857382955,0.029250804025003047,0.03657439703502675,0.02632853412937683,0.030277651424660833,0.02451235507229589,0.02617491258198472,0.02566298584907408,0.035298248716908585,0.023682002202916053,0.022874781170606363,0.02091367825117934,0.0352463232060608,0.028152033278021325,0.030894941956440183,0.02864514730553001,0.02426572427751209,0.024870217935171402,0.024716426051046226,0.02831678837598695,0.018617091241433893,0.0130564083911183,0.03051441499438131,0.019270806078213385,0.021881874600259515,0.024008799017236522,0.019239334066415915,0.045725191466576345,0.02654290321799761,0.03450551940054949,0.020159526954037253,0.04127705910296387,0.025616356112182843
47,0.034402003168346636,0.026255329658346472,0.025382123156853537,0.02690711118624838,0.03298388157656529,0.023805668344546175,0.02301697193431037,0.02693621531394663,0.030314305303813547,0.02844690843567219,0.029850048536203943,0.02565406903978686,0.023876286553306834,0.03149923397271093,0.03620617762914084,0.02084891194696888,0.021681510108008457,0.021784008413281885,0.02967966515111625,0.02159887358267156,0.03002250013202751,0.0266083948002127,0.03061673930702005,0.02392969381264962,0.017706826948205415,0.03499437705656522,0.03129398074378445,0.02272870768270117,0.024784282417780367,0.024128283812643498,0.03231265747807711,0.02829034244861312,0.03197528654104975,0.01967752806239811,0.031875974907817774,0.028093454824368376,0.02670664386671643,0.02797343272579364,0.021165586418260524,0.026765634819939207,0.02532512858722392,0.027650162478737597,0.029204017132789088,0.02653597865840712,0.025054572525448557,0.029796021541784783,0.03081681528318415,0.02692430373274639,0.023586481029145845,0.02709991569383067,0.01953476100533878,0.018643226883010722,0.02253543684339639,0.029825607479302255,0.048596606302966326,0.02753204736759043,0.026421793574286832,0.027252030734369687,0.020673424361309093,0.01865427360016305,0.026210241423269543,0.023991724744218415,0.02186110803104454,0.025797609273187274,0.025451158535682566,0.013388872330560542,0.02471162811139988,0.02265333828288413,0.023647244879385375,0.025356788462568072,0.026346592874568402,0.02293607412925714,0.02183393953754772,0.029764657589808067,0.02788572860041831,0.028933442563361247,0.02654674059769284,0.025881016897311367,0.0258158486089122,0.023988635747648226,0.020424374140246025,0.02523479303292326,0.02842218362176913,0.018960663070028208,0.02840750472356221,0.031895022570583006,0.03039787138185708,0.028833868248829685,0.028880277376853582,0.030432623157141646,0.025093636900780314,0.022249465608304077,0.025837146497004155,0.02746886603825731,0.0332859712563469,0.019899972773445792,0.033702932192128734,0.026324130893703775,0.027733508047183414,0.02864287488835684
48,0.03393928516762542,0.03736456024958032,0.024776163750654088,0.025238230496506493,0.02443851777939012,0.02331075819497845,0.03261395447897349,0.031007645124601448,0.022285834026328354,0.03196370473928669,0.031185883535696776,0.02448627946563952,0.02839039712422787,0.030430463204823326,0.03310830390769547,0.024142295368631637,0.024080037134466877,0.03343318021243175,0.02477018450396567,0.022625631362664142,0.035749204846194364,0.03684574709851624,0.01825977048665023,0.02883098825411223,0.03169734149627431,0.032015027008449895,0.031242913119317203,0.02394240505607751,0.02528549399373484,0.02290217432266405,0.035847070577265897,0.025467304436949216,0.021788844227225417,0.02832159148905133,0.03023309096431925,0.028235409360549687,0.018782985047979782,0.026338806548053904,0.025692591174932288,0.03334749856068909,0.03205568474306767,0.02456100920313389,0.02837053959481319,0.030974806881775355,0.028457993330783436,0.02240018177750337,0.024719013563877457,0.027482458542994515,0.03107252629139787,0.03004600072520125,0.03519512090185268,0.03110688583662394,0.04275353235768736,0.0356118703191289,0.04383910702100865,0.029007065606840906,0.028032456527257825,0.03399494400359033,0.026107445245684882,0.03925159219517873,0.032299753802849156,0.026852623645711338,0.02078512471460469,0.026240913982067075,0.0228102376420347,0.03584291941789768,0.022826003519465243,0.02086043258960399,0.028748612637341353,0.031819164221444936,0.02920233107229169,0.02762388703636718,0.026233625186986593,0.031937486876457796,0.030865231934115053,0.026008013122264858,0.02726251203444076,0.03279559735707077,0.03437832925179423,0.02525613932642523,0.03553608429640776,0.02305029132976476,0.026084805805526343,0.02222085147951876,0.025375427561777963,0.03479584551606153,0.022696743377001144,0.02542767156087729,0.026206969527320663,0.030138382719872587,0.02952327810306353,0.022250446806843533,0.03335377972338734,0.025436727230506478,0.03355316222620681,0.02609054441129074,0.03738375576468363,0.02138025542866414,0.03524501524755373,0.032695135868660005
49,0.02522670463722043,0.024806200228264737,0.0323067382890421,0.023610048479617844,0.023508800117935144,0.022869586861191577,0.020627883406732096,0.023304819054213166,0.02470412919748281,0.032890039420239256,0.02750317253632789,0.022580051409482483,0.021472144457110487,0.023863931895906763,0.018687962302543642,0.031727918789446245,0.02151064964087821,0.025381108799501517,0.024744743167357783,0.030464250336244194,0.022452811712025168,0.02884768762616016,0.024837263967700578,0.026829919996192438,0.024470578591908407,0.025589359019851883,0.03022228916591181,0.028027796991325543,0.02134899002740711,0.021585242664493045,0.03809225582760014,0.02759636053372293,0.02982584715896804,0.030329637818691295,0.025747596522285452,0.023539471741550414,0.03239824329274797,0.030052833102019335,0.022512464980676983,0.020018221710997684,0.0244657696417676,0.025175240118057798,0.024726304377769792,0.029236917312127603,0.02415455190239002,0.02103511896343035,0.033003841018847686,0.030053677339134183,0.024393907255664486,0.03051178776927708,0.025946072002149278,0.03174926637445531,0.02520166600054701,0.029907759357670382,0.022357001751041494,0.033254015241233476,0.02150691485452644,0.017689677874676926,0.03189314969280055,0.030267788369140146,0.02545723077498675,0.028336376899001793,0.02453679094408493,0.0302082469082191,0.03572670921457089,0.027352509689707562,0.02527477857290767,0.026614069133147344,0.02317678667330637,0.026269084815961994,0.019340605474560766,0.024970860628750327,0.024936159670339377,0.02812686185035333,0.023396344776701116,0.028368257536756144,0.024522798044465575,0.02521252593151884,0.025856492203431114,0.026716665439096454,0.03139977002456932,0.028364193825884718,0.026943679820993216,0.01946847913748245,0.028457936574764302,0.027483228022273775,0.03426569785278042,0.026588999974749672,0.01751861238366534,0.018384341428764942,0.027917033825385826,0.030813242818082485,0.02383382437725662,0.02677192005573454,0.028672949413834928,0.024545942883775897,0.025600078268617873,0.027744463828688826,0.026976199844237575,0.021123929301129947
50,0.024510391157001214,0.028640960276720952,0.015783565476438506,0.022404335604610748,0.024017848861307894,0.02885162603638123,0.02324610263469516,0.028928381209954255,0.01914886857384685,0.021551438203350197,0.03421777198779235,0.02463259650239229,0.020383933602108932,0.027874415822109474,0.018842977112811354,0.026349535211095884,0.02128132823162279,0.019077853219100518,0.025054980010535827,0.018803693862617443,0.03472688336740884,0.030551047981009126,0.02520545051772904,0.027895473071749152,0.031238678654505077,0.02652482858495179,0.022127555972675125,0.02857542587331691,0.024528045385004374,0.024290773399543927,0.028746310537658235,0.023510130317428934,0.027445789879484293,0.021846712985884316,0.0344795125947987,0.023825940162728307,0.03260735125769563,0.033706837703773154,0.024158647829648636,0.0224331428551133,0.026998485034396856,0.024715260143542507,0.02080530356439161,0.021744991326024674,0.026923665864126287,0.02532776932390066,0.024365353596955932,0.02840938834679172,0.024672623894134216,0.031018491613549744,0.025728212980399838,0.02227806908452604,0.017439645997606983,0.026802472016887156,0.017257320643686257,0.02616134804562187,0.030248269652261475,0.023025539906483868,0.02839535775029132,0.022388913598057694,0.014882526553353332,0.02190104022828664,0.022598715320301083,0.026975181444585144,0.030742190763453633,0.031894775617067994,0.027388749695081406,0.03878789569337354,0.0213563423710211,0.022893518646040254,0.03173400418522235,0.025238119843869374,0.01842278206508351,0.02566856603785035,0.026473701589205572,0.027368626475113345,0.024352954282749074,0.031809235011840874,0.025245996141848533,0.03218135892577218,0.0333621663226882,0.029405106457517396,0.0219103188672227,0.025234102613894797,0.027441145830857952,0.02500635680074307,0.026605474699744114,0.02755050593507769,0.03246007209444498,0.02320433242813723,0.029181802462616882,0.03135204347684313,0.028889838957790237,0.025200074473816874,0.02550106357936498,0.02996079882227096,0.020999316714770847,0.023137655098981115,0.03428589975322903,0.025990801816523718
51,0.016775226218597672,0.025404111403431483,0.026575071456046744,0.031080979391596396,0.026444164536708212,0.026962547021494494,0.03205652505011744,0.031137386423395873,0.02287969294511517,0.02010517289234478,0.029779915611661417,0.0205609007124636,0.024209960003738065,0.023516342196889455,0.0245049390009995,0.022106757115691232,0.027905338039491984,0.034363189451733764,0.025791823810780847,0.025642521918578878,0.025811248794829038,0.026464145100277125,0.019980426036142727,0.020846453574875044,0.032677787017212544,0.020261466631537314,0.030386811452563302,0.02268484443472943,0.030002326903162884,0.02962474866882402,0.02295800905239047,0.021913307062390346,0.025576105744734064,0.03095416689286972,0.027738371573308513,0.026852281441313363,0.023605494228434463,0.02421862198097177,0.020952632799771453,0.03125547081192641,0.019292181222391413,0.025462731829781437,0.025447229586012098,0.02574827459682733,0.0199526338631417,0.02742441621535765,0.026430811529744053,0.033984471439232895,0.024786867249538026,0.026102002624717808,0.019212264704892998,0.027209638639336862,0.022467397395684666,0.03380243692859326,0.025312854272505854,0.02564232421429851,0.020097372316616017,0.020439900620277653,0.027469390113185128,0.02202568435886063,0.02327492219267002,0.023516317487264224,0.02795231905635603,0.026710593902543933,0.021197446748322475,0.03089475550386184,0.023448228405263647,0.030450367678541475,0.02811179431731649,0.027528022556285812,0.02752934996126522,0.025154404136686626,0.027844046861723967,0.018999958938745058,0.024494174730693773,0.02336877866916267,0.014221678670748384,0.0242300488378373,0.018856009088396776,0.03133744650111606,0.021867163719331076,0.026994301890121235,0.029609455705313474,0.024750670887204767,0.022394022834514058,0.02784939799919386,0.02767987595283736,0.018956784602003476,0.023860963925196352,0.03291110539155047,0.020789541917828523,0.03242032687758466,0.03277803532401772,0.018903240053055385,0.016951295792029846,0.02953710142190541,0.02091560870437777,0.03314185586265046,0.03635951864542945,0.02116090159616455
52,0.030656118199786957,0.03910595933831546,0.02616883458979511,0.024207020762660042,0.028696489802639006,0.02752522614487611,0.03207203210161332,0.025851528597318547,0.019296837799857493,0.016959399269351944,0.02819064385211554,0.029383911168766347,0.025559758093134332,0.01865368178709865,0.0225474857667574,0.023399032291606253,0.017495515894150014,0.02726173438899225,0.024985091136300444,0.0234141946838846,0.028086792189995734,0.02810496522922731,0.029636270171552216,0.022508946212085996,0.027587394413143475,0.018678051591696065,0.022932774114537674,0.030479973451189253,0.022473690440986727,0.0299425914358061,0.020694574185250586,0.01720483343656796,0.029521256656653023,0.016538064735830003,0.030798441978235152,0.021831880160738226,0.019097387439154297,0.026039521696024165,0.024060328746468188,0.025453153713952556,0.02658181853794289,0.0243428666648784,0.02964888641868451,0.022402392974762618,0.025143800775179716,0.02463314753950708,0.020766551383845755,0.025390767519206353,0.009626897829460551,0.029642570583197993,0.025457845809989395,0.02482269740220633,0.02200404312481005,0.020897584083888306,0.02013210372329173,0.03029610643537029,0.02421417194627476,0.024714256396767356,0.02422663802984306,0.023956894429617022,0.026109500908635033,0.028512988416079132,0.02354087246590448,0.018680461666879148,0.03553135498818847,0.03321554895704491,0.016467317714560233,0.028226560415747365,0.03131555714854763,0.027711936558440984,0.03046344048533831,0.027190321726235055,0.030952019776122396,0.031181553313500754,0.025555732699992135,0.0159652295778075,0.023681702543639948,0.03002323176752503,0.019407517340994097,0.025916310965302655,0.023553933883881245,0.02522357318937527,0.028353997887882464,0.027554647073062523,0.019290086053639677,0.023780419287002568,0.024215504777416574,0.028512663986549867,0.0262564853613004,0.022538661131937712,0.03352075685146609,0.03455318634874136,0.02475653043942334,0.018312900800867633,0.027059507432577602,0.032880975000649855,0.02339385023463289,0.01952386442510344,0.029907808854512805,0.03255579399906693
53,0.04490921909502545,0.04030674871280182,0.053731485086524866,0.029720999437299476,0.02927436025905174,0.035484874954256576,0.019590074551000102,0.026064252784838062,0.039325423352733736,0.027793589060945416,0.023025988275065048,0.033683874444807055,0.025854031117896827,0.04240272684707294,0.03929750474438225,0.029541290269628113,0.029133466499853333,0.02748046116888349,0.020969678624280307,0.04451674196987489,0.029316131793285575,0.032980142687635806,0.03291870939408213,0.028342316528597027,0.018768551581342056,0.035035612562972135,0.034065760307930314,0.028797624420013497,0.01795855939026554,0.04821315979940369,0.03980594593678333,0.023604053896674672,0.037318782951175286,0.02632814951576973,0.04019365900525776,0.022246285299985725,0.0318172586736946,0.02966124134671987,0.0314532392308111,0.031147400203972952,0.026180170345921315,0.039505299735698655,0.025547450905879412,0.03585638316055246,0.03223871887831749,0.024717581366135017,0.02292689565210432,0.031643577962408756,0.02949193555113144,0.035865784231327684,0.02925076410063932,0.028508597440975822,0.03390446860919031,0.035725187293691105,0.026818992839711616,0.02118259544341845,0.02833243019290802,0.023087615949956303,0.03823351966967333,0.04679671584783568,0.02787426825221028,0.0375828259238554,0.031141957061614052,0.029595773435759247,0.026261668848572714,0.035968427359269584,0.030346734831020617,0.03558230902392344,0.03831513286762869,0.039810686848427805,0.03031065599711975,0.028037970964880716,0.036112639240648683,0.02694114319955712,0.044958548566570014,0.022541459487533107,0.02556871041059208,0.03025383293415098,0.032327555169187575,0.033919846778903924,0.03784455298374371,0.0354812699093435,0.026763201719489028,0.042272863862129355,0.032602832442653135,0.029765323724206358,0.029521520052326042,0.0296699394388786,0.02244425681836166,0.030787153924326776,0.02410644018620971,0.030892488615503786,0.03338803743298795,0.026068349474925017,0.0325463501806143,0.03506515046051905,0.03066688189219132,0.03601368145565173,0.021119013187898383,0.025400470844645574
54,0.02719373814020613,0.03783265021593815,0.03643735350770998,0.03647656202447394,0.03629700458601568,0.03334198216050917,0.02809605599653067,0.04155998821463322,0.035457944100093335,0.026535519697548905,0.03565238336339032,0.02877959901540791,0.03721821345609912,0.03517277629250345,0.028181489140220235,0.027861897130084377,0.023940370107679066,0.03606459430056344,0.030213570398096645,0.025057295212786806,0.02388985637346645,0.025099873273697934,0.039157465049540076,0.035545302865195215,0.03561056193881821,0.03950191177990438,0.025911961689676646,0.02217676023781285,0.03770266455540012,0.03517120491857338,0.038964660220766535,0.03931548750433277,0.024275443086884483,0.028025701093766186,0.033668439215127334,0.02193458812170763,0.02232942630840415,0.029074975315183053,0.02936789941954078,0.028834644153007575,0.035850150409375676,0.029423535971151906,0.02945553147972672,0.032499291316528824,0.03898502200054387,0.03865500039318063,0.03907910769388037,0.021547687860084007,0.034873620749359124,0.03405722194416125,0.030966234918579826,0.03227568579096051,0.03915505587789835,0.029561010616864513,0.034297677018477774,0.025549239869262642,0.0317356027898831,0.04004351113160864,0.024746307129382424,0.02915832353135894,0.022961858040386227,0.041341024881457106,0.023292898605026813,0.025318812085598278,0.029618124766904248,0.039281609745941526,0.02492651136161586,0.03720014022617507,0.0408079572024998,0.02875518777224533,0.021834412336640012,0.04038487142738144,0.03561527501247406,0.038671051239834074,0.02886433575829117,0.031173346147433084,0.026565474853093605,0.02870016910644612,0.02449889646396782,0.03216781412383231,0.037582700270023923,0.031797007594847236,0.03893098655127499,0.02905729129554363,0.02207540780550781,0.022819408331159283,0.03218250172544688,0.02145116242110178,0.03795065747203505,0.029225615789139767,0.04230908285221998,0.040097562490730126,0.033499859205666914,0.022804104938831365,0.035922440294740336,0.02778848662585785,0.02828276859884327,0.029197646808249416,0.023083631485097404,0.021116097833940237
55,0.03905990110344176,0.034790366038082846,0.029863735330321738,0.043117285596699806,0.03370547574929089,0.037031836614814455,0.028403078678442828,0.031191020543658975,0.04023102080723347,0.01892652949465965,0.03577919864454064,0.03845622555752434,0.03354273909357226,0.03949926106195947,0.024090669310903916,0.051393511963849475,0.03393828100159012,0.026121644555329445,0.03255976209980759,0.02818850926430875,0.03566617880762907,0.0393488013444007,0.02145520309885008,0.03586622278657073,0.033007246661790904,0.03752096171212041,0.04275350759610356,0.03660390224103349,0.03920785474701712,0.03442180190633203,0.040449201708979594,0.025709551148413626,0.03017259770441906,0.03653700070967867,0.03007493931077622,0.03148912488538517,0.03494590394152011,0.02463928647204732,0.03330276214495486,0.030001965204698222,0.027954811437393597,0.0252803647006904,0.037739096101958934,0.031719652842798526,0.030517391933619784,0.028149551145674464,0.019427474015208748,0.03209046840995758,0.027835719938857518,0.02470206767685398,0.04977812342937313,0.02798509697040101,0.02644599080897128,0.043929537013609875,0.02451202275608465,0.03766109159360423,0.03505489617499152,0.03160605958719652,0.03264567376633155,0.025921992570004698,0.027816541313482393,0.038949993953499476,0.033195876566160167,0.024065239268876326,0.02820731852291088,0.030286438254573354,0.03417529073109221,0.020139345405725567,0.03845158110958068,0.029251280823832906,0.0331463605049715,0.03502928512586813,0.028828691031929185,0.035068522528443356,0.038079060192058714,0.029882489981201958,0.03250776921300459,0.020032630944991896,0.025090235264836048,0.032942579328679084,0.03591459244814732,0.0273050143572248,0.03015702524406792,0.04095714629617171,0.04264260728375435,0.037585065832369896,0.023238224645789514,0.028568533936015123,0.03349502011606797,0.02363264938492162,0.030043374076232907,0.03831375884816338,0.028233185493228154,0.029894983037691406,0.03905987251932579,0.02727588899578053,0.036526675069285634,0.04414101275380723,0.03683051225334135,0.04060435176288336
56,0.03845942418545611,0.036153292605574656,0.028859987918691668,0.02636038863425332,0.031601886881228974,0.03999431772166988,0.034366242701729804,0.02359506745229356,0.035129682243416394,0.02649683543092334,0.026695978318513145,0.03649624967102143,0.027517705464015083,0.04134714726906721,0.03761638273711252,0.03815625469377284,0.02940922400179921,0.027742857523543715,0.03076886908168568,0.03241831852823067,0.022829453816877614,0.030691630175175105,0.027276341500306518,0.02543233679966775,0.022608393233024902,0.03205030651676617,0.02955010073888509,0.037266880024109536,0.021369707956093567,0.02918364972463068,0.02663530175986426,0.023598077365210555,0.038464005932156084,0.03264074693836176,0.023832038733253923,0.045641719652909835,0.028244051888343506,0.031690385293285335,0.03947500580340311,0.02276408847801621,0.04361499532455202,0.03475225090619718,0.0459188139025946,0.0319514042359388,0.0313402826117898,0.02340286656294184,0.031791547752513395,0.03543850562890663,0.029244843737399582,0.0237897245433111,0.03873376546862638,0.02977854521576341,0.03333942070761546,0.03477928866046796,0.025546520087521063,0.02710082938622594,0.02395526267329305,0.04084702942077883,0.03747590494354702,0.036807375731173445,0.03985332527061628,0.029911914693777977,0.03411407267209458,0.0276337472871724,0.03049563652908052,0.032428521862310204,0.030246291839779685,0.02545024710284708,0.026407077814418502,0.03397851484997418,0.03329259952570649,0.0228577417892617,0.029536798799799105,0.0233039852596234,0.03592912247678593,0.027600585346299833,0.023805581625957584,0.028140205219044777,0.02777434508092507,0.030653636467508284,0.027794230222059225,0.04623472481098257,0.027574619725110702,0.022961088406429665,0.03344199316381372,0.03974155461277355,0.03546694766433375,0.046513466312741954,0.027671503788436067,0.02888333537542342,0.021829080643195848,0.034828366569009596,0.03578219067742588,0.03789001923036177,0.043030615208363494,0.045909637795150796,0.04624756319152524,0.03945794712888841,0.02593838195312228,0.03410876594101549
57,0.035435330561426365,0.044467662100522484,0.02942680092420561,0.02618681893799685,0.03274803641295883,0.03483911508172227,0.032936366763609434,0.04346706013352729,0.030423599796481904,0.03142784466800334,0.037741299229233416,0.027542405928208294,0.037431788658218314,0.031594889453103625,0.03936713563500704,0.043024307270303985,0.027220371055632728,0.02248148045838576,0.038663064233278775,0.03720423539263245,0.04147242353498681,0.03608134406706444,0.03207833767373149,0.04092565695590935,0.03033753100968731,0.03513016457729608,0.020490904792587226,0.025972978375070337,0.046338512167774716,0.03161485121092597,0.0361494087104114,0.034693864182526554,0.030768168662092615,0.026770982719004917,0.023946767694936547,0.026262522476770973,0.032247385486830385,0.04038341583538826,0.03951939486837458,0.04163325556968169,0.024442960640169285,0.032321171938099996,0.031226187854830337,0.027965041734762247,0.03471378357440798,0.025606961386617076,0.03835591990402022,0.0331428292834087,0.04041161793151699,0.044454920522645255,0.032064751510073555,0.029910012581314285,0.02643082185078745,0.03432397449222758,0.03247041038432051,0.024755682717805316,0.028764426032897878,0.024074127562032855,0.03753958393481836,0.037216985027129355,0.03585946670525862,0.029164407667570905,0.03326789846889639,0.029272463506830347,0.031965638850628454,0.02569312030931584,0.03518560540063647,0.025835277014887633,0.041372569321202826,0.026745284183302277,0.04459280643150895,0.025639307972159135,0.032607406956617825,0.03400428906507005,0.028900717822234065,0.043888301663167734,0.04013423584815206,0.028215951390864337,0.032248600997879226,0.04451245420228596,0.04686412773554127,0.027367792318671858,0.031871562182077616,0.041787525575551265,0.030064622491580727,0.029419484977146432,0.026527998082358086,0.032667445835098195,0.037012244797694556,0.03384847827725853,0.029342480463135517,0.03266343258514295,0.02165084196931649,0.0435176716494366,0.04835235839974283,0.03258317048739451,0.03942757613880451,0.03604501673890806,0.026900045887433357,0.027243300663205013
58,0.030171038576678112,0.03632572378988683,0.03674086749500541,0.03460265708981956,0.03727818826049395,0.0310012127668147,0.022034157990970325,0.04118163155603579,0.042370977461802586,0.040659779224319334,0.02879233015782027,0.04295610784556889,0.02532568934181136,0.03180292190701536,0.028527225483332485,0.03386923146693555,0.04085984536979959,0.04303266962950303,0.03537258658731312,0.023853681773975212,0.035722415775384556,0.02554716521260903,0.03385055354838908,0.027543329547302365,0.024801140742293525,0.030957211882757497,0.026671424831200812,0.02531080735543411,0.028495771922458286,0.04060268960981653,0.039229576910682094,0.03560410635909044,0.017408756794751117,0.03053775452767137,0.030720218669285086,0.034060024364560036,0.02517904912864412,0.02321535953553096,0.030613351961175723,0.04420600652330396,0.03131618050690785,0.025779949835617884,0.040480801572862914,0.03967033782712198,0.023906348504574158,0.03630562402861893,0.0388740864696896,0.03676861480745557,0.03378483371019159,0.04322871338540788,0.026553079820963818,0.035893448951389344,0.034902225963248726,0.038887432753523125,0.028578365672027435,0.03420832806227677,0.03133391606815345,0.031367421277925404,0.04006344497737574,0.03774419382031093,0.02522879236560614,0.04028249796100864,0.030736762246156454,0.025452757488013813,0.03719531292882962,0.03103794441589748,0.025391474528103312,0.03339406111802239,0.0240776539705932,0.037028800668853355,0.036098320657729936,0.030028896308356565,0.025339661223916843,0.03282917642965486,0.03856953891531249,0.03677873020921088,0.0436456635343777,0.03385654969253931,0.02749031142507128,0.03170431347505532,0.020639338511558906,0.030924908171407067,0.021223682290923154,0.034178139960303604,0.029670448995374875,0.026696762929415557,0.020349753859981567,0.02842700732084168,0.03662410155920449,0.03666282414229993,0.031226048803763843,0.024133352209982844,0.04061556338711323,0.038055638547143104,0.024187918683464867,0.02827757963479219,0.021158910695283827,0.03293048946055507,0.030423440151334906,0.026797729534763587
59,0.03559743107577916,0.03590615789588785,0.03729982122252773,0.027099757601843494,0.0300040101924277,0.023137335786133188,0.03205473429099643,0.01957031635790807,0.03426867728962304,0.03277000842890917,0.03877144801120411,0.0289738724936696,0.03953137312854511,0.02945647945884471,0.026280677437836502,0.0320244569556535,0.03237238128890478,0.03264794186436151,0.019045810076306756,0.027506785829281594,0.0406697477629113,0.02764642648615059,0.023112890271413583,0.03259858719457912,0.02832900272412544,0.027976400711690948,0.0403290274549324,0.023145358756526808,0.027224257307826866,0.02296237210046983,0.03897964090481901,0.028751861843700415,0.027397762886164162,0.026546215142862217,0.023842576197234965,0.041789198621953204,0.02876429069060417,0.03578905625434399,0.020657330839408145,0.030342020303864056,0.03823533433535218,0.044774589256924256,0.04107308690847953,0.04272329505263233,0.025965298887244682,0.03293879381354766,0.0295826852787878,0.024917161066742032,0.03743320468404872,0.03357527652323742,0.03268971479613361,0.025157699039669176,0.018144520273307794,0.02587526771417362,0.020519625063817194,0.0351909681679704,0.023078850430015622,0.0237637882574512,0.023610205598331876,0.023974456124755364,0.0338703866928813,0.032770981793915244,0.044741575209991065,0.03759642239529909,0.02599931748803002,0.02746160714016582,0.03760472022801437,0.026706748518151736,0.021473981687065304,0.018504358657702835,0.036608741861749595,0.03786818853130527,0.031928607106998824,0.027526125317063967,0.028000672358940656,0.03506543256137598,0.03618010867233891,0.0252588406489486,0.02715972604504142,0.0333803022065596,0.029030571834222328,0.036199757075542974,0.03993611862493597,0.036976599990952534,0.027025875576298486,0.02906770091068177,0.03579715533244682,0.03803836694160071,0.023537849310745027,0.02281503072605869,0.02326071834265622,0.038655578013447794,0.026826948879424765,0.037251108854406856,0.025472053653300176,0.02502328478352405,0.04324577812923746,0.03577127117819353,0.03529308460022863,0.02360889245442809
60,0.035999805219660376,0.028948865964568603,0.037889486857144695,0.02602850862462384,0.024377586679144626,0.041674816336891476,0.032333797674210206,0.046420576338293,0.02971466660326815,0.030202302048715823,0.02427061707653902,0.029025887109652485,0.02609750519594523,0.02816090803929434,0.0484263790948473,0.04251437230719692,0.03111932602220344,0.030806985803581727,0.030043712116449402,0.022283002224917824,0.032556065438845275,0.04550998936419651,0.03896947632743616,0.033487820929307494,0.02644461723558509,0.03143773721015573,0.03742511703557897,0.035983195846177596,0.03614999125708296,0.038010816965192935,0.03989103889466815,0.03707440118443986,0.03856672760280866,0.027666179356178884,0.018687876476085104,0.042220851667803705,0.03418423490508452,0.03156874422933957,0.028554158863602772,0.026412721130064876,0.02488658588687975,0.028973694470071865,0.027632215610393338,0.033682817323986,0.022790072698353436,0.03208954352188628,0.024479754060966214,0.03886526293409797,0.03071490194013825,0.02381213562247221,0.029879201803335743,0.03697384389572476,0.043450636412297336,0.032926940846325435,0.03359118836942937,0.033019080062701475,0.027822993585976417,0.022334105366690983,0.028509160387991738,0.03259741495854931,0.034149067511082,0.0327762899839657,0.03008755393356031,0.03251176445793445,0.030317065051911507,0.02545781600899443,0.020732318807954113,0.03278040489963938,0.034327186734855304,0.02922147957195637,0.03898352550846092,0.03427384639761199,0.03683950728301759,0.028443054662404606,0.036951673411318386,0.023387114574381616,0.02635668893107277,0.036355708827629056,0.030498129640942583,0.033334832119354625,0.04340698561620245,0.041844155126448276,0.022242503199129376,0.03299338220527698,0.025909674823939764,0.03174046145331397,0.0337431159030324,0.02938331270559966,0.03386586848577012,0.040900291443351416,0.038734458670921366,0.014857068008972234,0.03630592752830308,0.031876735171806975,0.03252859262022531,0.03360895906852861,0.023782229041460396,0.030520892086648474,0.027164634798275165,0.030051751810493764
61,0.025138477505203212,0.030243607033927172,0.034331745147926016,0.033420932174033774,0.04354720975411633,0.03319683539887589,0.02645476315168258,0.03962171344649239,0.03326901301930327,0.03769352504145927,0.026980001780640316,0.025464744963982888,0.03525778385628661,0.028284224493243686,0.03156844932408964,0.027152217836159065,0.032832780053465974,0.029316145495494158,0.03085050464826444,0.01809712245753783,0.02989520227921561,0.02692749490950086,0.027420912560423453,0.036532011139949326,0.025352696291783806,0.032900545843694916,0.023284037678773666,0.0312263429241139,0.03429761872146121,0.03055340895173389,0.038253050773556674,0.0347219774468499,0.025115309337421118,0.0355961583534062,0.03056246127165557,0.0364347906054264,0.031010938407298506,0.026751442498255354,0.029895537341381607,0.01622874919071193,0.03599931022936144,0.03322455592807557,0.03519617144907048,0.03321939682622252,0.023920987147608517,0.03406324870783967,0.03410238805898945,0.02808920538721638,0.03749294136115617,0.023706588141334507,0.03746209615189683,0.025379141664133343,0.030527600394901856,0.027839509797300526,0.03989182610954832,0.038290579886056456,0.028250806474013523,0.04079330665806737,0.03141832167144249,0.039829725976260444,0.025423811420644912,0.030494049810573045,0.021165532045568813,0.031286584388273746,0.03132634280973674,0.03389516035300222,0.030230215177020892,0.042449732044392785,0.026038419573773192,0.024660585164814706,0.03664285723586803,0.02974868521116431,0.0457428661322913,0.02433313036783721,0.034637192053531905,0.028092984847550146,0.029561448517602926,0.03160843789969969,0.035900145054438025,0.024119628892299596,0.03546169151330743,0.031692000224103435,0.03716380980089138,0.03625554257323815,0.028912437276848838,0.023037589733936478,0.03634615665927303,0.03500319177054146,0.04108929694440588,0.041857765071510206,0.030950982369772104,0.040311571878138726,0.021700368227403295,0.03165309824115228,0.030303207216039612,0.035303854790523705,0.031208860325781455,0.02826403536053831,0.04446666967378212,0.026817231331419465
62,0.029292876061106147,0.02729702532263671,0.02429678700310902,0.031858989081534665,0.0334847925546306,0.02909593840694399,0.0330349995055824,0.04285656968767289,0.03549487309642047,0.028038569999391454,0.030369947418434868,0.02841776419979714,0.037232995260290495,0.035855053928317566,0.0328153585593609,0.029477935722118445,0.035630071967928195,0.02456519782533057,0.031234059378800725,0.029115955429442206,0.036425591351499566,0.029523172047537193,0.030970832545578256,0.03104687971637304,0.02607566608049728,0.02914706028753763,0.026841771739230216,0.02816361441781152,0.025669974868942746,0.02907827000567878,0.025583012847763004,0.04253427728995672,0.0344223965767102,0.03177060836649131,0.03640591890643815,0.03363976396961567,0.030450184941637683,0.03223869771982771,0.03906474398893382,0.031156686151271998,0.027607116783706115,0.03801370851472871,0.033149158297915066,0.01696230167573011,0.03494847889715942,0.03248471897304812,0.031536468004465475,0.03740158373414555,0.03474687489363763,0.02852523173974804,0.05128797267997016,0.03390879996136744,0.03248431694951532,0.034152610633677624,0.022685144107591537,0.03058004144321942,0.04127079151836078,0.03341938077256671,0.026916254439526145,0.034766619894894185,0.029489607958541896,0.03311730224768612,0.028830493766351568,0.0323293563847878,0.022351323434503613,0.025191255471642266,0.024067141996420904,0.034487695357076624,0.02615204278610405,0.03643193725208044,0.03541609867147181,0.031238888932539344,0.03177117986353672,0.031463364115203916,0.026686410027871945,0.025375500923000234,0.041187606502119764,0.03279212958184107,0.03738352483964811,0.02933480450635287,0.03815745299405639,0.02469402971885238,0.0346801463961395,0.03915078210803476,0.05557809269947597,0.030548189275754464,0.025191178725363677,0.037984717522553155,0.0211870596824002,0.040360399812726766,0.02877090759460766,0.03191796669065969,0.029512773191822002,0.021341768896469136,0.02715690854582032,0.02861682296950313,0.025705932718679828,0.0255350443352343,0.0196275576242518,0.03206325405195338
63,0.028550454715387665,0.03759981476050097,0.02806223434282283,0.032393327015933684,0.0471019567585069,0.033997948210660954,0.024848373103955067,0.021146784381724675,0.03311115805497776,0.032046035969824374,0.02450923831651154,0.027644227777280237,0.03652934613477754,0.0312792896980532,0.03148305280044745,0.035070117944752385,0.023336683341346986,0.02955144807648475,0.03420817993607855,0.0358257317136016,0.038738967200653986,0.034515887526573835,0.015907166812453768,0.025685739977217025,0.02470777440466521,0.03334953609014031,0.035316281110259,0.03328095981776303,0.03300031860388749,0.03756562954942012,0.02879060540558507,0.031971652490730196,0.03335386492069238,0.04077887845816654,0.0191837867057307,0.04699460495195783,0.02632243641471305,0.030063892418807553,0.027378460804781443,0.030083659398599444,0.028565375839365564,0.02074536486038377,0.0347497804392824,0.029575497530998876,0.02855895668954121,0.032678218598092425,0.03355303021549209,0.028115359693617267,0.02813817923045687,0.021671575346755415,0.03121902463565809,0.029187245281662215,0.023138663977177037,0.027181474687744237,0.03071948450318637,0.030182939646775337,0.030446595348715036,0.03177462753060921,0.0381548260070667,0.03219031737413111,0.02452890730615658,0.03152602700376947,0.027644352612360677,0.040228045774703916,0.024488316821686756,0.03293774428402861,0.022012564009824143,0.02527183461827481,0.031902686304493416,0.026177406335808156,0.03757116677733169,0.03627522314756668,0.03965672392127556,0.029849849099326527,0.032201454905564475,0.0264247107109843,0.03190390640493012,0.028809093980239227,0.027855673013051818,0.02151952744048154,0.03152199426115211,0.029069888528349182,0.033381086142486374,0.03193453250893177,0.030139074393531792,0.038139960659781924,0.03093327607476125,0.028525629323995317,0.03134379811606096,0.024274137471981528,0.024705772943983233,0.03253417057862336,0.026579017731868142,0.022787270112731142,0.030506007512991918,0.02454052887322461,0.030860808838708294,0.03391084536562333,0.029181888763032376,0.02289327167199781
64,0.031239339598576648,0.028942032451053416,0.022617694963012955,0.047916419650654234,0.029884251538548734,0.035350924013859024,0.032565069170929974,0.028951668344204432,0.030692339713587532,0.03426007256449594,0.03590292436011766,0.03365791636681734,0.027761421318485333,0.024763351347574333,0.03182190650918552,0.026922749850333792,0.02628663069968798,0.032683148258871426,0.025582505879452273,0.031056584772382777,0.032931981276306546,0.042288305328417805,0.03473063106460882,0.031027741035490636,0.03229213967287951,0.031521073440875236,0.03533985117722606,0.02437838502158824,0.029470135496895526,0.022520617824028036,0.030235264935144685,0.040151476456955854,0.025060084105096025,0.040210340609824084,0.025849999699422962,0.03505667990293471,0.023938140956436087,0.03566781087572953,0.029150649314705616,0.039807662284067714,0.022119384657856227,0.03534848865194716,0.02786179738222589,0.02348977101864557,0.03321274799527215,0.02864253525987901,0.021948703243819007,0.031088164585936242,0.02710856621472469,0.030750066027483935,0.0295975485602539,0.03541350174128751,0.035334038099820025,0.023748313905476142,0.028544463965097275,0.03300113873378507,0.029628011555019297,0.03610773394561627,0.044832291578247585,0.031652805212615834,0.03572771130825338,0.0319824202136634,0.04921980478662498,0.030778608846933952,0.030308467290265078,0.033089231805413,0.027276967476188328,0.02196593695891882,0.03612819426346022,0.026466168330805086,0.037066484293223526,0.019766585602096876,0.031354251948607234,0.03562793166924877,0.029240761567895415,0.03338391000560416,0.042165782632590805,0.028091889954568305,0.02025049740127446,0.035136914886296264,0.021001756865598055,0.035070934308149206,0.032517350121687126,0.024887869910980145,0.025043614759267755,0.030375191898786867,0.029737763054455094,0.03878307068250076,0.026813034392134224,0.027304963638929564,0.04368401969047662,0.02600696939429793,0.030675518344242467,0.027484815966208855,0.0285997368476155,0.023436885067506266,0.02955255642301919,0.02830111906583486,0.019776915833458836,0.03194398823817211
65,0.02913568414569524,0.041212837197774715,0.03343006594157656,0.03027220724825129,0.03380225551210264,0.02444145179496722,0.035732439729853654,0.03380078511955742,0.019836891572297666,0.02342149542790108,0.033827992349404715,0.03570388488166017,0.03201262474463292,0.03196325795184952,0.035877769855695844,0.025144705852505497,0.0287105914726089,0.026803994847260718,0.0334356248043448,0.03695644621517276,0.021353424075929307,0.03433526780846921,0.03265170301347255,0.03439177380601556,0.01964596269843462,0.045223055751106585,0.03783555975993132,0.02338159575699773,0.034796392437666974,0.04185477528730192,0.029634995513904944,0.029760286916307808,0.033720501648370184,0.02410267205499578,0.029713741015741344,0.0378580608998775,0.0244278766745825,0.025306984679813287,0.022434655189014607,0.01821253657462751,0.03774171758519704,0.02681625405359215,0.030234924239587006,0.032712274510475835,0.026943516915856315,0.03140858438969803,0.02142831091712982,0.02658052381799844,0.02471920838369897,0.027139268283135735,0.029230128742355945,0.032386569625072685,0.02561482469100101,0.031249370882109478,0.03878273388008762,0.028333617053287637,0.03700869135660613,0.027486612418913092,0.022440725558022137,0.031065568269076773,0.03136944836431703,0.019731218839984018,0.03079807854797044,0.03719466287570417,0.04082140977275053,0.038578874733763945,0.027700000992328708,0.02680932749818852,0.03300503835881684,0.025605237804680544,0.028091987915054743,0.05267588055279903,0.028343099743871874,0.02502011665547019,0.026494185583687897,0.02368971773352577,0.02138132586828939,0.027199228073405746,0.04219449365219618,0.02614286148818436,0.024445804226038762,0.028274014783891677,0.02653218978072594,0.0269566427361327,0.026320452303949693,0.03845691146920667,0.031423131362296956,0.026193554142171983,0.03377243829858561,0.03840831278774358,0.02494506404425326,0.03669411885450006,0.023134963068116455,0.025776084180254427,0.023959069863994764,0.04467872930034248,0.02810834831347884,0.04806791453022173,0.02668951408606963,0.02477334276170017
66,0.030113072906673158,0.03118020787641141,0.01852776661821944,0.02900276742633833,0.027191078544456227,0.034824600090338866,0.025213881376029174,0.027917145359103748,0.034364462247725734,0.032619775738616054,0.04096062708786389,0.022421954812426117,0.051075550699795795,0.0301669294332609,0.03414837748459342,0.0352752434357398,0.026749799681167967,0.03268218417896245,0.023179519887154956,0.03249532617757966,0.03603152429710252,0.021186189371102157,0.03480750834364122,0.03642167340133833,0.024196631114614685,0.025748662328318073,0.027856094032678597,0.03073084250163466,0.02780326597429015,0.03717983360040364,0.033913647981099235,0.03098176224424107,0.023223618408931456,0.03328513051876131,0.024804473508692727,0.025035887696490365,0.0313081378064068,0.023387263478865425,0.03792300990315815,0.027448791011111855,0.03415196058567824,0.035369510206543026,0.030813835847465665,0.02589104471493075,0.032737827163567816,0.0333569130453423,0.02890758764188439,0.04376879798578842,0.03201701274777116,0.026969054120256863,0.03188476637845542,0.02614097809823835,0.044172789369282685,0.030228775728530128,0.04338316517400412,0.050205839828068866,0.029503082346734752,0.02593683030282889,0.022493938320234743,0.021553293522812995,0.029584433942299277,0.028387618481458928,0.023760847897368775,0.03712567709179131,0.036854428306212786,0.0313826667946394,0.028486701313749054,0.03272953129242751,0.018475400128257692,0.027883765362643746,0.025903811321768274,0.028086030486034468,0.02852646413576591,0.0385449770888479,0.034346911693733405,0.028245659486261575,0.02812078053541844,0.029059478846247645,0.027014396977432097,0.02212581673842434,0.017524730007852592,0.03154664272310696,0.027700284023708843,0.032755401146475786,0.026659129785824055,0.027810811833785934,0.02821985745154409,0.03457448472840661,0.024356480204490962,0.027850844211070685,0.028236452235754703,0.03248639243329564,0.031133678219692585,0.038860304900858955,0.027012898282028353,0.043045092544496164,0.02817645705846467,0.032447489373232344,0.030200090394691112,0.038314156511550033
67,0.025656620080125196,0.032570611264791216,0.02792560902047578,0.0322446517647135,0.027076913426730843,0.0209131614308149,0.02662054790194643,0.02988657113882476,0.03191467050027918,0.023140483321319093,0.0175991675355902,0.028808440414902024,0.032736147953256536,0.030158610174513045,0.02047582015423509,0.020820898551649075,0.037176997101936074,0.01973129475958941,0.03236846217875797,0.029573017523225366,0.02945223730967298,0.02472987798581692,0.02455992703667955,0.028347769362429224,0.028911502230461867,0.029941600141663534,0.028382970405934318,0.026817342017076345,0.024920202131211065,0.03520496890899851,0.04259016086808528,0.03338901918758715,0.03196017613703946,0.034682718003930725,0.045463014871872105,0.03220287139894891,0.02830598515239428,0.03576250091039609,0.03203484709473156,0.022816184959963383,0.029611805264376723,0.030087077103163364,0.015996432060749927,0.024293094416994516,0.027402177572934606,0.024801523159346764,0.03624387547009764,0.02438783654123583,0.025322541570740355,0.025692099274107517,0.029433142803066265,0.03166264594393077,0.024223928391155985,0.03003024164586852,0.030463043262022642,0.031807264730010554,0.03231714534711106,0.034727594283640396,0.025783635986274717,0.028987867331829963,0.02249387923119013,0.027301762170430913,0.03135520851211935,0.02570317209583471,0.038328924097117606,0.03416609141889573,0.029692634389081023,0.03794138590877011,0.030775614557568234,0.026182273698746907,0.02410832673832292,0.024653951915343232,0.04268994418998708,0.04125872409292032,0.03530945859734586,0.034240529454053904,0.025151632762250443,0.03518428146139659,0.025288667951525148,0.032935694434825975,0.033716309460260704,0.024382672732506192,0.025574457468122477,0.03313470925103586,0.024638841415433776,0.030968575082529152,0.03246666366587692,0.024822895782682083,0.02698261247412566,0.030705390222793914,0.02949455356662399,0.044608113645442184,0.031222051080370964,0.036338557447908724,0.030664345609563142,0.024972972033567575,0.03593724399353539,0.027878907344511778,0.022841750986789453,0.026517326167947015
68,0.026436076631700924,0.03482928537611353,0.02700800743515772,0.036862081510971124,0.028229575804622216,0.036846260927959784,0.033541991439891214,0.032348202246004175,0.027814045280766163,0.03118498125900179,0.028577698074781985,0.041912875133061564,0.04027469099005613,0.02860409930140277,0.03701390923694082,0.026783759134421607,0.022282432048237023,0.031451313092575255,0.035117573793135126,0.030948520763177927,0.031704774161144825,0.03394965403681537,0.024402323881285652,0.029356709282384024,0.03426156642325773,0.034322582771462176,0.028520836834197906,0.02744208106458282,0.03231248620043359,0.03655765094234597,0.03187396438698647,0.032398175060686256,0.030757616320872812,0.027773693168009723,0.03501560661247514,0.025811237682220302,0.03491547373181874,0.02540213073246673,0.03291950753180611,0.029267586827282605,0.03398543382163852,0.02807027929988329,0.042901477847059104,0.01960873159492595,0.029373472365426877,0.026639279540547702,0.03505023378268647,0.03378422027327803,0.03303736312703331,0.029847535396325425,0.03549099319701932,0.028854756070602543,0.04598494816371478,0.027179644636702596,0.034034119233496106,0.040796373982666514,0.03422649262231988,0.030800616256299512,0.03778254253489673,0.03186392575404623,0.03621248806976409,0.02867258006626544,0.03138986569500179,0.023346695359318107,0.028361859732129117,0.032317681528153105,0.04239685547899778,0.03248731340750083,0.023090243435668206,0.03252293668995569,0.022251764787281185,0.02832668176249552,0.021032282650747847,0.03599000611680787,0.03446784654400787,0.03118168099672315,0.03165308033462086,0.03293546237519557,0.030578901365294106,0.031594836429604256,0.03572081025899726,0.037990667586725625,0.03112508391717051,0.03483160214059112,0.03081523131791589,0.033085969465254404,0.03622183537338388,0.026101651604269527,0.029781073347645914,0.03242561797117698,0.03265588493798872,0.030036596377531657,0.02875013592351725,0.03476849046348785,0.02864598226523028,0.03874694442327737,0.027794258665913698,0.03268614912168382,0.04099521766897789,0.029864612552872462
69,0.024656154482038888,0.03157605634902442,0.02853014780444759,0.03470827362260871,0.023860433980204904,0.03461938154794289,0.023613216751331587,0.02705441144514215,0.027146587593576556,0.02126088284310796,0.026544524924164783,0.03690755730005771,0.028338016494713368,0.03961065197060404,0.022670051296396234,0.026659665646074665,0.023025033272490746,0.03784954713655232,0.02930494052502145,0.032373465479415706,0.019843749626591356,0.03035368210025806,0.027732567523654873,0.02565744760029732,0.02050713616341604,0.0304860065499795,0.027264318098004,0.036041612433601856,0.02978209346374247,0.02712956534267944,0.035551455685330774,0.030671063640791026,0.025705672657520065,0.029839652654007055,0.042424397468700234,0.0231557035776086,0.029778433922363498,0.03172769750219459,0.026408809591897734,0.0339119530189814,0.020872286093410384,0.02309944699475498,0.0397967784257087,0.024085499418390957,0.021789750592978472,0.030504754899184295,0.02694871820153309,0.035011960272030525,0.027575973339040438,0.031226175589911358,0.025410369198571356,0.030223787304754904,0.027097308440221356,0.02622954122935852,0.02047430737274485,0.024441575071284704,0.02708519417400776,0.026159237702109303,0.02455270074372903,0.0318937798811913,0.0198374675819696,0.03430639568784043,0.026444203251760962,0.026884897494399682,0.03371021321673252,0.025504593487783608,0.027871733147062986,0.027458806522909884,0.02427999644820992,0.028317188912023027,0.0343155230868377,0.028504038228605696,0.03783857868120555,0.01955935997178942,0.023969653704629345,0.025111345501378963,0.02471572261110075,0.03639628796847338,0.023261865210486638,0.029799026797461672,0.044500479503995244,0.02306521963113024,0.02723878685177679,0.03419024779238652,0.0334221471238338,0.023485678793503613,0.024843169080449326,0.030131967126091203,0.02999141742386844,0.03673886941387698,0.02988211595456082,0.037612892822801065,0.02904113452540899,0.0255605788359196,0.02916602170522988,0.025408364993230202,0.034413956050430905,0.029551511579957786,0.027840551934594025,0.04501431695897976
70,0.025982964647223085,0.03346491621513617,0.030266673384186583,0.032336638402189824,0.03245465585666444,0.024370392901279226,0.030585016726889815,0.03957840806544754,0.033062994685172126,0.022178679379242356,0.03440806804347215,0.0313999319898217,0.029183907820845307,0.03245025292464563,0.02956671572086603,0.023572980557830615,0.031876074647807964,0.03176915641635216,0.028228435486225854,0.02723028027896347,0.020863659965327755,0.02873624192248714,0.0267145673475033,0.029586015647371563,0.025259418427032127,0.033338055176396306,0.03011419741950058,0.030012251633777517,0.038823728059285065,0.03250756831649403,0.03241518546719376,0.025040894555856848,0.03128354736899565,0.03043300060275087,0.02799566526193673,0.020959742466923142,0.03291727038721811,0.04261379131891363,0.030916754563594186,0.02097806256931976,0.023232479066087323,0.022762056905742078,0.03964164049235521,0.03688799861995092,0.029713480629556182,0.034132508395905294,0.026365877646495384,0.035317910392175515,0.040832087549261514,0.03109206050066994,0.02992037215586676,0.022022800037849045,0.033866684809710286,0.026816542077761987,0.029947239768848787,0.027822126735539895,0.0239343490196881,0.03425109237881595,0.03413818703521766,0.038688878348508315,0.030012156189911213,0.04702922774098388,0.0360394232654093,0.026897190834807537,0.041276778691151476,0.029024300855999958,0.03444637327418048,0.03324440912437234,0.030846244914821307,0.026233708546885642,0.02793147333308611,0.03054690382726728,0.03656228995869511,0.031906563659453685,0.03306984789206047,0.02629685045210323,0.02146024000269621,0.03176148674891759,0.02495944421634457,0.046530805892819,0.053857014200118035,0.024785363644450196,0.033383638945596636,0.03167672181260562,0.03520684666904675,0.02766212276900796,0.033118508934867195,0.023490704368350046,0.022648374255352866,0.028963191532488983,0.03255437852402014,0.03409428591431111,0.030942345878739366,0.02239829424781292,0.025713382827377586,0.03637124372608909,0.028015536053035344,0.031211925436027636,0.03725870555749627,0.03067647183476961
71,0.027304922479868297,0.031710324265838835,0.03477505607696568,0.02513939694497755,0.030913938265091808,0.027640916078383777,0.028153732884063372,0.030658934118257413,0.028879242465894486,0.031725904283481245,0.03708734291451773,0.029724253710668534,0.028578879366874702,0.0405812938046623,0.02970894203985519,0.03660898993683779,0.025456178442949312,0.023958077741678213,0.02370801719658381,0.023988394853821576,0.03065481180068816,0.03210148110035768,0.026733386174379238,0.035426863842468896,0.02382317034625257,0.02305234904622117,0.03230469578938832,0.03762843214914536,0.02822992628510713,0.02982232896503126,0.02714877146434764,0.027631386773651113,0.02962902131008961,0.029767287313588343,0.038574565475937975,0.02562743418850519,0.030203592476189416,0.03805570434703983,0.04242710135043361,0.02431102562173609,0.027755794959796062,0.030043018073201932,0.023307950995819945,0.022058344734029723,0.03350066205208022,0.021888310987840862,0.023844599554183735,0.02159202168967528,0.029310807892043877,0.034814369402359345,0.037835705126757276,0.033970182056106316,0.022527346545932723,0.02870166705848487,0.021330575715051515,0.02764378804337438,0.027535413772694754,0.03638374307318934,0.024119084877933697,0.031052378923733803,0.025103497312257052,0.0382109074990938,0.02652344073960138,0.027219805048613602,0.027171591781759846,0.024759185085143305,0.024636211902723002,0.027255454567169934,0.027814666741513505,0.0424357417286609,0.02719817925604993,0.03287481397648431,0.02743145081144723,0.02289039641796894,0.020807361545797078,0.027371211444415844,0.03504558436210012,0.030592225611149472,0.0281542440936826,0.0300561072945298,0.028865646758386772,0.025281798238957903,0.02782338871810558,0.023645893684592575,0.033184261980390636,0.027543668959216203,0.03982208432638793,0.034465462433788376,0.03640706345965362,0.02903294433429193,0.02435798690519018,0.027175428815837545,0.02710277920044568,0.03321915598540114,0.030958411618206377,0.03202342110946368,0.02335792305415833,0.021294158209201018,0.028286925747126702,0.02133508589257602
72,0.038435463600958016,0.020710188410130448,0.02396228776446625,0.02872707836904336,0.04246392199387689,0.026944728563338693,0.027021517845930775,0.026244078631504054,0.031784900378387625,0.023103889681505754,0.025527130996482426,0.031338799290284866,0.03029817884108841,0.033528540806922885,0.020539038564742002,0.038293924801292005,0.03380311563296625,0.02116879792920088,0.03839748820473895,0.03724528878092073,0.02641393077433493,0.023830069373616383,0.028176131221854542,0.02605272889215289,0.02630524628719864,0.029707700927160526,0.02027759252634614,0.03100793876446749,0.030732921138571307,0.03309892788751966,0.030047208513037472,0.02553686603670184,0.030285746396925082,0.026671188140693334,0.0309255929906637,0.028198014284156372,0.03996658391124404,0.027080715275363668,0.03041609937693723,0.038579652775459654,0.032185019131301645,0.027810636591256845,0.0272382341878121,0.029061112898110735,0.021630715353046535,0.03486872102462058,0.028818465819016693,0.03350157919943101,0.022270342729459425,0.02811834521205339,0.034676030157797376,0.027327839375802555,0.033266265968438916,0.0321437410494723,0.029942636064312578,0.028186717728132558,0.021493198611521144,0.03224108355894273,0.025430052183269557,0.02248995602231651,0.02814894255784152,0.03259910185259095,0.027199789920158247,0.02876843840165055,0.03172449175599746,0.027191099587074063,0.026155578258091013,0.0275495144703604,0.027401831614264807,0.027074264577088305,0.029283002675265925,0.034856361343141705,0.030497992320073476,0.02923952404229888,0.0370293425428096,0.030740606639998183,0.030710156628804674,0.031934001238608574,0.03215738857080073,0.029205232592407485,0.03748204726068561,0.032410880364207306,0.0344655391352209,0.03463011541217434,0.03202075002818222,0.03633747882961534,0.028143279690908973,0.03135665962978898,0.03315302612123193,0.028729400862571208,0.030109851769785492,0.026913588012495493,0.023767604302675594,0.026656653475108667,0.038035597773154996,0.02475926495876383,0.02312757043458926,0.029483396379741546,0.03257839023738645,0.028690055543037937
73,0.020776639815086578,0.027012587172702194,0.028143599357781785,0.029645296155928178,0.03240745177131862,0.031116010423204728,0.02735761494146221,0.027163297148835926,0.031561834855415145,0.026486794516576484,0.03276265945235711,0.0322398310366133,0.03302294612069804,0.03252040205443071,0.02346003859927326,0.023613706191309914,0.028608153499596833,0.024119336478236837,0.031935808536547,0.02750463884552311,0.038096299627704104,0.0506150823952388,0.024122148999976417,0.02285778464486808,0.03531947098833787,0.03152046965683975,0.025554682214357544,0.039357791635915025,0.027242409283061333,0.029631650124086143,0.03298423239636409,0.03128754475069614,0.030263473000807155,0.025907749927225592,0.029654786878975846,0.03283743276335237,0.02705882210558094,0.02780146489613924,0.027404470835949424,0.023058344284977918,0.02807998243013277,0.01768072009586145,0.02567213644478365,0.03042025449082472,0.026292982286007082,0.02349486554864654,0.023048192641905472,0.03455770373656979,0.024351223392376935,0.022417136498105054,0.04012141032056493,0.025807989545747416,0.033147491312793924,0.03021525011547672,0.031284023584911995,0.024349983585920026,0.03500453675478474,0.027937841581197023,0.03020133515130794,0.030704393289404747,0.021409857989930316,0.029046390199116066,0.026925117934687586,0.03577737997734114,0.0347130959234572,0.045490763929917355,0.025632625560050814,0.020423475547508178,0.03179627101504365,0.029310477574468613,0.02380177567204916,0.024099584136968718,0.026822525013862203,0.037527459661660885,0.03520110373072369,0.04095581610547219,0.027931058120337367,0.028807933041730772,0.029887551075424294,0.045703657678659616,0.02825768046543657,0.032500487493274326,0.02893286290216667,0.023264660106383263,0.031677264178555556,0.030804168392348997,0.026739758400163634,0.030580832881523263,0.026319375801364425,0.023339008742269525,0.028988495629144555,0.02918709061001538,0.03665159123484427,0.03709438363195726,0.04861137645924602,0.0330977243991885,0.031773593153392635,0.04025440514246673,0.032946252005282395,0.022927959440185507
74,0.024184080719258975,0.029768028572383917,0.029797698170932783,0.02444316490125664,0.021278155582128252,0.03463848835732248,0.0314207311497015,0.033449183628779446,0.028233220419796798,0.020306248802796044,0.030557655007394147,0.026976253433593198,0.01968094478616137,0.025063062438602207,0.030346905365026714,0.03100240783971218,0.03206571771109624,0.025260347869157825,0.027553290237474593,0.024562446441175074,0.028102717100382757,0.021832670576496516,0.02240615139117369,0.030001331248452025,0.038076326470595286,0.032170251130980834,0.02943432986143539,0.034444838300251586,0.024102841041221797,0.02659071596229249,0.028698534440186156,0.028035678289492678,0.03620000717728518,0.022958550169346684,0.01968643535004445,0.027165400746148823,0.032633601533282014,0.025814213443990083,0.029019216403685676,0.024305380846560795,0.024465870274002495,0.03039541290614884,0.02816395064025494,0.029938223038139304,0.02766395504091174,0.03238514479429289,0.03663033344536822,0.027349641534000026,0.023782369443238825,0.031089046597090327,0.03063509866773868,0.026007604327629656,0.03228483754102136,0.024239451126049052,0.0264955894467235,0.030585880127190282,0.044804457932320525,0.04891396479518144,0.03160918893130778,0.0199235267564724,0.032398284935395455,0.025367992833323492,0.03258571757851985,0.030895047274059992,0.0219657376790531,0.023259233150945625,0.028463522578163213,0.03177130558376754,0.01980229771602031,0.025260795662380413,0.027320965299006707,0.023362457764562958,0.024112230950563283,0.040224750726161176,0.03286416608115855,0.026596867873610517,0.04251784498360083,0.027939146146292552,0.03199242306056718,0.02333918825439877,0.031616730701373136,0.03339170802210509,0.03686311080435633,0.02448650277811851,0.028266568984579684,0.0315722253890002,0.025644130410942555,0.029183441290910637,0.02386107732685213,0.024540143648156036,0.02889475874647872,0.02727313061045406,0.02648100225218043,0.03243757836424843,0.03133350749639984,0.030678930589769064,0.02082888094283554,0.028516995584127246,0.03323803427622908,0.029136437084482308
75,0.030434762880598487,0.02175896517571234,0.019657925984546642,0.03217139185284454,0.017710872098796057,0.024916614163047947,0.02922088620609223,0.03781220145053853,0.03255427069864393,0.024893563270943733,0.02226313444638048,0.02076085024569308,0.026187372221721267,0.033737927775022665,0.029627087374075746,0.031032323046616076,0.0299044990688127,0.024391411043573855,0.028252781193750322,0.023391105714029324,0.022844435541165924,0.02527671885888287,0.030429849315648995,0.024877908040072533,0.02804158749382861,0.02318007008202417,0.03461284078419163,0.024590614296768384,0.02975386322984452,0.02333411806745701,0.03394823263991881,0.03538184107905076,0.028564225439533814,0.025606151336792816,0.029383143123799967,0.0274239029955867,0.031161560457234366,0.02857376164367449,0.031216968481546568,0.03135155863130459,0.02698928917834912,0.03329805272692783,0.03373559189491571,0.033592820275773046,0.03065287463732252,0.03609821085103627,0.03069088132115845,0.02476169954917756,0.041373833807182035,0.0297836323565922,0.022454149439509095,0.03106322292280565,0.030899745593108503,0.024022289968928145,0.02566678475118996,0.027220060374626785,0.0296652067272412,0.03111983379921001,0.020552032378469223,0.029357729361299833,0.030577841190751586,0.02666695582878393,0.021068468218096954,0.026783623523950868,0.027975840709869453,0.023985226632807333,0.026785149357374093,0.024156186478039937,0.03243629226102081,0.022958098269687734,0.03655494296099745,0.03614296779109273,0.03227317651228893,0.038422018656977544,0.03183932427126894,0.03397801547151814,0.019082361450683122,0.02853303298370853,0.0249911020174433,0.033594772951702205,0.02318647236080657,0.03527732169997228,0.031121393667841668,0.02372935414321505,0.023071372099943983,0.030769552348589864,0.0337635797723279,0.03931875494876656,0.03275226574663755,0.03661042508910591,0.026561129008692317,0.03422700754518507,0.0332181327263417,0.026576586071879436,0.03030427597073041,0.02065848047310416,0.03424897351425349,0.033581174406527796,0.04051094372236559,0.030468393504521973
76,0.034424692297351685,0.026223782861974396,0.030189054794636367,0.023593254797035418,0.022099554655555194,0.02915106986074129,0.03744103797819603,0.029196710199079174,0.03136904342032757,0.030744230561123385,0.029982425806100856,0.028988947345837006,0.0298723606654332,0.03206914375969035,0.04021661843494562,0.026857636675320092,0.03572586323696452,0.022550421045065945,0.030540784154807658,0.035004138956160134,0.030183465858555445,0.035085735057368644,0.024364440422587744,0.03278832658674981,0.029050293200666717,0.025648273762170708,0.0314128517212029,0.032919866880568326,0.01647152409346915,0.03031442939237586,0.028528536293944126,0.029893641850278155,0.03266093390214886,0.025862855599455878,0.03449733901261475,0.03480800561190897,0.026737104859718072,0.02617976458349714,0.03520333840472264,0.03479764290660051,0.03676044903099429,0.027558541614681135,0.029521870416037328,0.026430299727816357,0.02867251371938117,0.02681543252678416,0.037940987616570845,0.02861132210215328,0.02867035738183059,0.02982487009700176,0.024737710309030537,0.03874862980187495,0.029767507761895712,0.0368696243920285,0.024222980993376997,0.027227164587928603,0.032713643353093576,0.0335044137826504,0.030822812871089813,0.03216912811944447,0.02494569571491631,0.026515616298326192,0.032257597950360414,0.023751496647968873,0.02917748158217707,0.03047458980173402,0.026100808653522878,0.02914435499860699,0.028740882174558852,0.026593895040272805,0.035650128522854194,0.03629453553041898,0.029826682285284307,0.030175188199154688,0.030105806089169167,0.03626084397538842,0.029267171018362584,0.029319922829357633,0.027114595498175038,0.023735166108477382,0.025925901914002597,0.025609629126254765,0.03283588822922389,0.0343357189897107,0.032467763654460004,0.023415803105952395,0.041286672200670324,0.026640703970740445,0.027708180483305242,0.03411273519305322,0.024244612043432468,0.03433515491656905,0.024397648551087423,0.029792341271302133,0.03863648862534608,0.027136521145177846,0.015448813796511043,0.028583771269789317,0.03427454226147466,0.029952127550001477
77,0.0329314037785909,0.028366277991584823,0.021666673580813017,0.026452648805136432,0.02950829991973565,0.028261903753494022,0.024486055011980687,0.02415731527070008,0.030671161706158225,0.02985909178089149,0.02237531002079209,0.02565800690937968,0.03099465848882436,0.0320039489725321,0.030568463538141515,0.02651941726182133,0.02935955282093432,0.02800531656747411,0.022482986349145334,0.032123582417445035,0.03055201321620014,0.02760923477418631,0.02658552476969854,0.03905597823792682,0.02746129050318135,0.024650177501638646,0.02891030868519182,0.03837577607685493,0.03803985553097712,0.03210516203183148,0.03034577007438683,0.035878323567886006,0.02733979031612986,0.04071948514504271,0.03414041010553285,0.026822094644655278,0.022649774957715665,0.02886559177950866,0.032666194981848175,0.02882334844852035,0.030420419958566185,0.035350639954351726,0.03458369123448357,0.02425809247142538,0.02529323308715488,0.028352833676979865,0.028336627633690128,0.032907298531051635,0.031015747341859433,0.044218669257891655,0.02374892427856336,0.03314238973328734,0.01954213735771456,0.031546603486555705,0.04454061996086446,0.02870782385643014,0.02748828528484595,0.028566669148407935,0.034800393261709486,0.032480188041240525,0.029787569680089613,0.027478564628474724,0.03198883377717206,0.03230089312357905,0.03311574508220757,0.02642561786308102,0.02068638796666688,0.027478819322350048,0.027145288742268674,0.02762840839352953,0.028391604410638285,0.026545819341596895,0.029034329756042976,0.03145831152166264,0.030781630575441893,0.02584689085632827,0.0328977149724664,0.034038110489332585,0.027131742692299763,0.04074656483957217,0.025293975329511123,0.031889311519877554,0.032182293875191365,0.029649078767597217,0.03132877616840471,0.030833040863111203,0.02562855989549916,0.02592316101955234,0.030423860697995703,0.035857811437628194,0.02333957704364365,0.029282174826007108,0.031523806069673026,0.021567150684532913,0.030620958857993485,0.032781412806119035,0.03101423314641169,0.0383129024979387,0.02878461357699743,0.021234668898516218
78,0.028499498894850914,0.02440401629162983,0.037571452282164776,0.030856664062847705,0.029389297582793635,0.03390421059182228,0.03553176519579719,0.026155760651607626,0.02646934263482658,0.0241919854384241,0.02629196246401467,0.04001614628307237,0.02464968538290814,0.02188160035813951,0.03498632102684086,0.034445571505426535,0.031555209312884816,0.024034335854407084,0.030891486586313344,0.024349020907402395,0.03348727724699856,0.021893136722523316,0.030286956330530822,0.030017368374337845,0.039144016945364686,0.024726908722371807,0.040960450995996205,0.0310436281127616,0.02642030490906829,0.028849316825669328,0.03416354180332221,0.028492265229595602,0.025786359342428625,0.031887818107147206,0.02421994880693707,0.029130858539969696,0.02566904591190853,0.03223132109849476,0.03516461476367924,0.037923808646815896,0.03159188993219122,0.03409776644578573,0.027526742049988038,0.02806469784166444,0.03133762181423301,0.027769314058420203,0.0221731120485506,0.03342659864059393,0.02257330754829881,0.024811126840005655,0.030125924046594272,0.022059335752134042,0.03006368885013053,0.02899607946422166,0.027174509875955745,0.02587525744763782,0.023403562205703346,0.041006460892468864,0.03363011950505558,0.023786794100367808,0.029343358118004762,0.03369111853514327,0.03065339822406756,0.024037474700751352,0.03419861343031344,0.02257916370197446,0.025685061182111946,0.023699797122633058,0.041326939801365994,0.02360730985239971,0.020607053868202396,0.03887539596447952,0.025951519376338057,0.02752073923080228,0.03357758987737615,0.029144836787332647,0.024631466472940258,0.031219617423857416,0.03036589561990411,0.021651549442408116,0.02472279806463821,0.02861145853623849,0.029943949710218846,0.029129749018083212,0.022067824340597293,0.022007634364056807,0.02432050433966349,0.031221785844081907,0.02384574267729688,0.02307446233721505,0.024750231944066687,0.030472814229827304,0.025020106725307478,0.02575991915121978,0.02472976981576835,0.026422356453673197,0.029998885537496578,0.03264794168715269,0.03300190492909231,0.03330830583487683
79,0.035670940208962255,0.030091812708461806,0.033388191634298924,0.032507932397327,0.026039050436670118,0.035026213041986186,0.03254449422362666,0.03453166591230431,0.0229768183934713,0.030027466395294605,0.03512534641436781,0.03123870818878291,0.02926224121076302,0.03687514619207811,0.029461283406421634,0.03713043111273921,0.030440936399928974,0.027195243238762375,0.02604668306798394,0.029468886648675217,0.021406814644781023,0.02075353997941282,0.04438551078375612,0.025268436681702727,0.033042356943515414,0.027199011378934185,0.020792095203338103,0.02267859698824308,0.030926262533023233,0.031581825152567716,0.03151603231584265,0.026317532696845,0.03223635307621987,0.024864395087523517,0.031912683008227395,0.03499163659916511,0.032027506133664604,0.0199870213624106,0.029554027168852668,0.03507085701359797,0.025622372795203584,0.023795252676361973,0.022754932457317474,0.03858903457748922,0.036324532139870025,0.03499787530224637,0.02811166891178244,0.029738565305471323,0.02460017518709781,0.028754537045447826,0.02765591317953044,0.039471380896254085,0.03153975874781317,0.03147301678362045,0.04416897220529808,0.030994944944474776,0.028860253317515364,0.022025988769011004,0.03302268504014931,0.03429522042554796,0.023522365948723256,0.026312452219698045,0.027434134835502656,0.026333225489190266,0.029164825352997685,0.024724215200522436,0.03415263299852798,0.03417186664815407,0.03122202570461572,0.0272572946616974,0.023232850425953643,0.031689179539675066,0.030281244149658576,0.024616547432348826,0.027564062214060256,0.03446176068028259,0.04193582781912689,0.025980739563594677,0.020273532333614057,0.027334183396929026,0.03028694099351594,0.027227136519377998,0.026949165348190973,0.02584727432045193,0.03186064688880029,0.024977969736979955,0.029462508185846566,0.02174226717213592,0.027755298649816785,0.03494530038305923,0.02928946941881329,0.029000510733416706,0.030301563452616156,0.03975661731059683,0.020792995834071137,0.03579915423734608,0.027095023750893274,0.03181105998688983,0.025286126700032073,0.03225971931266904
80,0.02969123616631532,0.02308269323239819,0.025405466666905123,0.028088556887434144,0.03102771126467328,0.022910709736713164,0.020737636029430476,0.03041942273496847,0.028329302627278036,0.030838953734225506,0.02265747140098038,0.032528650748391674,0.02864234927901793,0.02211849082092596,0.026166666288131052,0.029514606893406486,0.03801386324893666,0.025223506612599797,0.030977704083520196,0.02305852743800279,0.03928867101423448,0.023822099967841435,0.027360257972151487,0.02712089727925661,0.038101922267598676,0.02774709397321849,0.027921482186573546,0.030632800781019646,0.02734817620147304,0.03397822596765436,0.03664599616388469,0.03451403155669132,0.026472370533217205,0.02127873491108437,0.032814560094227244,0.04250992503233547,0.03931089160462916,0.03131204531057709,0.02318933184241315,0.03833216843654857,0.02512863271741359,0.03260227664426677,0.026581781677816708,0.02396324785453134,0.028677829363660118,0.02926323925409059,0.022666772753223825,0.02741793018065267,0.02812957761549345,0.03151384118190615,0.024768735272428042,0.02614327839250157,0.03332352083717817,0.03855893162180189,0.027984537817044387,0.034610091703997724,0.03285239690276823,0.03227531717642386,0.03491950389296716,0.030793605203685105,0.02874106680232105,0.023420427174508453,0.03663633612596376,0.019647670574975816,0.032781610866595735,0.023406900735150466,0.02605799440347779,0.026124405891398625,0.02299427195764944,0.025432746888583022,0.02598640830817211,0.030162528414000023,0.02861294623519725,0.023097040869121174,0.034192357586024166,0.031285627293825724,0.03807820424533628,0.022325198596868302,0.03088096859564246,0.023907515668414,0.022606125246138406,0.030173810654956824,0.029520445160892552,0.030277366692712585,0.028956167977780025,0.0295862285144904,0.019474111603765987,0.032196985397498955,0.041180368891842664,0.033009635158158676,0.04530517901087587,0.02359414827357839,0.027006005786041617,0.02562142138319081,0.033883405403355465,0.02405843878062339,0.015270247964840137,0.029954068455788005,0.03196068290069347,0.022880983728993096
81,0.02368619657191357,0.023229195186288954,0.027144467717549484,0.024382577200145493,0.025943313030176926,0.028445624420660117,0.03173572454252531,0.035905995443705235,0.041197402437200936,0.04167080907567174,0.03210022189338116,0.02852604127670426,0.026383007956717826,0.034911938036993266,0.030320936797699632,0.03563871796591809,0.023433720529551227,0.03791678310715288,0.024246131099640668,0.026554032680435817,0.040597887926924994,0.03405940814172155,0.027987031125965026,0.03007884607993894,0.02850096957049816,0.02497047423547141,0.02340456704960355,0.04180292767747396,0.028388482626341357,0.03123576999502245,0.02559576541207986,0.03403524393355932,0.03243486239889508,0.039166935643831675,0.028083337739025778,0.021072687121347564,0.052227246758419325,0.029277276288590393,0.03408444757748525,0.02330923954517683,0.036276393180028725,0.036351528363155555,0.03102901338367453,0.0292015454164466,0.025879577166462848,0.028682263776359188,0.032637856748155045,0.02621906074009435,0.03377472166907666,0.029199486443665882,0.02535171751725721,0.02724006937048247,0.03847439194821443,0.02231983958494965,0.03272972068515569,0.028330049291243747,0.035341401509304086,0.03992610965194593,0.026842437125969492,0.03983425166924296,0.03367157833903947,0.03410205785325576,0.02828579476023276,0.029713005444993293,0.027730739681641425,0.029338250438715515,0.03071950868644557,0.03048882664779267,0.027335467753982025,0.037051921432486874,0.029011354626039102,0.02958582737232204,0.03399784839296958,0.029020098775699225,0.02748035669166204,0.023295760969883363,0.029395145932796813,0.03023935799151925,0.038150980090509,0.02211762537571106,0.03910695129328228,0.035622345376808646,0.027876339873094343,0.02925705804569404,0.026710959133594562,0.037568486112768876,0.02872840076333312,0.024532668412881098,0.029025657218843412,0.03502585633596832,0.028024687314538204,0.0323217665215682,0.0266292621412559,0.026244722274289943,0.029654942219677072,0.03297337383498785,0.029334640083431816,0.026669144112435716,0.02964115457266197,0.028606718558376647
82,0.029314823512148556,0.04565660972780726,0.04775749721689415,0.05939324411531291,0.13679261734511167,0.02374551836161691,0.029328013320315646,0.03504324704726036,0.1019651489279305,0.06719573711481956,0.13697141284259778,0.20526275857132464,0.048557964642729726,0.1408589555149464,0.027188211384800237,0.0689135127649192,0.09273043946932627,0.08245492721837545,0.061975564895752094,0.1313624435857757,0.07298054618904615,0.02293719173450264,0.05425748689085544,0.02218904678855431,0.03294919336217517,0.11828391084382962,0.03171206018823089,0.025583593601597916,0.1409060511731881,0.05474345871488407,0.04563769139806159,0.04172568679775287,0.08148936379615158,0.03867072145688318,0.0744947982068513,0.02102064989158756,0.03944666531644059,0.07695861780093854,0.052660956632431664,0.09421276371214912,0.024754750825240486,0.06726289053605222,0.04711896996485619,0.06760906831539414,0.02857275710356391,0.021902074648065626,0.06160728556382695,0.06472973291069772,0.06320173876133683,0.05426209912582594,0.08436838421126068,0.02888663369197939,0.029417624597244535,0.07526690246521427,0.03941198723225903,0.07020080191742767,0.17013703918311415,0.03659308941353606,0.05941588480512824,0.024078252015124767,0.08817637558507772,0.02790202630736322,0.050195177706674615,0.13523746523950295,0.022917085183449402,0.10268228323029222,0.10830960225022347,0.08374996107578753,0.06570862973352033,0.07491143864472595,0.048573486507856777,0.1306304566087141,0.10134476468557768,0.12487489821448111,0.10246235300243185,0.12955084790193608,0.04128082760180877,0.05705271600085398,0.028537273609260096,0.08977317935350064,0.041335394702559376,0.033392604442571375,0.030041491969178803,0.03254116744167387,0.13141203354908199,0.16525447977371346,0.04120158973927926,0.03144851489030301,0.04686209060355549,0.05959605254468224,0.02563664400662611,0.02978945551973368,0.05346524685975598,0.0551463463461432,0.02878129300459183,0.035949338712915495,0.08293761419953172,0.030461379002340288,0.026705375703973213,0.06509298799533154
83,0.06417178692243168,0.06087689742156145,0.08938598674759975,0.024192527887056395,0.02966822924875147,0.1728095571564701,0.03326643209940548,0.06603871854719454,0.03106298765739738,0.05637744221209791,0.02479175290999915,0.031084335528649677,0.11222877528706905,0.031785280286663053,0.03591131458336686,0.06488511477443537,0.0737289181404542,0.033234560291357344,0.07118863051100624,0.03359433711063826,0.02792627467308469,0.06615025090312726,0.039455851855314694,0.04448526377718977,0.0711838497187898,0.04176658494800751,0.06956529574297633,0.0307997426926865,0.06876458967210165,0.03320018629510673,0.041386403742358885,0.054476902518472294,0.05169745772338223,0.029284577266707995,0.06795831347851737,0.05616954060657623,0.03288664641913998,0.05826666543416768,0.08368165767765785,0.07535238055490391,0.09871045184172386,0.027501092384901647,0.039677054097068884,0.10207288074984885,0.057337598117176806,0.037397828314107054,0.02237817415576945,0.022695415004866423,0.20420753433240735,0.031723573972113624,0.09099605997908614,0.08997756538473439,0.025964858422117765,0.07013219271066155,0.03695783794869221,0.037546921288419084,0.13874643982444596,0.08717986464764689,0.056653063797130275,0.07633134217835211,0.09770870829705028,0.06992799425317256,0.02900756217878756,0.061376219376645336,0.11758917202747482,0.02848255165298778,0.07215108878071742,0.08577093595362231,0.13606239008522558,0.0269215581444341,0.03211126607205264,0.08653274293514714,0.038847090576998256,0.17757482086096246,0.04985097153574784,0.037824831407485306,0.17654180348106877,0.0962524364893577,0.05974049857318373,0.027220406123400955,0.03045404698443866,0.06623915014474326,0.02421672160962843,0.03446074974536125,0.052189195551346934,0.15549564090964715,0.027075568570642746,0.07974955799242879,0.055258419944068105,0.18129650591255633,0.08163067288553029,0.031940189112677674,0.05373102378382824,0.023362685548281872,0.027428706008946768,0.07157922121229264,0.04129543430442949,0.1293959892017191,0.024615239915366325,0.07227853277970699
84,0.08188097935884349,0.07509603645724641,0.09937724695366101,0.062196371884475056,0.026289548713572843,0.056148235766961506,0.200938643408289,0.03405582699471738,0.062396154078649194,0.03892253352092833,0.14973970826508404,0.02325183515668817,0.17547674816904604,0.02821647514551146,0.035917684998517774,0.06654039459453537,0.03386651837916229,0.06826434581133857,0.09601069866904809,0.021337905423388776,0.08648244130973483,0.08370063691097017,0.021619298460985155,0.06202581810064981,0.05363009175530097,0.05456275158674496,0.07057435087454643,0.10606816546330135,0.027909450004521504,0.07713261447628247,0.09057624671561673,0.034823804875555905,0.054656103042872314,0.028682956496472286,0.02058175340122588,0.060350944315931375,0.025756270455263536,0.042120840603099216,0.07361838947683312,0.07227378437252958,0.053921625606772224,0.09285865930324541,0.03131161588474162,0.06323920584625525,0.025624170617464342,0.13371436705362388,0.027422045611980035,0.03510795668879095,0.031517548898560226,0.046407445962137146,0.03186741964608362,0.16150437420888986,0.04492387192850017,0.022505824942881225,0.09148676922677479,0.036925892759122246,0.1667021900834948,0.11506306240693687,0.03130548991987874,0.03191748289832006,0.04318091703542634,0.06857998996544264,0.08588546343519812,0.0353029876357607,0.07397875371691615,0.07949043108632547,0.03373565790369363,0.030099353777072457,0.028209598874027148,0.029658975693903356,0.13144768585339978,0.033031022420509225,0.1133286365086946,0.056031921133855175,0.03018475741275573,0.10792961772621705,0.1567333390715801,0.10952020762275046,0.02645349071574682,0.057690797006931006,0.024268999361007706,0.05725272151634629,0.10193517698564346,0.08026843602754417,0.12101094559550221,0.07837574037974712,0.10273544108303231,0.107821975986988,0.10357184734355718,0.024265108529822416,0.02134194117645503,0.1605888579472754,0.03645487797305071,0.12452967215058293,0.047454803301848474,0.15006603309316338,0.03202410675563031,0.04231416881221967,0.02526450551088439,0.14552230665022722
85,0.11060882578770771,0.0292466369994325,0.10559473097729824,0.023625747061157297,0.11972669783595807,0.06865070525560639,0.12358908970488164,0.030271481911706914,0.07296190226233033,0.03752901232944693,0.03402369922679802,0.08218523064044635,0.050043772808380765,0.05861551975836294,0.11628560169394833,0.04988788559809415,0.05791403076652747,0.03417885335589188,0.16861746036878097,0.04346946604885483,0.07742148904449778,0.13466384660554645,0.10382627727665562,0.13623065997473624,0.02985836832775364,0.05015601732977037,0.033730868086303864,0.03509525358393242,0.07537694338519882,0.08638282429856033,0.052484643943664144,0.03707914918662191,0.043373165992781106,0.028449475636602814,0.04531427858773456,0.030381531840508343,0.08327901153990265,0.06119101206725249,0.10761783232211562,0.03674991275827387,0.055115790027632255,0.056647346543209694,0.019039501090873552,0.031453979812654596,0.02952166762621984,0.038423568323924386,0.07268619027030092,0.13064462430400867,0.0902249181985727,0.038154623891949895,0.0340884708754778,0.17844554507245888,0.05287544706468493,0.04831074573496453,0.03743055113878832,0.046819626546257556,0.09596481734690133,0.02591038786722817,0.02505142394480826,0.062216077380151946,0.1024560180692661,0.032652665091005714,0.02487102381639303,0.023194971948717655,0.0719502664830159,0.04494621687929228,0.06811334376292266,0.04460427411899068,0.04085005435456611,0.024611010260296048,0.029812007053702985,0.0614987181836888,0.07505445790093519,0.029982609905715017,0.04327670981300584,0.062052783079686376,0.02899967553652849,0.027453809021806413,0.055591351502813226,0.1182439990606085,0.06355144827370417,0.023092715967865152,0.030854117848794178,0.07369419303537701,0.02629602532364513,0.0283347007959117,0.10395397135961872,0.057797333573113154,0.053263249098547044,0.02639666220050192,0.09621139339858241,0.07305368122762064,0.02095340274654586,0.06326901824199893,0.06058023427772128,0.1258705155360535,0.029703970496165678,0.06685718858587408,0.05069314058399894,0.06254904156544287
86,0.026074548046309827,0.05358893438497783,0.05777617850505806,0.0336117070262522,0.09325533631214415,0.11342615033262081,0.07500670988836344,0.11026126103220547,0.03754345565171931,0.030004372035571252,0.040418295665204204,0.10642518080065101,0.050682449561506464,0.04963034648205284,0.03512796149255682,0.22279948042345998,0.042625408552341024,0.13311596989534344,0.03232866691310176,0.03474994805769654,0.1356414061452597,0.028914721794912866,0.06668479953589088,0.046594065364594456,0.1386484617889754,0.05656418367174141,0.06441490604768571,0.09260115937710738,0.15192994083447384,0.03514477832111074,0.03242342618067384,0.06563581431237434,0.11177789931971342,0.028925522881421948,0.06391009913745309,0.10588692757898018,0.06364369210974767,0.03312925366961043,0.028434958285508547,0.03536256908708799,0.0735101590812656,0.03165614767535744,0.04170487824459645,0.033946257295260934,0.08848561169864688,0.06724110205506703,0.034221410608952035,0.08746403833142921,0.03465899590311241,0.05516795651756985,0.13095242604299218,0.03446026364828791,0.12463459369521578,0.02684649898220543,0.03180215991401503,0.03581831926505858,0.14092385686685535,0.04491049925308496,0.035514457467447136,0.06617325629433482,0.07228939287643514,0.06432723259765989,0.07412177046469032,0.10222743557828701,0.03507758987823268,0.05487399731147835,0.05339048192771382,0.13698526040207637,0.19197606363736008,0.05001682065965113,0.05798639384223936,0.02580436651877681,0.06527552642929596,0.16074966976409885,0.05170623513501117,0.03412041876332776,0.1171184032498741,0.03438146959326403,0.05792130561074086,0.2324219128590158,0.03076974873068861,0.041835993933331046,0.032182800457207644,0.030754927989595438,0.04296229154973659,0.04375301819533521,0.09429776680433924,0.03151200375783856,0.049318269225955294,0.058861019112333025,0.046640671157443,0.04815229194949781,0.062351717310890974,0.026002453473487324,0.08364291100527452,0.05334936745588407,0.05406050159223875,0.09365981701373385,0.05076353665905902,0.03270619717593279
87,0.15906992095521139,0.06621160080066064,0.06370395808233979,0.12152114261362375,0.07365254056054066,0.08469548605891586,0.02629746449303855,0.05339901236568175,0.055503466876571914,0.05758565066311153,0.18268984218610795,0.15641934760453247,0.03249231585505132,0.12766749797887444,0.11799626994265165,0.07898684785208139,0.13591294939815338,0.09202772164164016,0.07625355946481024,0.13769375073738602,0.08701143775704133,0.029204674045300028,0.040960211935464334,0.08370772263087962,0.04358771308880481,0.14180090766569256,0.06288961424958206,0.05153313492855241,0.1392419578235272,0.13577824978603126,0.12996707087887216,0.12034262241371636,0.08493220553199983,0.07747051311783705,0.023137628804607895,0.034357607806801624,0.07711436934897647,0.04058868547943364,0.13048622698500228,0.05743141098746373,0.06702935856660637,0.0743592163999757,0.0346508028991278,0.0675593825008628,0.05175746591906594,0.0555526693723086,0.05932935212722568,0.17386430704779363,0.17198492443234675,0.06512646864217003,0.036350703831952096,0.08226399629875818,0.11878554273911586,0.0650740716373945,0.050933132991149634,0.03352101308800893,0.15043729719219182,0.09549645984508143,0.030421278169095893,0.09462485840832956,0.16006895370268218,0.026122707655535485,0.0491390285939832,0.12516513576456206,0.04813091416169052,0.05878047028284578,0.18197241048936566,0.14671982815851897,0.03768602742340226,0.037843272644898056,0.03748010018736523,0.08873550806662621,0.1031869947991016,0.21630839690113013,0.10910089291416544,0.21291634078556076,0.11335134869599854,0.030523198816313074,0.10495072245021218,0.049053060330045764,0.07304907885968212,0.147325569393001,0.11773857428887428,0.04830391892907473,0.0374542083389857,0.07247297660447546,0.06029735958802073,0.1415252200786585,0.1335423366272977,0.08001819750351101,0.16653170823050872,0.0417263563435577,0.06342689077144878,0.06198700946747835,0.07085081385762342,0.026332678008818385,0.09705998246504942,0.04366026182142683,0.03605950298677176,0.0333809657773659
88,0.13113663501890296,0.09108618471862288,0.033993100923816265,0.059837005275688374,0.1371868733679346,0.11254242953003477,0.03413119637492107,0.05447455895698441,0.032686269559956516,0.034892645602703685,0.04396438593076642,0.06159238917231069,0.09353203521537436,0.10937089304600672,0.06423986926459414,0.08099733223840119,0.13827092498996038,0.024798533830365486,0.06134269569592033,0.10291231098383624,0.0518739015547248,0.09860247351008655,0.06775259237573983,0.09844683215736887,0.0327767148038938,0.0950741658057509,0.09850338574977277,0.06577084653421691,0.09728059871448479,0.037180389064098394,0.03725613191428281,0.08508786622160458,0.05359234520761258,0.04336805627300746,0.0426789384025212,0.0390822711381201,0.034107909922754476,0.034692141346794644,0.061674416626023965,0.03943042269944072,0.06447127688263715,0.05533920439868954,0.03405835791305814,0.021667709301173062,0.05712678717700967,0.03680973343725474,0.043809671195770096,0.07131161647944892,0.0727736635795583,0.03940446956792386,0.10635337340539268,0.0937071955468672,0.0430800742153006,0.12656681474730958,0.05152922707508144,0.03546142384320927,0.1487446911883528,0.1921025579468418,0.07598244260077297,0.029466435245461522,0.036405832726896445,0.06313388945174189,0.028111574303054315,0.09417843746811365,0.0766699702053006,0.03764516313130137,0.10719637418330705,0.037783004169539974,0.036457237140848066,0.05472818594925955,0.02717439443025889,0.08379296443540284,0.038783582553646015,0.16469619569454275,0.035804838234995626,0.033810783240574634,0.04215868572671066,0.05892680662981658,0.03879623252525571,0.026135837634511765,0.10772718693780185,0.05471316634732946,0.040847755109485316,0.15282813953256824,0.06180078893414261,0.11642022101455533,0.044616210302027635,0.038679064130127484,0.11955132316795773,0.05003317432200822,0.020044505764707902,0.058118205805770075,0.03129243775411437,0.04891025938409581,0.11892445082796123,0.06687909941999143,0.05414538637601805,0.07430288689438533,0.052971253888767875,0.05067043115157188
89,0.12373007930278151,0.05298851023861056,0.04212885417785694,0.10906355270382752,0.08318022252362271,0.03837034875819186,0.06267108477026041,0.03659863716016379,0.09063985443368389,0.04236391007851153,0.0672328489095077,0.06021767393592337,0.024266452898948535,0.06295744756086843,0.07519039669852716,0.03479832402403875,0.15970231107807303,0.03356743684692506,0.11317567361863179,0.03736181041188816,0.03165283628718659,0.06826570819832295,0.09472772976847046,0.041734557784400064,0.0714948394126526,0.05061043246287797,0.05307461948315763,0.10190238702313721,0.0293571509114257,0.08266294306091118,0.06479076490680477,0.03491640906893933,0.04464945036220081,0.08409029007596562,0.02567022840946892,0.03409801158792251,0.03461248574057723,0.1285699548874604,0.05464350299543121,0.033417900455827786,0.03212506425027244,0.12394153161001228,0.055661009113502816,0.11923709258493614,0.05328599375651369,0.04018342950475339,0.06135982050852013,0.036979650249715584,0.03517383225271186,0.041461889056119416,0.06508456352955297,0.11447136767909495,0.07408219128434715,0.029330455462501917,0.06886701689115247,0.054096743845513204,0.03212114162352278,0.10746349662727019,0.03328629733438943,0.09590826205670737,0.07784654366671659,0.04633340556793599,0.03255181573889322,0.029855637944232127,0.057169394564632645,0.03443696302104732,0.06672281645252041,0.038487604846205385,0.10051727176140501,0.043182031259806374,0.05990496758816318,0.047193195661781734,0.030240653128970913,0.03371143475026454,0.027880292069166975,0.027763371955229696,0.05221145433320322,0.05264442520630785,0.03699513306370121,0.06978499679326815,0.043361833250698756,0.06250354092071127,0.0673413520490218,0.1008521254958824,0.07850161915905188,0.05708555538640792,0.035089074585431146,0.050353157241390556,0.04199880557030277,0.052730701543320956,0.03363299133159976,0.05615335911363229,0.03807034748317144,0.10097577131320805,0.07516246658183316,0.05492428285143549,0.04792654003395881,0.052458495477517915,0.07706695176441902,0.1370373928031943
90,0.10619047349805413,0.03641292578350053,0.03778294502467868,0.042797838129788046,0.06613531426522938,0.09399359589436755,0.04083011130188085,0.05728762767076782,0.0553106913310438,0.12925531834702658,0.09149544149220692,0.034375376056743324,0.027923577273477097,0.06178873148756142,0.027741585295242753,0.12616557680132554,0.05388200931256387,0.03686787087678191,0.04489803311516427,0.03877400793625389,0.03818371593311742,0.023958033639245445,0.07346241482195283,0.13511122394184322,0.06158206734727081,0.09989341641362594,0.052224034760305585,0.04299643006282655,0.03496599060109757,0.0431785879564482,0.049822617101583144,0.07846119530056284,0.09509890740752208,0.032596918055907656,0.0682721329935121,0.07757183203753192,0.03621068264628502,0.1002351717753976,0.10426470195584636,0.11098803575466246,0.03765230177841241,0.03540161089232985,0.1036301626172172,0.0769297034448391,0.12147278805044875,0.1015178192747589,0.06220704053963357,0.04541489825782794,0.04874954618724796,0.07061482297204083,0.09016809699925997,0.02350932734135502,0.1057606602965762,0.04074247362540069,0.03138168169743058,0.055124511284588326,0.06837823528335212,0.023522557182057355,0.04608050393275838,0.06983503411388074,0.041748211486257715,0.040883672403299216,0.05536829073107828,0.058869580800289305,0.06293528915869505,0.06331658106845205,0.03346445386287913,0.04761968593586081,0.03961854741718507,0.07166496328530579,0.028187976991400316,0.022753006467474274,0.12273552046427691,0.12830899811525154,0.030878947169907526,0.08023361747805377,0.11691519613971044,0.037363228178930806,0.056942283501203,0.03636204373608074,0.04579820416663437,0.14814929175076882,0.036440845816084685,0.07363948595116404,0.07690793596323453,0.0798786003886344,0.14640605771332826,0.056667389471260904,0.04840459714855104,0.03529560115567539,0.13862102366403306,0.047311866377461265,0.04649389250160341,0.04742930080990397,0.028897580599136986,0.10592420860990512,0.0729770188041544,0.05671852697843357,0.13781006621665148,0.04390373145104884
91,0.03826216310643569,0.029185132890465922,0.04129398290115836,0.06077137182125379,0.0710391891693442,0.037492398266563316,0.07249927395713941,0.10137923521060287,0.0351332212440575,0.12857711541396402,0.02968603000029903,0.0736287111642392,0.04322887184026599,0.045418279609581474,0.02882917800025631,0.05103777846303606,0.06576275656781659,0.120007781739593,0.042491017428316395,0.08493506420464352,0.03972776751262185,0.07045565500237619,0.1101901134580521,0.10654011342724086,0.0407237406668781,0.031249332831295242,0.03754864024220659,0.0719413566894604,0.0820953462391803,0.044410314355559546,0.06775368132001919,0.034810790728104966,0.13762803766808507,0.041639433275626955,0.026707345910742655,0.09885346430347865,0.03158534144408635,0.037786050666662054,0.05313183180198453,0.2004702301464992,0.04413230924049812,0.05475115368434595,0.0863761227685544,0.08126095299153578,0.09049356819697986,0.11085447264396694,0.12009337178083843,0.03618172880168082,0.06517093859392985,0.09348771409265162,0.18108682559346864,0.046884839284944406,0.04924874154705196,0.03472180825473729,0.044313688143144,0.06104695717320694,0.0791375615873927,0.0723650307162195,0.026903894806483114,0.05181920369433364,0.03326581095772431,0.05837388630814847,0.13375015315629749,0.040011431979388674,0.07568282782296187,0.06336651112249002,0.06969372216923399,0.05213457552764196,0.03139519953446369,0.03768559004726685,0.034526254427873965,0.026037159300084198,0.05640490035085106,0.1201403450593124,0.0382148630258613,0.09410873049671718,0.03789020283164356,0.05306115082433247,0.04901287448819275,0.026522238727656248,0.07039938311231685,0.07811981369909941,0.036621450495174915,0.07022597366187998,0.1384125151155367,0.09255055965100788,0.03775178316294276,0.031054104970996553,0.03802745992411857,0.16808038945757217,0.03303355443857804,0.07967188775606124,0.10480035602572232,0.08633642538655531,0.0479495067969832,0.046114095220610496,0.0358947020735445,0.1283450093276174,0.07703391079272746,0.0706070276217428
92,0.05911529677321729,0.03339553988291245,0.03431073838277432,0.06788607150838305,0.03707042371135092,0.051352184081593276,0.05208804069274269,0.04586694496233816,0.11227282874339667,0.08530663564480889,0.030908516544073426,0.06974772317610618,0.0934040531560139,0.0741131552423924,0.05275917064964797,0.09808980571143484,0.07219311260584883,0.06831013630009275,0.038179709826185605,0.04959853886715764,0.027087540324695927,0.08082093306628456,0.06610395962070915,0.05955864873804041,0.0737824240689694,0.06746432594409778,0.0961942501085914,0.0922841717683077,0.09455690975595535,0.07609517047278355,0.032338245804426465,0.09747225896019913,0.0685629869443007,0.04507534310757343,0.04469090378893619,0.13154326263742022,0.07468611315087144,0.03847268427100996,0.1346783462219725,0.03299125238808442,0.12894609848881702,0.06404234974488819,0.051404924197149884,0.04932724389222646,0.04039194083164528,0.03469637208352197,0.0570966923356271,0.04104677497644601,0.04024719605975777,0.05639500598131076,0.037804189036530565,0.09656481718413822,0.10784095058223342,0.037425337447316805,0.070902239133629,0.09730392262674505,0.04269341775360617,0.03940998983573861,0.035595921638941964,0.028778324395759565,0.03319959754890813,0.037886988908634636,0.047475157866471496,0.09089638892389318,0.05648058129661699,0.11561745873679312,0.09280635495285951,0.04238928143551365,0.047357135558409987,0.06709124690379858,0.11650508936404283,0.091431414225143,0.05637606825178632,0.0846212521001344,0.06672527534297489,0.037539762485458615,0.04077966704256785,0.139559559862066,0.06729384654503102,0.058483869041822276,0.0364366306568531,0.056407244729528246,0.045573966476935936,0.031266406352248845,0.06170736541061997,0.052333816979905606,0.08772236573451153,0.05907334639823849,0.0401279378365197,0.06306051057215188,0.031204243816611778,0.0736881786488388,0.07275994771636381,0.10445975866708489,0.05048142371405532,0.04234587294481152,0.03558904993356924,0.05547002686551718,0.05463123537068812,0.06739615009200882
93,0.044017779624134674,0.053823139998421005,0.050304076159381865,0.08088104267448484,0.03573499092833948,0.040135242418168585,0.03337161604325202,0.04438002478063195,0.03647757699739365,0.04887423879944942,0.02889867773960224,0.12434546457584557,0.0774194646505508,0.08088700058382765,0.04414985315673572,0.07250479670973466,0.08685613636577134,0.1256078132494329,0.04225013910494599,0.05129894275452221,0.03518949328274785,0.03617120125790248,0.21739455831429452,0.044196410016779965,0.04463305265631186,0.030154690184313885,0.04714707782206342,0.050261030585253476,0.06931658505695125,0.05293042997156137,0.050314251267071015,0.06498628613462065,0.053092244322111154,0.04054351744937508,0.0556402419050843,0.04197074469868681,0.0652979946782375,0.04952288957719905,0.07129275242106503,0.05816019683670698,0.030984754609703603,0.06982669774312535,0.04458757174814422,0.06740331619306296,0.06388362847103113,0.06710379496067626,0.03928778349756246,0.028568999065305422,0.05406531201931097,0.060538873561955725,0.03464133362323754,0.036785429308265095,0.07454614780637858,0.03538572102313091,0.05414075263601258,0.02757160258142061,0.05054251124805321,0.07051351876093166,0.04293859984237471,0.09503972724873987,0.04384170609839081,0.10782427655399693,0.03397748121544287,0.04247058369220927,0.03242798857712742,0.0462860993962037,0.0411380572510413,0.08186302249942932,0.06483364663721708,0.0451231594306474,0.07240962382470664,0.0393792854771727,0.07327125723500902,0.03008323596505057,0.04111325320851452,0.03235866454025496,0.058606897197053476,0.10041345238405128,0.023982041142334397,0.03517520576674022,0.03468699664239309,0.11243391947576879,0.0779030175466963,0.07057794607391091,0.03018885083403912,0.07321723532012686,0.02466999348839542,0.05731102593545637,0.08736199094484062,0.049046576145336654,0.04805272111113341,0.03323617105817866,0.09990128007633077,0.04485113794964724,0.05651547824131714,0.13552596784017773,0.12474957382594011,0.1391698677196644,0.05785544930906733,0.051307235460766557
94,0.1724879763270818,0.0544069332081303,0.04510030478203895,0.1271694334929768,0.0385234568784929,0.04476506051607932,0.03138564245763814,0.03495428549215348,0.038422884662277924,0.033471777212058976,0.023810906523964285,0.06916282135700293,0.06769150892153328,0.10156159789397505,0.07803784790647915,0.055990820329916716,0.048795644129073334,0.060025841539226396,0.07375905800216863,0.10249695048808312,0.031208104482760513,0.09748829834727779,0.05227785364410944,0.07443827521386845,0.06000827726803382,0.0375667941189295,0.05854446933317209,0.07759570341490309,0.07831911786398858,0.05690922198990144,0.06885697914524488,0.081669617134551,0.05129552006422915,0.041398440336939284,0.04300122833918577,0.050131958912904236,0.13111925157883145,0.06692263046140919,0.09972434858786101,0.07437112919351763,0.08248174302769162,0.06474242738045106,0.07478859755343766,0.03591912723761794,0.06703281449290788,0.05353400384901938,0.047746189426563675,0.03020741483615235,0.07117251823292141,0.04999598501238716,0.047684625536947134,0.04664526951985791,0.05972803980977312,0.07487903943068033,0.09880888376588265,0.03368517352741939,0.0695421732112598,0.02969228574695952,0.0548224321564458,0.02939649134956878,0.10812192925744454,0.05182138358735942,0.09332958126486657,0.03518353714936156,0.04259466743611972,0.05458663043889537,0.052926746990780364,0.08467371820488757,0.050332999970733976,0.04837186739108169,0.08954866689654145,0.05921902022044927,0.045960495228813375,0.16577857844400615,0.09988548439711974,0.04186292178954225,0.05894001173000549,0.05878619010139548,0.026990511689077644,0.04698621782809021,0.06093208305106066,0.06222664099151944,0.13925208249917423,0.03228082316006343,0.06339314317310846,0.0315235562195895,0.03147188335763369,0.05145958905263155,0.02576689417474576,0.04446637618947808,0.05677587129693086,0.06216368962414507,0.06719650249811988,0.11483683393694093,0.06243681331721028,0.06504818985642469,0.08527206850119108,0.0656361173275612,0.03852098718449646,0.05584865927154278
95,0.06615199204789805,0.06812346522182525,0.0882864990601638,0.059693644622396604,0.08794056998453637,0.029040091763569968,0.042092235683966105,0.044086422853367696,0.031934981030780026,0.03074993701847877,0.05388764566790662,0.05581127563407463,0.08489955113751718,0.05437528409314423,0.07845918257222895,0.03567918860230978,0.037027527931525896,0.039728985191581245,0.029776156447239008,0.041906771872834446,0.05870093348974505,0.04109223927444515,0.04888641392741506,0.048576281342987485,0.07617994013745036,0.032451174466693204,0.06952794642227525,0.08988553024186252,0.10826549404350573,0.04800255854945472,0.06186859735480444,0.04204354399890007,0.03686339213594981,0.03674851538572696,0.028176180269827183,0.029934083950075432,0.04406528010303672,0.13256160877817957,0.04297152886554079,0.029248210908054476,0.04448188860507497,0.07837570301450447,0.03076042329105431,0.0311016283225075,0.07588982135396419,0.08369363821597584,0.05647661486242399,0.13081650605339773,0.057910704094390995,0.05012024331480388,0.07548230883841092,0.10588775752671169,0.11719701371932545,0.03985165338610335,0.06972245880691677,0.05620226560246349,0.028302692155429594,0.07150511936431189,0.04275070189655295,0.0762722494408612,0.03827306742455475,0.04726021031115464,0.05888027426223451,0.14578126337377367,0.0638278345665966,0.10542779132583002,0.040406251730425356,0.03321334418947055,0.0627637728204333,0.044578297610873716,0.09081604108192015,0.058976394025818314,0.0533838630991481,0.12854898872157663,0.035109671163773976,0.065721978651254,0.10049576244426707,0.039813211813977366,0.04096314805263166,0.07030576638163952,0.04175201854565705,0.04468310682327184,0.03770175027845109,0.12264358239447443,0.07305858876726468,0.04276810198135307,0.03459327317850676,0.047954565747274025,0.1645401462249185,0.04532521058074484,0.05037278759544487,0.07507998797091515,0.029781571507040715,0.10323718389077005,0.02492653037757713,0.056096812937416654,0.04918985372997086,0.032981362639688414,0.0920046424436675,0.04623196620258683
96,0.04633150140749662,0.0356941385534146,0.07030751605256501,0.05108716399741293,0.059992639855416655,0.03455486465302708,0.047720217710457605,0.08526432560215744,0.03581503981204742,0.04082993534693365,0.06387793241447697,0.03456580686520963,0.039142989569688195,0.0743651637670141,0.040786471211737986,0.12833925076334063,0.06358611841647152,0.0510249680047503,0.05780777048037957,0.06388326787835277,0.03288099356763694,0.224534225997878,0.05864315578324659,0.07840773878951483,0.0967529452964278,0.07243321380691707,0.06291406264951989,0.026781801416698003,0.05425492719969913,0.055165774154669715,0.06115753139876816,0.05653253100192951,0.0990203682611651,0.08164238450363837,0.048864418173113267,0.06570972651871886,0.05405674340498449,0.050709659764483994,0.05784794321311128,0.08925655435752286,0.02903447490918418,0.04690811719486843,0.03516371708639606,0.029503017482975093,0.02896770024052682,0.10665416472184114,0.12984325602479585,0.03291733168445909,0.05183254675941397,0.0999617760092802,0.0817453878580399,0.046569506989864666,0.06067131585886166,0.09160722446512473,0.04008521903042366,0.04992372286233853,0.08173114222945321,0.03896045042303372,0.051226938826439916,0.06894038083171324,0.0341740246879187,0.12187287657683593,0.09702147166620728,0.07390312246437339,0.06507583585725264,0.04941205030552945,0.07309613123606727,0.05484139850329299,0.06258020718019315,0.0738706180087565,0.051594074439439586,0.07036051774062439,0.10261156087328852,0.09210949525591157,0.03911241639282017,0.09064460439307694,0.05527146069780882,0.028940383807634036,0.03134723133284662,0.05601251591569253,0.06837720424377831,0.13670779926493265,0.05657054918254163,0.04551594874046636,0.04046797985948589,0.08318625251412634,0.03254591649425441,0.0895132128918344,0.06449698462034305,0.11643721181254572,0.03845555697713769,0.2001858126247326,0.04567031746057409,0.048072072941140104,0.06909421963566999,0.0569752650874693,0.0920688134909068,0.05968863005748418,0.050808657234929645,0.08435576504530443
97,0.0669396561185218,0.027446665480177924,0.03346497356250731,0.06007260946083031,0.0321789546735086,0.0411163371932044,0.06587808900927292,0.0455333358254055,0.038494578821083585,0.04146454749205713,0.06539045565203544,0.05541770009089689,0.05054121417537421,0.11326112071652888,0.06921829024516923,0.036466649476231176,0.1496835165211568,0.06253015235309137,0.041975828183386805,0.06809751767983824,0.08777300430338358,0.03921730932938379,0.0485973640875456,0.05225393286985735,0.06289004558512212,0.07950984514523851,0.0543823807824853,0.05966493124947086,0.08175399731492528,0.10856390101387897,0.06158496894213446,0.04779367843201579,0.042519187263654876,0.1022556441163002,0.03382493842660371,0.04470393639428848,0.05874329268568308,0.05650220608390664,0.06299876583470242,0.039629437955010276,0.1093704622605632,0.07949877436721207,0.05396860763311045,0.046727754114723886,0.11648356588828032,0.08218435348656362,0.06881166385468034,0.11637618703399186,0.11981094670861803,0.039180585613686876,0.03217399066384338,0.0900145237436117,0.04906508063349492,0.05164429323735781,0.057141951681717935,0.02853225053226459,0.04192572634010336,0.054612379862777435,0.05425510926439077,0.04383614761174023,0.033766402719048516,0.12280119260974137,0.05409794800653799,0.0431845364343925,0.050351452075826406,0.09711720357596533,0.04290230883178706,0.04826546641035019,0.043168744139433855,0.09875883442451985,0.050758454080322174,0.10108265497150286,0.122986497622479,0.081369463697305,0.06542544022989295,0.03255911392788614,0.03489027039215845,0.051399880854976564,0.04224919987049189,0.08391828681138003,0.07735689901730668,0.040830256229854284,0.08117226542903665,0.040592862334806835,0.05142619885403768,0.03393099932125123,0.07418518505616137,0.05177666198388879,0.05316939373237611,0.04836701460264563,0.1185177049897094,0.05423422480656488,0.03206217240632495,0.05424913382370024,0.035716521730905934,0.05181560732300827,0.10339530412214318,0.05794515482600298,0.1051445208530496,0.032573203078922384
98,0.07362233600513084,0.03608171137099779,0.05067502608910919,0.10160076884927559,0.05291233744577384,0.04146464473895808,0.05302198050930024,0.03604790365377412,0.032174886125728705,0.10039591685458796,0.04866052341792367,0.07133738099642097,0.03141517207408804,0.03679571585038203,0.03608761543818946,0.07151311316588779,0.06075662075852683,0.07026022285345443,0.05775281029454991,0.08076616214660633,0.07547599421983597,0.10026340556097549,0.04247422319844026,0.033231416207474815,0.037724185073069245,0.04241401942998107,0.1576394706599394,0.11845281820054065,0.03828804419563467,0.05430731873404599,0.036672346029384975,0.065711520586446,0.059845311875832724,0.04055378415469484,0.04138083756781361,0.06126286649025769,0.07431761398201703,0.07088501367449518,0.07802094723335116,0.042791819297540896,0.08635759821616144,0.0676412365618433,0.036240994681886476,0.041459083179070454,0.0474559389229083,0.05380547266831574,0.06885823413446797,0.03603112202912283,0.11251210420611332,0.04642691465176135,0.06815824333808417,0.055468133619531824,0.03199609351463777,0.060066929645387755,0.07147487786286531,0.05689075640147433,0.036565462154779134,0.06815440875626204,0.06013273455160607,0.07189023765867278,0.14335297203952607,0.09121507900097205,0.04412547275884046,0.03517858465174804,0.03734099464157923,0.07547253446218838,0.15113550407245943,0.03249654017971208,0.041982253850384114,0.05223856134634632,0.07239744775126988,0.028112185922473776,0.06769748695999074,0.17514456689462407,0.036105577084128114,0.08978833347738015,0.1415395167160211,0.0883414192563643,0.07352055977714309,0.06843430584011496,0.06541104924097345,0.07011642738932902,0.031861282166773953,0.03450430024737679,0.04278033108337677,0.04048463959201075,0.09105660309173176,0.035154225693560616,0.06304542541479594,0.05025910829303905,0.06098454508996046,0.030635683224280817,0.13048959753787354,0.05569061203214074,0.11393976233124141,0.03452302417507487,0.08482005449168635,0.04714716038356414,0.1130700388635102,0.036290188547443494
99,0.04657723446787033,0.03439322400534724,0.05717831104398227,0.03940430934794081,0.038636231866405975,0.17062086185449374,0.09539783148005418,0.0915400938829264,0.10964490450436364,0.04490807347390862,0.044171459503186766,0.13411178482963387,0.038925285364412344,0.12244267425377471,0.10875029581820343,0.04964148548301294,0.0465625723682815,0.059592657177390575,0.03927118092137179,0.036886639253827375,0.062207649508373514,0.04563909924777686,0.054909221026063125,0.05466483308476067,0.07420250800818833,0.05008962567033415,0.037515301581619975,0.11110872071199085,0.12623997619652408,0.076974198735954,0.05661048052992568,0.08053940128147531,0.045045731572781696,0.043972643897998466,0.04812917640412249,0.044206467766330096,0.05559908202910554,0.05550387056464811,0.08122828072051022,0.057332285784919786,0.03460414041921068,0.05213498170217883,0.040975482488789426,0.0523871767795513,0.0651919190812718,0.039344687869529694,0.05739892738063073,0.05454822866725137,0.04081858623031997,0.07167718747688587,0.035767596791053305,0.037314090528204134,0.03962696310381051,0.03652755349173336,0.04628714867757006,0.07166024029550833,0.09786957404618518,0.07640238057267766,0.06323920089520634,0.05972571762369942,0.0339798735430818,0.049147608188168025,0.04420011046181744,0.12703307971599076,0.13678237238458937,0.041081861018930105,0.04321880474473518,0.19393106666335425,0.13749245551222217,0.053831716575317164,0.03403583169457786,0.03961668226400525,0.04161616171409838,0.04887800033196933,0.05197930660866817,0.05481367360802102,0.0777997097652277,0.048712668341722665,0.06121992420673219,0.0254828163046265,0.0551459604304212,0.052095977601951254,0.03903906856076099,0.05808534860959766,0.06821425582142088,0.13454014301278192,0.03445969360850924,0.06312272736932227,0.07618175022618033,0.07879580239033052,0.07628438890892084,0.1104359728947465,0.039056503537961314,0.06887835362253393,0.07687034378917289,0.11833249719169875,0.0289429347554283,0.06432658919679946,0.07993395486949462,0.045775612292762516
